<?xml version="1.0" encoding="UTF-8"?><StructureDefinition xmlns="http://hl7.org/fhir"><id value="access-diagnosticreport-gen-pat"/><text><status value="generated"/><div xmlns="http://www.w3.org/1999/xhtml"><table border="0" cellpadding="0" cellspacing="0" style="border: 0px #F0F0F0 solid; font-size: 11px; font-family: verdana; vertical-align: top;"><tr style="border: 1px #F0F0F0 solid; font-size: 11px; font-family: verdana; vertical-align: top;"><th style="vertical-align: top; text-align : left; background-color: white; border: 0px #F0F0F0 solid; padding:0px 4px 0px 4px" class="hierarchy"><a href="http://hl7.org/fhir/R4/formats.html#table" title="The logical name of the element">Name</a></th><th style="vertical-align: top; text-align : left; background-color: white; border: 0px #F0F0F0 solid; padding:0px 4px 0px 4px" class="hierarchy"><a href="http://hl7.org/fhir/R4/formats.html#table" title="Information about the use of the element">Flags</a></th><th style="vertical-align: top; text-align : left; background-color: white; border: 0px #F0F0F0 solid; padding:0px 4px 0px 4px" class="hierarchy"><a href="http://hl7.org/fhir/R4/formats.html#table" title="Minimum and Maximum # of times the the element can appear in the instance">Card.</a></th><th style="width: 100px" class="hierarchy"><a href="http://hl7.org/fhir/R4/formats.html#table" title="Reference to the type of the element">Type</a></th><th style="vertical-align: top; text-align : left; background-color: white; border: 0px #F0F0F0 solid; padding:0px 4px 0px 4px" class="hierarchy"><a href="http://hl7.org/fhir/R4/formats.html#table" title="Additional information about the element">Description &amp; Constraints</a><span style="float: right"><a href="http://hl7.org/fhir/R4/formats.html#table" title="Legend for this format"><img src="http://hl7.org/fhir/R4/help16.png" alt="doco" style="background-color: inherit"/></a></span></th></tr><tr style="border: 0px #F0F0F0 solid; padding:0px; vertical-align: top; background-color: white;"><td style="vertical-align: top; text-align : left; background-color: white; border: 0px #F0F0F0 solid; padding:0px 4px 0px 4px; white-space: nowrap; background-image: url(tbl_bck1.png)" class="hierarchy"><img src="tbl_spacer.png" alt="." style="background-color: inherit" class="hierarchy"/><img src="icon_element.gif" alt="." style="background-color: white; background-color: inherit" title="Element" class="hierarchy"/> <a href="{{[id]}}-definitions.html#DiagnosticReport" title="Expected requirements for the DiagnosticReport resource when reflecting general lab result data based on existing source mappings.">DiagnosticReport</a><a name="DiagnosticReport"> </a></td><td style="vertical-align: top; text-align : left; background-color: white; border: 0px #F0F0F0 solid; padding:0px 4px 0px 4px" class="hierarchy"/><td style="vertical-align: top; text-align : left; background-color: white; border: 0px #F0F0F0 solid; padding:0px 4px 0px 4px" class="hierarchy"/><td style="vertical-align: top; text-align : left; background-color: white; border: 0px #F0F0F0 solid; padding:0px 4px 0px 4px" class="hierarchy"/><td style="vertical-align: top; text-align : left; background-color: white; border: 0px #F0F0F0 solid; padding:0px 4px 0px 4px" class="hierarchy">A Diagnostic report - a combination of request information, atomic results, images, interpretation, as well as formatted reports</td></tr>
<tr style="border: 0px #F0F0F0 solid; padding:0px; vertical-align: top; background-color: white;"><td style="vertical-align: top; text-align : left; background-color: white; border: 0px #F0F0F0 solid; padding:0px 4px 0px 4px; white-space: nowrap; background-image: url(tbl_bck10.png)" class="hierarchy"><img src="tbl_spacer.png" alt="." style="background-color: inherit" class="hierarchy"/><img src="tbl_vjoin.png" alt="." style="background-color: inherit" class="hierarchy"/><img src="icon_datatype.gif" alt="." style="background-color: white; background-color: inherit" title="Data Type" class="hierarchy"/> <a href="{{[id]}}-definitions.html#DiagnosticReport.identifier">identifier</a><a name="DiagnosticReport.identifier"> </a></td><td style="vertical-align: top; text-align : left; background-color: white; border: 0px #F0F0F0 solid; padding:0px 4px 0px 4px" class="hierarchy"/><td style="vertical-align: top; text-align : left; background-color: white; border: 0px #F0F0F0 solid; padding:0px 4px 0px 4px" class="hierarchy"/><td style="vertical-align: top; text-align : left; background-color: white; border: 0px #F0F0F0 solid; padding:0px 4px 0px 4px" class="hierarchy"><a href="http://hl7.org/fhir/R4/datatypes.html#Identifier">Identifier</a></td><td style="vertical-align: top; text-align : left; background-color: white; border: 0px #F0F0F0 solid; padding:0px 4px 0px 4px" class="hierarchy">Business identifier for report</td></tr>
<tr style="border: 0px #F0F0F0 solid; padding:0px; vertical-align: top; background-color: white;"><td style="vertical-align: top; text-align : left; background-color: white; border: 0px #F0F0F0 solid; padding:0px 4px 0px 4px; white-space: nowrap; background-image: url(tbl_bck10.png)" class="hierarchy"><img src="tbl_spacer.png" alt="." style="background-color: inherit" class="hierarchy"/><img src="tbl_vjoin.png" alt="." style="background-color: inherit" class="hierarchy"/><img src="icon_primitive.png" alt="." style="background-color: white; background-color: inherit" title="Primitive Data Type" class="hierarchy"/> <a href="{{[id]}}-definitions.html#DiagnosticReport.status">status</a><a name="DiagnosticReport.status"> </a></td><td style="vertical-align: top; text-align : left; background-color: white; border: 0px #F0F0F0 solid; padding:0px 4px 0px 4px" class="hierarchy"><span style="padding-left: 3px; padding-right: 3px; color: white; background-color: red" title="This element must be supported">S</span></td><td style="vertical-align: top; text-align : left; background-color: white; border: 0px #F0F0F0 solid; padding:0px 4px 0px 4px" class="hierarchy"/><td style="vertical-align: top; text-align : left; background-color: white; border: 0px #F0F0F0 solid; padding:0px 4px 0px 4px" class="hierarchy"><a href="http://hl7.org/fhir/R4/datatypes.html#code">code</a></td><td style="vertical-align: top; text-align : left; background-color: white; border: 0px #F0F0F0 solid; padding:0px 4px 0px 4px" class="hierarchy">registered | partial | preliminary | final +<br/><span style="font-weight:bold">Binding: </span><a href="http://hl7.org/fhir/R4/valueset-diagnostic-report-status.html">DiagnosticReportStatus</a> (<a href="http://hl7.org/fhir/R4/terminologies.html#required" title="To be conformant, the concept in this element SHALL be from the specified value set.">required</a>)</td></tr>
<tr style="border: 0px #F0F0F0 solid; padding:0px; vertical-align: top; background-color: white;"><td style="vertical-align: top; text-align : left; background-color: white; border: 0px #F0F0F0 solid; padding:0px 4px 0px 4px; white-space: nowrap; background-image: url(tbl_bck13.png)" class="hierarchy"><img src="tbl_spacer.png" alt="." style="background-color: inherit" class="hierarchy"/><img src="tbl_vjoin.png" alt="." style="background-color: inherit" class="hierarchy"/><img src="icon_slice.png" alt="." style="background-color: white; background-color: inherit" title="Slice Definition" class="hierarchy"/> <a style="font-style: italic" href="{{[id]}}-definitions.html#DiagnosticReport.category">category</a><a name="DiagnosticReport.category"> </a></td><td style="vertical-align: top; text-align : left; background-color: white; border: 0px #F0F0F0 solid; padding:0px 4px 0px 4px" class="hierarchy"><span style="padding-left: 3px; padding-right: 3px; color: white; background-color: red; font-style: italic" title="This element must be supported">S</span></td><td style="vertical-align: top; text-align : left; background-color: white; border: 0px #F0F0F0 solid; padding:0px 4px 0px 4px" class="hierarchy"/><td style="vertical-align: top; text-align : left; background-color: white; border: 0px #F0F0F0 solid; padding:0px 4px 0px 4px" class="hierarchy"><a style="font-style: italic" href="http://hl7.org/fhir/R4/datatypes.html#CodeableConcept">CodeableConcept</a></td><td style="vertical-align: top; text-align : left; background-color: white; border: 0px #F0F0F0 solid; padding:0px 4px 0px 4px" class="hierarchy"><span style="font-style: italic">Service Category</span><br style="font-style: italic"/><span style="font-weight:bold; font-style: italic">Slice: </span><span style="font-style: italic">Unordered, Open by value:pattern</span><br style="font-style: italic"/><span style="font-weight:bold; font-style: italic">Binding: </span><a style="font-style: italic" href="http://hl7.org/fhir/R4/valueset-diagnostic-service-sections.html">DiagnosticServiceSectionCodes</a><span style="font-style: italic"> (</span><a style="font-style: italic" href="http://hl7.org/fhir/R4/terminologies.html#example" title="Instances are not expected or even encouraged to draw from the specified value set.  The value set merely provides examples of the types of concepts intended to be included.">example</a><span style="font-style: italic">)</span><br style="font-style: italic"/></td></tr>
<tr style="border: 0px #F0F0F0 solid; padding:0px; vertical-align: top; background-color: white;"><td style="vertical-align: top; text-align : left; background-color: white; border: 0px #F0F0F0 solid; padding:0px 4px 0px 4px; white-space: nowrap; background-image: url(tbl_bck120.png)" class="hierarchy"><img src="tbl_spacer.png" alt="." style="background-color: inherit" class="hierarchy"/><img src="tbl_vline.png" alt="." style="background-color: inherit" class="hierarchy"/><img src="tbl_vjoin_end_slicer.png" alt="." style="background-color: inherit" class="hierarchy"/><img src="icon_datatype.gif" alt="." style="background-color: white; background-color: inherit" title="Data Type" class="hierarchy"/> <a href="{{[id]}}-definitions.html#DiagnosticReport.category.lab">lab</a><a name="DiagnosticReport.category.lab"> </a></td><td style="vertical-align: top; text-align : left; background-color: white; border: 0px #F0F0F0 solid; padding:0px 4px 0px 4px" class="hierarchy"><span style="padding-left: 3px; padding-right: 3px; color: white; background-color: red" title="This element must be supported">S</span></td><td style="vertical-align: top; text-align : left; background-color: white; border: 0px #F0F0F0 solid; padding:0px 4px 0px 4px" class="hierarchy">1..1</td><td style="vertical-align: top; text-align : left; background-color: white; border: 0px #F0F0F0 solid; padding:0px 4px 0px 4px" class="hierarchy"><a href="http://hl7.org/fhir/R4/datatypes.html#CodeableConcept">CodeableConcept</a></td><td style="vertical-align: top; text-align : left; background-color: white; border: 0px #F0F0F0 solid; padding:0px 4px 0px 4px" class="hierarchy"><span style="font-weight:bold">Required Pattern: </span><span style="color: darkgreen">{&quot;coding&quot;:[{&quot;system&quot;:&quot;http://terminology.hl7.org/CodeSystem/v2-0074&quot;,&quot;code&quot;:&quot;LAB&quot;}]}</span></td></tr>
<tr style="border: 0px #F0F0F0 solid; padding:0px; vertical-align: top; background-color: white;"><td style="vertical-align: top; text-align : left; background-color: white; border: 0px #F0F0F0 solid; padding:0px 4px 0px 4px; white-space: nowrap; background-image: url(tbl_bck10.png)" class="hierarchy"><img src="tbl_spacer.png" alt="." style="background-color: inherit" class="hierarchy"/><img src="tbl_vjoin.png" alt="." style="background-color: inherit" class="hierarchy"/><img src="icon_datatype.gif" alt="." style="background-color: white; background-color: inherit" title="Data Type" class="hierarchy"/> <a href="{{[id]}}-definitions.html#DiagnosticReport.code">code</a><a name="DiagnosticReport.code"> </a></td><td style="vertical-align: top; text-align : left; background-color: white; border: 0px #F0F0F0 solid; padding:0px 4px 0px 4px" class="hierarchy"><span style="padding-left: 3px; padding-right: 3px; color: white; background-color: red" title="This element must be supported">S</span></td><td style="vertical-align: top; text-align : left; background-color: white; border: 0px #F0F0F0 solid; padding:0px 4px 0px 4px" class="hierarchy"/><td style="vertical-align: top; text-align : left; background-color: white; border: 0px #F0F0F0 solid; padding:0px 4px 0px 4px" class="hierarchy"><a href="http://hl7.org/fhir/R4/datatypes.html#CodeableConcept">CodeableConcept</a></td><td style="vertical-align: top; text-align : left; background-color: white; border: 0px #F0F0F0 solid; padding:0px 4px 0px 4px" class="hierarchy">Name/Code for this diagnostic report<br/><span style="font-weight:bold">Binding: </span><a href="http://hl7.org/fhir/R4/valueset-report-codes.html">LOINCDiagnosticReportCodes</a> (<a href="http://hl7.org/fhir/R4/terminologies.html#preferred" title="Instances are encouraged to draw from the specified codes for interoperability purposes but are not required to do so to be considered conformant.">preferred</a>)</td></tr>
<tr style="border: 0px #F0F0F0 solid; padding:0px; vertical-align: top; background-color: white;"><td style="vertical-align: top; text-align : left; background-color: white; border: 0px #F0F0F0 solid; padding:0px 4px 0px 4px; white-space: nowrap; background-image: url(tbl_bck10.png)" class="hierarchy"><img src="tbl_spacer.png" alt="." style="background-color: inherit" class="hierarchy"/><img src="tbl_vjoin.png" alt="." style="background-color: inherit" class="hierarchy"/><img src="icon_reference.png" alt="." style="background-color: white; background-color: inherit" title="Reference to another Resource" class="hierarchy"/> <a href="{{[id]}}-definitions.html#DiagnosticReport.subject">subject</a><a name="DiagnosticReport.subject"> </a></td><td style="vertical-align: top; text-align : left; background-color: white; border: 0px #F0F0F0 solid; padding:0px 4px 0px 4px" class="hierarchy"><span style="padding-left: 3px; padding-right: 3px; color: white; background-color: red" title="This element must be supported">S</span></td><td style="vertical-align: top; text-align : left; background-color: white; border: 0px #F0F0F0 solid; padding:0px 4px 0px 4px" class="hierarchy">1..1</td><td style="vertical-align: top; text-align : left; background-color: white; border: 0px #F0F0F0 solid; padding:0px 4px 0px 4px" class="hierarchy"><a href="http://hl7.org/fhir/R4/references.html">Reference</a>(http://hl7.org/fhir/ca/core/StructureDefinition/profile-patient)</td><td style="vertical-align: top; text-align : left; background-color: white; border: 0px #F0F0F0 solid; padding:0px 4px 0px 4px" class="hierarchy">The subject of the report</td></tr>
<tr style="border: 0px #F0F0F0 solid; padding:0px; vertical-align: top; background-color: white;"><td style="vertical-align: top; text-align : left; background-color: white; border: 0px #F0F0F0 solid; padding:0px 4px 0px 4px; white-space: nowrap; background-image: url(tbl_bck10.png)" class="hierarchy"><img src="tbl_spacer.png" alt="." style="background-color: inherit" class="hierarchy"/><img src="tbl_vjoin.png" alt="." style="background-color: inherit" class="hierarchy"/><img src="icon_primitive.png" alt="." style="background-color: white; background-color: inherit" title="Primitive Data Type" class="hierarchy"/> <a href="{{[id]}}-definitions.html#DiagnosticReport.effectiveDateTime">effectiveDateTime</a><a name="DiagnosticReport.effectiveDateTime"> </a></td><td style="vertical-align: top; text-align : left; background-color: white; border: 0px #F0F0F0 solid; padding:0px 4px 0px 4px" class="hierarchy"><span style="padding-left: 3px; padding-right: 3px; color: white; background-color: red" title="This element must be supported">S</span></td><td style="vertical-align: top; text-align : left; background-color: white; border: 0px #F0F0F0 solid; padding:0px 4px 0px 4px" class="hierarchy"/><td style="vertical-align: top; text-align : left; background-color: white; border: 0px #F0F0F0 solid; padding:0px 4px 0px 4px" class="hierarchy"><a href="http://hl7.org/fhir/R4/datatypes.html#dateTime">dateTime</a></td><td style="vertical-align: top; text-align : left; background-color: white; border: 0px #F0F0F0 solid; padding:0px 4px 0px 4px" class="hierarchy">Clinically relevant time/time-period for report</td></tr>
<tr style="border: 0px #F0F0F0 solid; padding:0px; vertical-align: top; background-color: white;"><td style="vertical-align: top; text-align : left; background-color: white; border: 0px #F0F0F0 solid; padding:0px 4px 0px 4px; white-space: nowrap; background-image: url(tbl_bck10.png)" class="hierarchy"><img src="tbl_spacer.png" alt="." style="background-color: inherit" class="hierarchy"/><img src="tbl_vjoin.png" alt="." style="background-color: inherit" class="hierarchy"/><img src="icon_element.gif" alt="." style="background-color: white; background-color: inherit" title="Element" class="hierarchy"/> <a href="{{[id]}}-definitions.html#DiagnosticReport.issued">issued</a><a name="DiagnosticReport.issued"> </a></td><td style="vertical-align: top; text-align : left; background-color: white; border: 0px #F0F0F0 solid; padding:0px 4px 0px 4px" class="hierarchy"><span style="padding-left: 3px; padding-right: 3px; color: white; background-color: red" title="This element must be supported">S</span></td><td style="vertical-align: top; text-align : left; background-color: white; border: 0px #F0F0F0 solid; padding:0px 4px 0px 4px" class="hierarchy"/><td style="vertical-align: top; text-align : left; background-color: white; border: 0px #F0F0F0 solid; padding:0px 4px 0px 4px" class="hierarchy"/><td style="vertical-align: top; text-align : left; background-color: white; border: 0px #F0F0F0 solid; padding:0px 4px 0px 4px" class="hierarchy">DateTime this version was made</td></tr>
<tr style="border: 0px #F0F0F0 solid; padding:0px; vertical-align: top; background-color: white;"><td style="vertical-align: top; text-align : left; background-color: white; border: 0px #F0F0F0 solid; padding:0px 4px 0px 4px; white-space: nowrap; background-image: url(tbl_bck13.png)" class="hierarchy"><img src="tbl_spacer.png" alt="." style="background-color: inherit" class="hierarchy"/><img src="tbl_vjoin.png" alt="." style="background-color: inherit" class="hierarchy"/><img src="icon_slice.png" alt="." style="background-color: white; background-color: inherit" title="Slice Definition" class="hierarchy"/> <a style="font-style: italic" href="{{[id]}}-definitions.html#DiagnosticReport.performer">performer</a><a name="DiagnosticReport.performer"> </a></td><td style="vertical-align: top; text-align : left; background-color: white; border: 0px #F0F0F0 solid; padding:0px 4px 0px 4px" class="hierarchy"><span style="padding-left: 3px; padding-right: 3px; color: white; background-color: red; font-style: italic" title="This element must be supported">S</span></td><td style="vertical-align: top; text-align : left; background-color: white; border: 0px #F0F0F0 solid; padding:0px 4px 0px 4px" class="hierarchy"/><td style="vertical-align: top; text-align : left; background-color: white; border: 0px #F0F0F0 solid; padding:0px 4px 0px 4px" class="hierarchy"><a style="font-style: italic" href="http://hl7.org/fhir/R4/references.html">Reference</a><span style="font-style: italic">(</span><a style="font-style: italic" href="http://hl7.org/fhir/R4/practitioner.html">Practitioner</a><span style="font-style: italic"> | </span><a style="font-style: italic" href="http://hl7.org/fhir/R4/organization.html">Organization</a><span style="font-style: italic">)</span></td><td style="vertical-align: top; text-align : left; background-color: white; border: 0px #F0F0F0 solid; padding:0px 4px 0px 4px" class="hierarchy"><span style="font-style: italic">Responsible Diagnostic Service</span><br style="font-style: italic"/><span style="font-weight:bold; font-style: italic">Slice: </span><span style="font-style: italic">Unordered, Open by value:profile</span></td></tr>
<tr style="border: 0px #F0F0F0 solid; padding:0px; vertical-align: top; background-color: white;"><td style="vertical-align: top; text-align : left; background-color: white; border: 0px #F0F0F0 solid; padding:0px 4px 0px 4px; white-space: nowrap; background-image: url(tbl_bck130.png)" class="hierarchy"><img src="tbl_spacer.png" alt="." style="background-color: inherit" class="hierarchy"/><img src="tbl_vline.png" alt="." style="background-color: inherit" class="hierarchy"/><img src="tbl_vjoin_slicer.png" alt="." style="background-color: inherit" class="hierarchy"/><img src="icon_reference.png" alt="." style="background-color: white; background-color: inherit" title="Reference to another Resource" class="hierarchy"/> <a href="{{[id]}}-definitions.html#DiagnosticReport.performer.practitioner">practitioner</a><a name="DiagnosticReport.performer.practitioner"> </a></td><td style="vertical-align: top; text-align : left; background-color: white; border: 0px #F0F0F0 solid; padding:0px 4px 0px 4px" class="hierarchy"/><td style="vertical-align: top; text-align : left; background-color: white; border: 0px #F0F0F0 solid; padding:0px 4px 0px 4px" class="hierarchy"/><td style="vertical-align: top; text-align : left; background-color: white; border: 0px #F0F0F0 solid; padding:0px 4px 0px 4px" class="hierarchy"><a href="http://hl7.org/fhir/R4/references.html">Reference</a>(http://hl7.org/fhir/ca/core/StructureDefinition/profile-practitioner)</td><td style="vertical-align: top; text-align : left; background-color: white; border: 0px #F0F0F0 solid; padding:0px 4px 0px 4px" class="hierarchy">Practitioner responsible for the diagnostic report</td></tr>
<tr style="border: 0px #F0F0F0 solid; padding:0px; vertical-align: top; background-color: white;"><td style="vertical-align: top; text-align : left; background-color: white; border: 0px #F0F0F0 solid; padding:0px 4px 0px 4px; white-space: nowrap; background-image: url(tbl_bck120.png)" class="hierarchy"><img src="tbl_spacer.png" alt="." style="background-color: inherit" class="hierarchy"/><img src="tbl_vline.png" alt="." style="background-color: inherit" class="hierarchy"/><img src="tbl_vjoin_end_slicer.png" alt="." style="background-color: inherit" class="hierarchy"/><img src="icon_reference.png" alt="." style="background-color: white; background-color: inherit" title="Reference to another Resource" class="hierarchy"/> <a href="{{[id]}}-definitions.html#DiagnosticReport.performer.organization">organization</a><a name="DiagnosticReport.performer.organization"> </a></td><td style="vertical-align: top; text-align : left; background-color: white; border: 0px #F0F0F0 solid; padding:0px 4px 0px 4px" class="hierarchy"/><td style="vertical-align: top; text-align : left; background-color: white; border: 0px #F0F0F0 solid; padding:0px 4px 0px 4px" class="hierarchy"/><td style="vertical-align: top; text-align : left; background-color: white; border: 0px #F0F0F0 solid; padding:0px 4px 0px 4px" class="hierarchy"><a href="http://hl7.org/fhir/R4/references.html">Reference</a>(http://hl7.org/fhir/ca/core/StructureDefinition/profile-organization)</td><td style="vertical-align: top; text-align : left; background-color: white; border: 0px #F0F0F0 solid; padding:0px 4px 0px 4px" class="hierarchy">Organization responsible for the diagnostic report</td></tr>
<tr style="border: 0px #F0F0F0 solid; padding:0px; vertical-align: top; background-color: white;"><td style="vertical-align: top; text-align : left; background-color: white; border: 0px #F0F0F0 solid; padding:0px 4px 0px 4px; white-space: nowrap; background-image: url(tbl_bck10.png)" class="hierarchy"><img src="tbl_spacer.png" alt="." style="background-color: inherit" class="hierarchy"/><img src="tbl_vjoin.png" alt="." style="background-color: inherit" class="hierarchy"/><img src="icon_reference.png" alt="." style="background-color: white; background-color: inherit" title="Reference to another Resource" class="hierarchy"/> <a href="{{[id]}}-definitions.html#DiagnosticReport.specimen">specimen</a><a name="DiagnosticReport.specimen"> </a></td><td style="vertical-align: top; text-align : left; background-color: white; border: 0px #F0F0F0 solid; padding:0px 4px 0px 4px" class="hierarchy"/><td style="vertical-align: top; text-align : left; background-color: white; border: 0px #F0F0F0 solid; padding:0px 4px 0px 4px" class="hierarchy"/><td style="vertical-align: top; text-align : left; background-color: white; border: 0px #F0F0F0 solid; padding:0px 4px 0px 4px" class="hierarchy"><a href="http://hl7.org/fhir/R4/references.html">Reference</a>(<a href="http://hl7.org/fhir/R4/specimen.html">Specimen</a>)</td><td style="vertical-align: top; text-align : left; background-color: white; border: 0px #F0F0F0 solid; padding:0px 4px 0px 4px" class="hierarchy">Specimens this report is based on</td></tr>
<tr style="border: 0px #F0F0F0 solid; padding:0px; vertical-align: top; background-color: white;"><td style="vertical-align: top; text-align : left; background-color: white; border: 0px #F0F0F0 solid; padding:0px 4px 0px 4px; white-space: nowrap; background-image: url(tbl_bck10.png)" class="hierarchy"><img src="tbl_spacer.png" alt="." style="background-color: inherit" class="hierarchy"/><img src="tbl_vjoin.png" alt="." style="background-color: inherit" class="hierarchy"/><img src="icon_reference.png" alt="." style="background-color: white; background-color: inherit" title="Reference to another Resource" class="hierarchy"/> <a href="{{[id]}}-definitions.html#DiagnosticReport.result">result</a><a name="DiagnosticReport.result"> </a></td><td style="vertical-align: top; text-align : left; background-color: white; border: 0px #F0F0F0 solid; padding:0px 4px 0px 4px" class="hierarchy"><span style="padding-left: 3px; padding-right: 3px; color: white; background-color: red" title="This element must be supported">S</span></td><td style="vertical-align: top; text-align : left; background-color: white; border: 0px #F0F0F0 solid; padding:0px 4px 0px 4px" class="hierarchy"/><td style="vertical-align: top; text-align : left; background-color: white; border: 0px #F0F0F0 solid; padding:0px 4px 0px 4px" class="hierarchy"><a href="http://hl7.org/fhir/R4/references.html">Reference</a>(<a href="access-observation-gen-pat.html">AccessObservationGeneralLabPatient</a>)</td><td style="vertical-align: top; text-align : left; background-color: white; border: 0px #F0F0F0 solid; padding:0px 4px 0px 4px" class="hierarchy">Observations</td></tr>
<tr style="border: 0px #F0F0F0 solid; padding:0px; vertical-align: top; background-color: white;"><td style="vertical-align: top; text-align : left; background-color: white; border: 0px #F0F0F0 solid; padding:0px 4px 0px 4px; white-space: nowrap; background-image: url(tbl_bck10.png)" class="hierarchy"><img src="tbl_spacer.png" alt="." style="background-color: inherit" class="hierarchy"/><img src="tbl_vjoin.png" alt="." style="background-color: inherit" class="hierarchy"/><img src="icon_primitive.png" alt="." style="background-color: white; background-color: inherit" title="Primitive Data Type" class="hierarchy"/> <a href="{{[id]}}-definitions.html#DiagnosticReport.conclusion">conclusion</a><a name="DiagnosticReport.conclusion"> </a></td><td style="vertical-align: top; text-align : left; background-color: white; border: 0px #F0F0F0 solid; padding:0px 4px 0px 4px" class="hierarchy"/><td style="vertical-align: top; text-align : left; background-color: white; border: 0px #F0F0F0 solid; padding:0px 4px 0px 4px" class="hierarchy"/><td style="vertical-align: top; text-align : left; background-color: white; border: 0px #F0F0F0 solid; padding:0px 4px 0px 4px" class="hierarchy"><a href="http://hl7.org/fhir/R4/datatypes.html#string">string</a></td><td style="vertical-align: top; text-align : left; background-color: white; border: 0px #F0F0F0 solid; padding:0px 4px 0px 4px" class="hierarchy">Clinical conclusion (interpretation) of test results</td></tr>
<tr style="border: 0px #F0F0F0 solid; padding:0px; vertical-align: top; background-color: white;"><td style="vertical-align: top; text-align : left; background-color: white; border: 0px #F0F0F0 solid; padding:0px 4px 0px 4px; white-space: nowrap; background-image: url(tbl_bck00.png)" class="hierarchy"><img src="tbl_spacer.png" alt="." style="background-color: inherit" class="hierarchy"/><img src="tbl_vjoin_end.png" alt="." style="background-color: inherit" class="hierarchy"/><img src="icon_datatype.gif" alt="." style="background-color: white; background-color: inherit" title="Data Type" class="hierarchy"/> <a href="{{[id]}}-definitions.html#DiagnosticReport.conclusionCode">conclusionCode</a><a name="DiagnosticReport.conclusionCode"> </a></td><td style="vertical-align: top; text-align : left; background-color: white; border: 0px #F0F0F0 solid; padding:0px 4px 0px 4px" class="hierarchy"/><td style="vertical-align: top; text-align : left; background-color: white; border: 0px #F0F0F0 solid; padding:0px 4px 0px 4px" class="hierarchy"/><td style="vertical-align: top; text-align : left; background-color: white; border: 0px #F0F0F0 solid; padding:0px 4px 0px 4px" class="hierarchy"><a href="http://hl7.org/fhir/R4/datatypes.html#CodeableConcept">CodeableConcept</a></td><td style="vertical-align: top; text-align : left; background-color: white; border: 0px #F0F0F0 solid; padding:0px 4px 0px 4px" class="hierarchy">Codes for the clinical conclusion of test results<br/><span style="font-weight:bold">Binding: </span><a href="http://hl7.org/fhir/R4/valueset-clinical-findings.html">SNOMEDCTClinicalFindings</a> (<a href="http://hl7.org/fhir/R4/terminologies.html#example" title="Instances are not expected or even encouraged to draw from the specified value set.  The value set merely provides examples of the types of concepts intended to be included.">example</a>)</td></tr>
<tr><td colspan="5" class="hierarchy"><br/><a href="http://hl7.org/fhir/R4/formats.html#table" title="Legend for this format"><img src="http://hl7.org/fhir/R4/help16.png" alt="doco" style="background-color: inherit"/> Documentation for this format</a></td></tr></table></div></text><url value="http://infoway-inforoute.ca/fhir/StructureDefinition/access-diagnosticreport-gen-pat"/><version value="0.1.0"/><name value="AccessDiagnosticReportGeneralLabPatient"/><title value="A Diagnostic report - a combination of request information, atomic results, images, interpretation, as well as formatted reports"/><status value="draft"/><experimental value="false"/><date value="2019-03-21T00:00:00-04:00"/><publisher value="Canada Health Infoway"/><contact><telecom><system value="url"/><value value="http://infoway-inforoute.ca"/></telecom></contact><description value="Constraints on the DiagnosticReport resource to reflect source data mappings for the ACCESS Health project. Focus of this profile is on display of general Diagnostic Report result information to citizen/patient viewers."/><fhirVersion value="4.0.0"/><mapping><identity value="vendor-agnostic-v2"/><uri value="http://unknown.org/Vendor Agnostic v2"/><name value="Vendor Agnostic v2"/></mapping><mapping><identity value="ontario--olis"/><uri value="http://unknown.org/Ontario- OLIS"/><name value="Ontario- OLIS"/></mapping><mapping><identity value="prince-edward-island--cerner-millennium"/><uri value="http://unknown.org/Prince Edward Island- Cerner Millennium"/><name value="Prince Edward Island- Cerner Millennium"/></mapping><mapping><identity value="nova-scotia--meditech-magic"/><uri value="http://unknown.org/Nova Scotia- Meditech Magic"/><name value="Nova Scotia- Meditech Magic"/></mapping><mapping><identity value="nove-scotia--cerner-millennium"/><uri value="http://unknown.org/Nove Scotia- Cerner Millennium"/><name value="Nove Scotia- Cerner Millennium"/></mapping><mapping><identity value="nova-scotia--meditech-c/s"/><uri value="http://unknown.org/Nova Scotia- Meditech C/S"/><name value="Nova Scotia- Meditech C/S"/></mapping><mapping><identity value="workflow"/><uri value="http://hl7.org/fhir/workflow"/><name value="Workflow Pattern"/></mapping><mapping><identity value="v2"/><uri value="http://hl7.org/v2"/><name value="HL7 v2 Mapping"/></mapping><mapping><identity value="rim"/><uri value="http://hl7.org/v3"/><name value="RIM Mapping"/></mapping><mapping><identity value="w5"/><uri value="http://hl7.org/fhir/fivews"/><name value="FiveWs Pattern Mapping"/></mapping><kind value="resource"/><abstract value="false"/><type value="DiagnosticReport"/><baseDefinition value="http://hl7.org/fhir/StructureDefinition/DiagnosticReport"/><derivation value="constraint"/><snapshot><element id="DiagnosticReport"><path value="DiagnosticReport"/><short value="A Diagnostic report - a combination of request information, atomic results, images, interpretation, as well as formatted reports"/><definition value="Expected requirements for the DiagnosticReport resource when reflecting general lab result data based on existing source mappings."/><comment value="Note for implementors: This profile focuses on general lab results. It excludes pathology, microbiology, serotology, etc for two reasons: 1) The density and content of information in the various lab types are dramatically different from each other, these differences drive different information and interaction requirements from patients, and 2) there is a large degree of variance in how general lab results are formatted (more structured) and how other types of labs like pathology are structured (largely text based).   Additional analysis required for microbiology, serotology,  and pathology lab result types to determine level of structured data available."/><alias value="Report"/><alias value="Test"/><alias value="Result"/><alias value="Results"/><alias value="Labs"/><alias value="Laboratory"/><min value="0"/><max value="*"/><base><path value="DiagnosticReport"/><min value="0"/><max value="*"/></base><constraint><key value="dom-2"/><severity value="error"/><human value="If the resource is contained in another resource, it SHALL NOT contain nested Resources"/><expression value="contained.contained.empty()"/><xpath value="not(parent::f:contained and f:contained)"/><source value="DomainResource"/></constraint><constraint><key value="dom-4"/><severity value="error"/><human value="If a resource is contained in another resource, it SHALL NOT have a meta.versionId or a meta.lastUpdated"/><expression value="contained.meta.versionId.empty() and contained.meta.lastUpdated.empty()"/><xpath value="not(exists(f:contained/*/f:meta/f:versionId)) and not(exists(f:contained/*/f:meta/f:lastUpdated))"/><source value="DomainResource"/></constraint><constraint><key value="dom-3"/><severity value="error"/><human value="If the resource is contained in another resource, it SHALL be referred to from elsewhere in the resource or SHALL refer to the containing resource"/><expression value="contained.where(((&#39;#&#39;+id in (%resource.descendants().reference | %resource.descendants().as(canonical) | %resource.descendants().as(uri) | %resource.descendants().as(url))) or descendants().where(reference = &#39;#&#39;).exists() or descendants().where(as(canonical) = &#39;#&#39;).exists() or descendants().where(as(canonical) = &#39;#&#39;).exists()).not()).trace(&#39;unmatched&#39;, id).empty()"/><xpath value="not(exists(for $contained in f:contained return $contained[not(parent::*/descendant::f:reference/@value=concat(&#39;#&#39;, $contained/*/id/@value) or descendant::f:reference[@value=&#39;#&#39;])]))"/><source value="DomainResource"/></constraint><constraint><extension url="http://hl7.org/fhir/StructureDefinition/elementdefinition-bestpractice"><valueBoolean value="true"/></extension><extension url="http://hl7.org/fhir/StructureDefinition/elementdefinition-bestpractice-explanation"><valueMarkdown value="When a resource has no narrative, only systems that fully understand the data can display the resource to a human safely. Including a human readable representation in the resource makes for a much more robust eco-system and cheaper handling of resources by intermediary systems. Some ecosystems restrict distribution of resources to only those systems that do fully understand the resources, and as a consequence implementers may believe that the narrative is superfluous. However experience shows that such eco-systems often open up to new participants over time."/></extension><key value="dom-6"/><severity value="warning"/><human value="A resource should have narrative for robust management"/><expression value="text.div.exists()"/><xpath value="exists(f:text/h:div)"/><source value="DomainResource"/></constraint><constraint><key value="dom-5"/><severity value="error"/><human value="If a resource is contained in another resource, it SHALL NOT have a security label"/><expression value="contained.meta.security.empty()"/><xpath value="not(exists(f:contained/*/f:meta/f:security))"/><source value="DomainResource"/></constraint><mustSupport value="false"/><isModifier value="false"/><isSummary value="false"/><mapping><identity value="rim"/><map value="Entity. Role, or Act"/></mapping><mapping><identity value="workflow"/><map value="Event"/></mapping><mapping><identity value="v2"/><map value="ORU -&gt; OBR"/></mapping><mapping><identity value="rim"/><map value="Observation[classCode=OBS, moodCode=EVN]"/></mapping></element><element id="DiagnosticReport.id"><path value="DiagnosticReport.id"/><short value="Logical id of this artifact"/><definition value="The logical id of the resource, as used in the URL for the resource. Once assigned, this value never changes."/><comment value="The only time that a resource does not have an id is when it is being submitted to the server using a create operation."/><min value="0"/><max value="1"/><base><path value="Resource.id"/><min value="0"/><max value="1"/></base><type><code value="id"/></type><isModifier value="false"/><isSummary value="true"/></element><element id="DiagnosticReport.meta"><path value="DiagnosticReport.meta"/><short value="Metadata about the resource"/><definition value="The metadata about the resource. This is content that is maintained by the infrastructure. Changes to the content might not always be associated with version changes to the resource."/><min value="0"/><max value="1"/><base><path value="Resource.meta"/><min value="0"/><max value="1"/></base><type><code value="Meta"/></type><isModifier value="false"/><isSummary value="true"/></element><element id="DiagnosticReport.implicitRules"><path value="DiagnosticReport.implicitRules"/><short value="A set of rules under which this content was created"/><definition value="A reference to a set of rules that were followed when the resource was constructed, and which must be understood when processing the content. Often, this is a reference to an implementation guide that defines the special rules along with other profiles etc."/><comment value="Asserting this rule set restricts the content to be only understood by a limited set of trading partners. This inherently limits the usefulness of the data in the long term. However, the existing health eco-system is highly fractured, and not yet ready to define, collect, and exchange data in a generally computable sense. Wherever possible, implementers and/or specification writers should avoid using this element. Often, when used, the URL is a reference to an implementation guide that defines these special rules as part of it&#39;s narrative along with other profiles, value sets, etc."/><min value="0"/><max value="1"/><base><path value="Resource.implicitRules"/><min value="0"/><max value="1"/></base><type><code value="uri"/></type><isModifier value="true"/><isModifierReason value="This element is labeled as a modifier because the implicit rules may provide additional knowledge about the resource that modifies it&#39;s meaning or interpretation"/><isSummary value="true"/></element><element id="DiagnosticReport.language"><path value="DiagnosticReport.language"/><short value="Language of the resource content"/><definition value="The base language in which the resource is written."/><comment value="Language is provided to support indexing and accessibility (typically, services such as text to speech use the language tag). The html language tag in the narrative applies  to the narrative. The language tag on the resource may be used to specify the language of other presentations generated from the data in the resource. Not all the content has to be in the base language. The Resource.language should not be assumed to apply to the narrative automatically. If a language is specified, it should it also be specified on the div element in the html (see rules in HTML5 for information about the relationship between xml:lang and the html lang attribute)."/><min value="0"/><max value="1"/><base><path value="Resource.language"/><min value="0"/><max value="1"/></base><type><code value="code"/></type><isModifier value="false"/><isSummary value="false"/><binding><extension url="http://hl7.org/fhir/StructureDefinition/elementdefinition-maxValueSet"><valueCanonical value="http://hl7.org/fhir/ValueSet/all-languages"/></extension><extension url="http://hl7.org/fhir/StructureDefinition/elementdefinition-bindingName"><valueString value="Language"/></extension><extension url="http://hl7.org/fhir/StructureDefinition/elementdefinition-isCommonBinding"><valueBoolean value="true"/></extension><strength value="preferred"/><description value="A human language."/><valueSet value="http://hl7.org/fhir/ValueSet/languages"/></binding></element><element id="DiagnosticReport.text"><path value="DiagnosticReport.text"/><short value="Text summary of the resource, for human interpretation"/><definition value="A human-readable narrative that contains a summary of the resource and can be used to represent the content of the resource to a human. The narrative need not encode all the structured data, but is required to contain sufficient detail to make it &quot;clinically safe&quot; for a human to just read the narrative. Resource definitions may define what content should be represented in the narrative to ensure clinical safety."/><comment value="Contained resources do not have narrative. Resources that are not contained SHOULD have a narrative. In some cases, a resource may only have text with little or no additional discrete data (as long as all minOccurs=1 elements are satisfied).  This may be necessary for data from legacy systems where information is captured as a &quot;text blob&quot; or where text is additionally entered raw or narrated and encoded information is added later."/><alias value="narrative"/><alias value="html"/><alias value="xhtml"/><alias value="display"/><min value="0"/><max value="1"/><base><path value="DomainResource.text"/><min value="0"/><max value="1"/></base><type><code value="Narrative"/></type><isModifier value="false"/><isSummary value="false"/><mapping><identity value="rim"/><map value="Act.text?"/></mapping></element><element id="DiagnosticReport.contained"><path value="DiagnosticReport.contained"/><short value="Contained, inline Resources"/><definition value="These resources do not have an independent existence apart from the resource that contains them - they cannot be identified independently, and nor can they have their own independent transaction scope."/><comment value="This should never be done when the content can be identified properly, as once identification is lost, it is extremely difficult (and context dependent) to restore it again. Contained resources may have profiles and tags In their meta elements, but SHALL NOT have security labels."/><alias value="inline resources"/><alias value="anonymous resources"/><alias value="contained resources"/><min value="0"/><max value="*"/><base><path value="DomainResource.contained"/><min value="0"/><max value="*"/></base><type><code value="Resource"/></type><isModifier value="false"/><isSummary value="false"/><mapping><identity value="rim"/><map value="N/A"/></mapping></element><element id="DiagnosticReport.extension"><path value="DiagnosticReport.extension"/><short value="Additional content defined by implementations"/><definition value="May be used to represent additional information that is not part of the basic definition of the resource. To make the use of extensions safe and manageable, there is a strict set of governance  applied to the definition and use of extensions. Though any implementer can define an extension, there is a set of requirements that SHALL be met as part of the definition of the extension."/><comment value="There can be no stigma associated with the use of extensions by any application, project, or standard - regardless of the institution or jurisdiction that uses or defines the extensions.  The use of extensions is what allows the FHIR specification to retain a core level of simplicity for everyone."/><alias value="extensions"/><alias value="user content"/><min value="0"/><max value="*"/><base><path value="DomainResource.extension"/><min value="0"/><max value="*"/></base><type><code value="Extension"/></type><isModifier value="false"/><isSummary value="false"/><mapping><identity value="rim"/><map value="N/A"/></mapping></element><element id="DiagnosticReport.modifierExtension"><path value="DiagnosticReport.modifierExtension"/><short value="Extensions that cannot be ignored"/><definition value="May be used to represent additional information that is not part of the basic definition of the resource and that modifies the understanding of the element that contains it and/or the understanding of the containing element&#39;s descendants. Usually modifier elements provide negation or qualification. To make the use of extensions safe and manageable, there is a strict set of governance applied to the definition and use of extensions. Though any implementer is allowed to define an extension, there is a set of requirements that SHALL be met as part of the definition of the extension. Applications processing a resource are required to check for modifier extensions.&#xA;&#xA;Modifier extensions SHALL NOT change the meaning of any elements on Resource or DomainResource (including cannot change the meaning of modifierExtension itself)."/><comment value="There can be no stigma associated with the use of extensions by any application, project, or standard - regardless of the institution or jurisdiction that uses or defines the extensions.  The use of extensions is what allows the FHIR specification to retain a core level of simplicity for everyone."/><requirements value="Modifier extensions allow for extensions that *cannot* be safely ignored to be clearly distinguished from the vast majority of extensions which can be safely ignored.  This promotes interoperability by eliminating the need for implementers to prohibit the presence of extensions. For further information, see the [definition of modifier extensions](http://hl7.org/fhir/R4/extensibility.html#modifierExtension)."/><alias value="extensions"/><alias value="user content"/><min value="0"/><max value="*"/><base><path value="DomainResource.modifierExtension"/><min value="0"/><max value="*"/></base><type><code value="Extension"/></type><isModifier value="true"/><isModifierReason value="Modifier extensions are expected to modify the meaning or interpretation of the resource that contains them"/><isSummary value="false"/><mapping><identity value="rim"/><map value="N/A"/></mapping></element><element id="DiagnosticReport.identifier"><path value="DiagnosticReport.identifier"/><short value="Business identifier for report"/><definition value="Identifiers assigned to this report by the performer or other systems."/><comment value="Usually assigned by the Information System of the diagnostic service provider (filler id)."/><requirements value="Need to know what identifier to use when making queries about this report from the source laboratory, and for linking to the report outside FHIR context."/><alias value="ReportID"/><alias value="Filler ID"/><alias value="Placer ID"/><min value="0"/><max value="*"/><base><path value="DiagnosticReport.identifier"/><min value="0"/><max value="*"/></base><type><code value="Identifier"/></type><mustSupport value="false"/><isModifier value="false"/><isSummary value="true"/><mapping><identity value="workflow"/><map value="Event.identifier"/></mapping><mapping><identity value="w5"/><map value="FiveWs.identifier"/></mapping><mapping><identity value="v2"/><map value="OBR-51/ for globally unique filler ID  - OBR-3 , For non-globally unique filler-id the flller/placer number must be combined with the universal service Id -  OBR-2(if present)+OBR-3+OBR-4"/></mapping><mapping><identity value="rim"/><map value="id"/></mapping><mapping><identity value="vendor-agnostic-v2"/><map value="OBR-51 &#xA;Other suggested options if OBR-51 is not available: OBR-2 + OBR-3 + OBR-4"/></mapping><mapping><identity value="ontario--olis"/><map value="OBR-3 + ORC-4"/></mapping><mapping><identity value="prince-edward-island--cerner-millennium"/><map value="OBR-2 + OBR-3"/></mapping><mapping><identity value="nova-scotia--meditech-magic"/><map value="OBR-2 + OBR-3"/></mapping><mapping><identity value="nove-scotia--cerner-millennium"/><map value="OBR-2 + OBR-20"/></mapping><mapping><identity value="nova-scotia--meditech-c/s"/><map value="OBR-2 + OBR-3"/></mapping></element><element id="DiagnosticReport.basedOn"><path value="DiagnosticReport.basedOn"/><short value="What was requested"/><definition value="Details concerning a service requested."/><comment value="Note: Usually there is one test request for each result, however in some circumstances multiple test requests may be represented using a single test result resource. Note that there are also cases where one request leads to multiple reports."/><requirements value="This allows tracing of authorization for the report and tracking whether proposals/recommendations were acted upon."/><alias value="Request"/><min value="0"/><max value="*"/><base><path value="DiagnosticReport.basedOn"/><min value="0"/><max value="*"/></base><type><code value="Reference"/><targetProfile value="http://hl7.org/fhir/StructureDefinition/CarePlan"/><targetProfile value="http://hl7.org/fhir/StructureDefinition/ImmunizationRecommendation"/><targetProfile value="http://hl7.org/fhir/StructureDefinition/MedicationRequest"/><targetProfile value="http://hl7.org/fhir/StructureDefinition/NutritionOrder"/><targetProfile value="http://hl7.org/fhir/StructureDefinition/ServiceRequest"/></type><isModifier value="false"/><isSummary value="false"/><mapping><identity value="workflow"/><map value="Event.basedOn"/></mapping><mapping><identity value="v2"/><map value="ORC? OBR-2/3?"/></mapping><mapping><identity value="rim"/><map value="outboundRelationship[typeCode=FLFS].target"/></mapping></element><element id="DiagnosticReport.status"><path value="DiagnosticReport.status"/><short value="registered | partial | preliminary | final +"/><definition value="The status of the diagnostic report."/><comment value="Mapping Note: See the notes in the mapping document discussing the need to map the HL7 v2 codes used by the LIS (shorthand often single-digit codes) to the codes used by the FHIR value set (usually full word code)."/><requirements value="Diagnostic services routinely issue provisional/incomplete reports, and sometimes withdraw previously released reports."/><min value="1"/><max value="1"/><base><path value="DiagnosticReport.status"/><min value="1"/><max value="1"/></base><type><code value="code"/></type><mustSupport value="true"/><isModifier value="true"/><isModifierReason value="This element is labeled as a modifier because it is a status element that contains status entered-in-error which means that the resource should not be treated as valid"/><isSummary value="true"/><binding><strength value="required"/><description value="Diagnostic Report Status"/><valueSet value="http://hl7.org/fhir/ValueSet/diagnostic-report-status"/></binding><mapping><identity value="workflow"/><map value="Event.status"/></mapping><mapping><identity value="w5"/><map value="FiveWs.status"/></mapping><mapping><identity value="v2"/><map value="OBR-25 (not 1:1 mapping)"/></mapping><mapping><identity value="rim"/><map value="statusCode  Note: final and amended are distinguished by whether observation is the subject of a ControlAct event of type &quot;revise&quot;"/></mapping><mapping><identity value="vendor-agnostic-v2"/><map value="OBR-25 (not 1:1 mapping)"/></mapping><mapping><identity value="ontario--olis"/><map value="OBR-25 (Codes supported: P, F, C, N, W, X, Z)"/></mapping><mapping><identity value="prince-edward-island--cerner-millennium"/><map value="OBR-25 (Codes supported: P, F, C, D, R, S, D, U, I) Could also receive codes from Cerner Millennium Code Set 8 (UNAUTH, TRANSCRIBED, C_TRANSCRIBED, INPROGRESS, AUTH, ALTERED, MODIFIED, INERROR, INERRNOMUT, INERRNOVIEW, CANCELLED, NOT DONE)"/></mapping><mapping><identity value="nova-scotia--meditech-magic"/><map value="OBR-25 (Codes supported: P, F, D, A*)"/></mapping><mapping><identity value="nove-scotia--cerner-millennium"/><map value="OBR-25 (Codes supported: P, F, C)"/></mapping><mapping><identity value="nova-scotia--meditech-c/s"/><map value="OBR-25 (Codes supported: P, F, C, D, A*, FOUT*)"/></mapping></element><element id="DiagnosticReport.category"><path value="DiagnosticReport.category"/><slicing><discriminator><type value="value"/><path value="pattern"/></discriminator><rules value="open"/></slicing><short value="Service Category"/><definition value="A code that classifies the clinical discipline, department or diagnostic service that created the report (e.g. cardiology, biochemistry, hematology, MRI). This is used for searching, sorting and display purposes."/><comment value="Laboratory should be the default code used in this diagnostic report profile. Other profiles may support other codes."/><alias value="Department"/><alias value="Sub-department"/><alias value="Service"/><alias value="Discipline"/><min value="1"/><max value="*"/><base><path value="DiagnosticReport.category"/><min value="0"/><max value="*"/></base><type><code value="CodeableConcept"/></type><mustSupport value="true"/><isModifier value="false"/><isSummary value="true"/><binding><strength value="example"/><description value="Diagnostic Service Section Codes"/><valueSet value="http://hl7.org/fhir/ValueSet/diagnostic-service-sections"/></binding><mapping><identity value="w5"/><map value="FiveWs.class"/></mapping><mapping><identity value="v2"/><map value="OBR-24"/></mapping><mapping><identity value="rim"/><map value="inboundRelationship[typeCode=COMP].source[classCode=LIST, moodCode=EVN, code &lt; LabService].code"/></mapping><mapping><identity value="vendor-agnostic-v2"/><map value="OBR-24"/></mapping><mapping><identity value="ontario--olis"/><map value="?"/></mapping><mapping><identity value="prince-edward-island--cerner-millennium"/><map value="OBR-24"/></mapping><mapping><identity value="nova-scotia--meditech-magic"/><map value="OBR-24"/></mapping><mapping><identity value="nove-scotia--cerner-millennium"/><map value="OBR-24"/></mapping><mapping><identity value="nova-scotia--meditech-c/s"/><map value="OBR-24"/></mapping></element><element id="DiagnosticReport.code"><path value="DiagnosticReport.code"/><short value="Name/Code for this diagnostic report"/><definition value="A code or name that describes this diagnostic report."/><comment value="Implementor Note: US Core uses a value set that pulls from the LOINC Diagnostic Report codes but does not fix a certain value.  OLIS pulls from LOINC but requires a fixed value of 11502-2 to identify the lab report. Keeping the LOINC value set as an example is intended to strike a balance between both profiles, but further investigation with jurisdictional end-users/LIS is recommended to determine if a fixed value should be pursued to reduce confusion and inconsistency for patients."/><alias value="Type"/><min value="1"/><max value="1"/><base><path value="DiagnosticReport.code"/><min value="1"/><max value="1"/></base><type><code value="CodeableConcept"/></type><mustSupport value="true"/><isModifier value="false"/><isSummary value="true"/><binding><strength value="preferred"/><description value="LOINC Diagnostic Report Codes"/><valueSet value="http://hl7.org/fhir/ValueSet/report-codes"/></binding><mapping><identity value="workflow"/><map value="Event.code"/></mapping><mapping><identity value="w5"/><map value="FiveWs.what[x]"/></mapping><mapping><identity value="v2"/><map value="OBR-4 (HL7 v2 doesn&#39;t provide an easy way to indicate both the ordered test and the performed panel)"/></mapping><mapping><identity value="rim"/><map value="code"/></mapping><mapping><identity value="vendor-agnostic-v2"/><map value="OBR-4 (HL7 v2 doesn&#39;t provide an easy way to indicate both the ordered test and the performed panel)"/></mapping><mapping><identity value="ontario--olis"/><map value="OBX-3"/></mapping><mapping><identity value="prince-edward-island--cerner-millennium"/><map value="OBR-4"/></mapping><mapping><identity value="nova-scotia--meditech-magic"/><map value="OBR-4"/></mapping><mapping><identity value="nove-scotia--cerner-millennium"/><map value="OBR-4"/></mapping><mapping><identity value="nova-scotia--meditech-c/s"/><map value="OBR-4"/></mapping></element><element id="DiagnosticReport.subject"><path value="DiagnosticReport.subject"/><short value="The subject of the report"/><definition value="The subject of the report. Usually, but not always, this is a patient. However, diagnostic services also perform analyses on specimens collected from a variety of other sources."/><requirements value="SHALL know the subject context."/><alias value="Patient"/><min value="1"/><max value="1"/><base><path value="DiagnosticReport.subject"/><min value="0"/><max value="1"/></base><type><code value="Reference"/><targetProfile value="http://hl7.org/fhir/ca/core/StructureDefinition/profile-patient"/></type><mustSupport value="true"/><isModifier value="false"/><isSummary value="true"/><mapping><identity value="workflow"/><map value="Event.subject"/></mapping><mapping><identity value="w5"/><map value="FiveWs.subject[x]"/></mapping><mapping><identity value="v2"/><map value="PID-3 (no HL7 v2 mapping for Group or Device)"/></mapping><mapping><identity value="rim"/><map value="participation[typeCode=SBJ]"/></mapping><mapping><identity value="w5"/><map value="FiveWs.subject"/></mapping><mapping><identity value="vendor-agnostic-v2"/><map value="PID-3(MRN) , PID-2 (primary insurance policy number) should also be considered&#xA;Other suggested options if PID-3 is not available or the patient resource is tied to provincial identifiers: PID-2 OR PID-4 (Depending on if HL7 v2.3 or lower)"/></mapping><mapping><identity value="ontario--olis"/><map value="PID-3"/></mapping><mapping><identity value="prince-edward-island--cerner-millennium"/><map value="PID-3 (if v2.3.1 and above), PID-4 (if v2.3 or below)"/></mapping><mapping><identity value="nova-scotia--meditech-magic"/><map value="PID-3"/></mapping><mapping><identity value="nove-scotia--cerner-millennium"/><map value="PID-3"/></mapping><mapping><identity value="nova-scotia--meditech-c/s"/><map value="PID-3"/></mapping></element><element id="DiagnosticReport.encounter"><path value="DiagnosticReport.encounter"/><short value="Health care event when test ordered"/><definition value="The healthcare event  (e.g. a patient and healthcare provider interaction) which this DiagnosticReport is about."/><comment value="This will typically be the encounter the event occurred within, but some events may be initiated prior to or after the official completion of an encounter  but still be tied to the context of the encounter  (e.g. pre-admission laboratory tests)."/><requirements value="Links the request to the Encounter context."/><alias value="Context"/><min value="0"/><max value="1"/><base><path value="DiagnosticReport.encounter"/><min value="0"/><max value="1"/></base><type><code value="Reference"/><targetProfile value="http://hl7.org/fhir/StructureDefinition/Encounter"/></type><isModifier value="false"/><isSummary value="true"/><mapping><identity value="workflow"/><map value="Event.encounter"/></mapping><mapping><identity value="w5"/><map value="FiveWs.context"/></mapping><mapping><identity value="v2"/><map value="PV1-19"/></mapping><mapping><identity value="rim"/><map value="inboundRelationship[typeCode=COMP].source[classCode=ENC, moodCode=EVN]"/></mapping></element><element id="DiagnosticReport.effectiveDateTime"><path value="DiagnosticReport.effectiveDateTime"/><short value="Clinically relevant time/time-period for report"/><definition value="The time or time-period the observed values are related to. When the subject of the report is a patient, this is usually either the time of the procedure or of specimen collection(s), but very often the source of the date/time is not known, only the date/time itself."/><comment value="If the diagnostic procedure was performed on the patient, this is the time it was performed. If there are specimens, the diagnostically relevant time can be derived from the specimen collection times, but the specimen information is not always available, and the exact relationship between the specimens and the diagnostically relevant time is not always automatic."/><requirements value="Need to know where in the patient history to file/present this report."/><alias value="Observation time"/><alias value="Effective Time"/><alias value="Occurrence"/><min value="0"/><max value="1"/><base><path value="DiagnosticReport.effective[x]"/><min value="0"/><max value="1"/></base><type><code value="dateTime"/></type><mustSupport value="true"/><isModifier value="false"/><isSummary value="true"/><mapping><identity value="workflow"/><map value="Event.occurrence[x]"/></mapping><mapping><identity value="w5"/><map value="FiveWs.done[x]"/></mapping><mapping><identity value="v2"/><map value="OBR-7"/></mapping><mapping><identity value="rim"/><map value="effectiveTime"/></mapping><mapping><identity value="vendor-agnostic-v2"/><map value="OBR-7 (Observation Date/Time)"/></mapping><mapping><identity value="ontario--olis"/><map value="OBR-7"/></mapping><mapping><identity value="prince-edward-island--cerner-millennium"/><map value="OBR-7"/></mapping><mapping><identity value="nova-scotia--meditech-magic"/><map value="OBR-7"/></mapping><mapping><identity value="nove-scotia--cerner-millennium"/><map value="OBR-7"/></mapping><mapping><identity value="nova-scotia--meditech-c/s"/><map value="OBR-7"/></mapping></element><element id="DiagnosticReport.issued"><path value="DiagnosticReport.issued"/><short value="DateTime this version was made"/><definition value="The date and time that this version of the report was made available to providers, typically after the report was reviewed and verified."/><comment value="Mapping note: Keep in mind that the instant data type requires seconds and time zone to be reported and the HL7 v2 ORU messages that are the source of the conversions are likely to only include YYYY-MM-DD-HH-DD. If hour and minute are unknown, the Meditech NS LIS append &quot;UNK&quot;. Additional work will be required on behalf of the converter to add in zeros for seconds and time zone to be conformant to the FHIR Data type. There are no limitations from the base HL7 spec or NS implementation guides for time stamp that would prevent bi-directional conversion."/><requirements value="Clinicians need to be able to check the date that the report was released."/><alias value="Date published"/><alias value="Date Issued"/><alias value="Date Verified"/><min value="0"/><max value="1"/><base><path value="DiagnosticReport.issued"/><min value="0"/><max value="1"/></base><type><code value="instant"/></type><mustSupport value="true"/><isModifier value="false"/><isSummary value="true"/><mapping><identity value="w5"/><map value="FiveWs.recorded"/></mapping><mapping><identity value="v2"/><map value="OBR-22"/></mapping><mapping><identity value="rim"/><map value="participation[typeCode=VRF or AUT].time"/></mapping><mapping><identity value="vendor-agnostic-v2"/><map value="OBR-22 (Results Rpt/Status Chng &#x2013; Date/Time)&#xA;Other suggested options if OBR-22 is not available: OBR-7 or OBX-19 can be used if interface is HL7 v2.4 or higher"/></mapping><mapping><identity value="ontario--olis"/><map value="ZBX-1 (Test Result Release Date/Time)"/></mapping><mapping><identity value="prince-edward-island--cerner-millennium"/><map value="OBR-22"/></mapping><mapping><identity value="nova-scotia--meditech-magic"/><map value="OBR-22"/></mapping><mapping><identity value="nove-scotia--cerner-millennium"/><map value="OBR-22"/></mapping></element><element id="DiagnosticReport.performer"><path value="DiagnosticReport.performer"/><slicing><discriminator><type value="value"/><path value="profile"/></discriminator><rules value="open"/></slicing><short value="Responsible Diagnostic Service"/><definition value="The diagnostic service that is responsible for issuing the report."/><comment value="This is not necessarily the source of the atomic data items or the entity that interpreted the results. It is the entity that takes responsibility for the clinical report."/><requirements value="Need to know whom to contact if there are queries about the results. Also may need to track the source of reports for secondary data analysis."/><alias value="Laboratory"/><alias value="Service"/><alias value="Practitioner"/><alias value="Department"/><alias value="Company"/><alias value="Authorized by"/><alias value="Director"/><min value="0"/><max value="*"/><base><path value="DiagnosticReport.performer"/><min value="0"/><max value="*"/></base><type><code value="Reference"/><targetProfile value="http://hl7.org/fhir/StructureDefinition/Practitioner"/><targetProfile value="http://hl7.org/fhir/StructureDefinition/Organization"/></type><mustSupport value="true"/><isModifier value="false"/><isSummary value="true"/><mapping><identity value="workflow"/><map value="Event.performer.actor"/></mapping><mapping><identity value="w5"/><map value="FiveWs.actor"/></mapping><mapping><identity value="v2"/><map value="PRT-8 (where this PRT-4-Participation = &quot;PO&quot;)"/></mapping><mapping><identity value="rim"/><map value=".participation[typeCode=PRF]"/></mapping></element><element id="DiagnosticReport.resultsInterpreter"><path value="DiagnosticReport.resultsInterpreter"/><short value="Primary result interpreter"/><definition value="The practitioner or organization that is responsible for the report&#39;s conclusions and interpretations."/><comment value="Might not be the same entity that takes responsibility for the clinical report."/><requirements value="Need to know whom to contact if there are queries about the results. Also may need to track the source of reports for secondary data analysis."/><alias value="Analyzed by"/><alias value="Reported by"/><min value="0"/><max value="*"/><base><path value="DiagnosticReport.resultsInterpreter"/><min value="0"/><max value="*"/></base><type><code value="Reference"/><targetProfile value="http://hl7.org/fhir/StructureDefinition/Practitioner"/><targetProfile value="http://hl7.org/fhir/StructureDefinition/PractitionerRole"/><targetProfile value="http://hl7.org/fhir/StructureDefinition/Organization"/><targetProfile value="http://hl7.org/fhir/StructureDefinition/CareTeam"/></type><isModifier value="false"/><isSummary value="true"/><mapping><identity value="workflow"/><map value="Event.performer.actor"/></mapping><mapping><identity value="w5"/><map value="FiveWs.actor"/></mapping><mapping><identity value="v2"/><map value="OBR-32, PRT-8 (where this PRT-4-Participation = &quot;PI&quot;)"/></mapping><mapping><identity value="rim"/><map value=".participation[typeCode=PRF]"/></mapping></element><element id="DiagnosticReport.specimen"><path value="DiagnosticReport.specimen"/><short value="Specimens this report is based on"/><definition value="Details about the specimens on which this diagnostic report is based."/><comment value="If the specimen is sufficiently specified with a code in the test result name, then this additional data may be redundant. If there are multiple specimens, these may be represented per observation or group."/><requirements value="Need to be able to report information about the collected specimens on which the report is based."/><min value="0"/><max value="*"/><base><path value="DiagnosticReport.specimen"/><min value="0"/><max value="*"/></base><type><code value="Reference"/><targetProfile value="http://hl7.org/fhir/StructureDefinition/Specimen"/></type><mustSupport value="false"/><isModifier value="false"/><isSummary value="false"/><mapping><identity value="v2"/><map value="SPM"/></mapping><mapping><identity value="rim"/><map value="participation[typeCode=SBJ]"/></mapping><mapping><identity value="vendor-agnostic-v2"/><map value="OBR-3.1 (Filler Order Number ID) SPM-2 (Specimen ID) can be used in interfaces that are HL7 v2.5.1 and higher"/></mapping><mapping><identity value="ontario--olis"/><map value="OBR-3.1"/></mapping><mapping><identity value="prince-edward-island--cerner-millennium"/><map value="SPM-2.2"/></mapping><mapping><identity value="nova-scotia--meditech-magic"/><map value="OBR-3.1"/></mapping><mapping><identity value="nove-scotia--cerner-millennium"/><map value="OBR-20 (Filler Field 1+ Unformatted Millennium accession number)"/></mapping><mapping><identity value="nova-scotia--meditech-c/s"/><map value="OBR-3.1"/></mapping></element><element id="DiagnosticReport.result"><path value="DiagnosticReport.result"/><short value="Observations"/><definition value="[Observations](http://hl7.org/fhir/R4/observation.html)  that are part of this diagnostic report."/><comment value="Observations can contain observations."/><requirements value="Need to support individual results, or  groups of results, where the result grouping is arbitrary, but meaningful."/><alias value="Data"/><alias value="Atomic Value"/><alias value="Result"/><alias value="Atomic result"/><alias value="Data"/><alias value="Test"/><alias value="Analyte"/><alias value="Battery"/><alias value="Organizer"/><min value="0"/><max value="*"/><base><path value="DiagnosticReport.result"/><min value="0"/><max value="*"/></base><type><code value="Reference"/><targetProfile value="http://infoway-inforoute.ca/fhir/StructureDefinition/access-observation-gen-pat"/></type><mustSupport value="true"/><isModifier value="false"/><isSummary value="false"/><mapping><identity value="v2"/><map value="OBXs"/></mapping><mapping><identity value="rim"/><map value="outboundRelationship[typeCode=COMP].target"/></mapping><mapping><identity value="vendor-agnostic-v2"/><map value="OBX-21 (Observation Instance Identifier)&#xA;Other suggested options if OBX-21 is not available: OBR-2 (Placer Order Number) + OBR-3(Filler Order Number) + OBX-3 (Observation Identifier)"/></mapping><mapping><identity value="ontario--olis"/><map value="OBR-3.1"/></mapping><mapping><identity value="prince-edward-island--cerner-millennium"/><map value="OBR-3.1 + OBR-4.1"/></mapping><mapping><identity value="nova-scotia--meditech-magic"/><map value="OBR-3.1 + OBR-4.1"/></mapping><mapping><identity value="nove-scotia--cerner-millennium"/><map value="OBR-20 + OBR-4.1"/></mapping><mapping><identity value="nova-scotia--meditech-c/s"/><map value="OBR-3.1 + OBR-4.1"/></mapping></element><element id="DiagnosticReport.imagingStudy"><path value="DiagnosticReport.imagingStudy"/><short value="Reference to full details of imaging associated with the diagnostic report"/><definition value="One or more links to full details of any imaging performed during the diagnostic investigation. Typically, this is imaging performed by DICOM enabled modalities, but this is not required. A fully enabled PACS viewer can use this information to provide views of the source images."/><comment value="ImagingStudy and the image element are somewhat overlapping - typically, the list of image references in the image element will also be found in one of the imaging study resources. However, each caters to different types of displays for different types of purposes. Neither, either, or both may be provided."/><min value="0"/><max value="*"/><base><path value="DiagnosticReport.imagingStudy"/><min value="0"/><max value="*"/></base><type><code value="Reference"/><targetProfile value="http://hl7.org/fhir/StructureDefinition/ImagingStudy"/></type><isModifier value="false"/><isSummary value="false"/><mapping><identity value="rim"/><map value="outboundRelationship[typeCode=COMP].target[classsCode=DGIMG, moodCode=EVN]"/></mapping></element><element id="DiagnosticReport.media"><path value="DiagnosticReport.media"/><short value="Key images associated with this report"/><definition value="A list of key images associated with this report. The images are generally created during the diagnostic process, and may be directly of the patient, or of treated specimens (i.e. slides of interest)."/><requirements value="Many diagnostic services include images in the report as part of their service."/><alias value="DICOM"/><alias value="Slides"/><alias value="Scans"/><min value="0"/><max value="*"/><base><path value="DiagnosticReport.media"/><min value="0"/><max value="*"/></base><type><code value="BackboneElement"/></type><constraint><key value="ele-1"/><severity value="error"/><human value="All FHIR elements must have a @value or children"/><expression value="hasValue() or (children().count() &gt; id.count())"/><xpath value="@value|f:*|h:div"/><source value="Element"/></constraint><isModifier value="false"/><isSummary value="true"/><mapping><identity value="v2"/><map value="OBX?"/></mapping><mapping><identity value="rim"/><map value="outboundRelationship[typeCode=COMP].target"/></mapping></element><element id="DiagnosticReport.media.id"><path value="DiagnosticReport.media.id"/><representation value="xmlAttr"/><short value="Unique id for inter-element referencing"/><definition value="Unique id for the element within a resource (for internal references). This may be any string value that does not contain spaces."/><min value="0"/><max value="1"/><base><path value="Element.id"/><min value="0"/><max value="1"/></base><type><code value="string"/></type><isModifier value="false"/><isSummary value="false"/><mapping><identity value="rim"/><map value="n/a"/></mapping></element><element id="DiagnosticReport.media.extension"><path value="DiagnosticReport.media.extension"/><short value="Additional content defined by implementations"/><definition value="May be used to represent additional information that is not part of the basic definition of the element. To make the use of extensions safe and manageable, there is a strict set of governance  applied to the definition and use of extensions. Though any implementer can define an extension, there is a set of requirements that SHALL be met as part of the definition of the extension."/><comment value="There can be no stigma associated with the use of extensions by any application, project, or standard - regardless of the institution or jurisdiction that uses or defines the extensions.  The use of extensions is what allows the FHIR specification to retain a core level of simplicity for everyone."/><alias value="extensions"/><alias value="user content"/><min value="0"/><max value="*"/><base><path value="Element.extension"/><min value="0"/><max value="*"/></base><type><code value="Extension"/></type><isModifier value="false"/><isSummary value="false"/><mapping><identity value="rim"/><map value="n/a"/></mapping></element><element id="DiagnosticReport.media.modifierExtension"><path value="DiagnosticReport.media.modifierExtension"/><short value="Extensions that cannot be ignored even if unrecognized"/><definition value="May be used to represent additional information that is not part of the basic definition of the element and that modifies the understanding of the element in which it is contained and/or the understanding of the containing element&#39;s descendants. Usually modifier elements provide negation or qualification. To make the use of extensions safe and manageable, there is a strict set of governance applied to the definition and use of extensions. Though any implementer can define an extension, there is a set of requirements that SHALL be met as part of the definition of the extension. Applications processing a resource are required to check for modifier extensions.&#xA;&#xA;Modifier extensions SHALL NOT change the meaning of any elements on Resource or DomainResource (including cannot change the meaning of modifierExtension itself)."/><comment value="There can be no stigma associated with the use of extensions by any application, project, or standard - regardless of the institution or jurisdiction that uses or defines the extensions.  The use of extensions is what allows the FHIR specification to retain a core level of simplicity for everyone."/><requirements value="Modifier extensions allow for extensions that *cannot* be safely ignored to be clearly distinguished from the vast majority of extensions which can be safely ignored.  This promotes interoperability by eliminating the need for implementers to prohibit the presence of extensions. For further information, see the [definition of modifier extensions](http://hl7.org/fhir/R4/extensibility.html#modifierExtension)."/><alias value="extensions"/><alias value="user content"/><alias value="modifiers"/><min value="0"/><max value="*"/><base><path value="BackboneElement.modifierExtension"/><min value="0"/><max value="*"/></base><type><code value="Extension"/></type><isModifier value="true"/><isModifierReason value="Modifier extensions are expected to modify the meaning or interpretation of the element that contains them"/><isSummary value="true"/><mapping><identity value="rim"/><map value="N/A"/></mapping></element><element id="DiagnosticReport.media.comment"><path value="DiagnosticReport.media.comment"/><short value="Comment about the image (e.g. explanation)"/><definition value="A comment about the image. Typically, this is used to provide an explanation for why the image is included, or to draw the viewer&#39;s attention to important features."/><comment value="The comment should be displayed with the image. It would be common for the report to include additional discussion of the image contents in other sections such as the conclusion."/><requirements value="The provider of the report should make a comment about each image included in the report."/><min value="0"/><max value="1"/><base><path value="DiagnosticReport.media.comment"/><min value="0"/><max value="1"/></base><type><code value="string"/></type><isModifier value="false"/><isSummary value="false"/><mapping><identity value="rim"/><map value=".inboundRelationship[typeCode=COMP].source[classCode=OBS, moodCode=EVN, code=&quot;annotation&quot;].value"/></mapping></element><element id="DiagnosticReport.media.link"><path value="DiagnosticReport.media.link"/><short value="Reference to the image source"/><definition value="Reference to the image source."/><min value="1"/><max value="1"/><base><path value="DiagnosticReport.media.link"/><min value="1"/><max value="1"/></base><type><code value="Reference"/><targetProfile value="http://hl7.org/fhir/StructureDefinition/Media"/></type><isModifier value="false"/><isSummary value="true"/><mapping><identity value="rim"/><map value=".value.reference"/></mapping></element><element id="DiagnosticReport.conclusion"><path value="DiagnosticReport.conclusion"/><short value="Clinical conclusion (interpretation) of test results"/><definition value="Concise and clinically contextualized summary conclusion (interpretation/impression) of the diagnostic report."/><requirements value="Need to be able to provide a conclusion that is not lost among the basic result data."/><alias value="Report"/><min value="0"/><max value="1"/><base><path value="DiagnosticReport.conclusion"/><min value="0"/><max value="1"/></base><type><code value="string"/></type><mustSupport value="false"/><isModifier value="false"/><isSummary value="false"/><mapping><identity value="v2"/><map value="OBX"/></mapping><mapping><identity value="rim"/><map value="inboundRelationship[typeCode=&quot;SPRT&quot;].source[classCode=OBS, moodCode=EVN, code=LOINC:48767-8].value (type=ST)"/></mapping><mapping><identity value="vendor-agnostic-v2"/><map value="OBX. Or NTE-3 when NTE-2 data type is interpretive data"/></mapping></element><element id="DiagnosticReport.conclusionCode"><path value="DiagnosticReport.conclusionCode"/><short value="Codes for the clinical conclusion of test results"/><definition value="One or more codes that represent the summary conclusion (interpretation/impression) of the diagnostic report."/><min value="0"/><max value="*"/><base><path value="DiagnosticReport.conclusionCode"/><min value="0"/><max value="*"/></base><type><code value="CodeableConcept"/></type><mustSupport value="false"/><isModifier value="false"/><isSummary value="false"/><binding><strength value="example"/><description value="SNOMED CT Clinical Findings"/><valueSet value="http://hl7.org/fhir/ValueSet/clinical-findings"/></binding><mapping><identity value="v2"/><map value="OBX"/></mapping><mapping><identity value="rim"/><map value="inboundRelationship[typeCode=SPRT].source[classCode=OBS, moodCode=EVN, code=LOINC:54531-9].value (type=CD)"/></mapping><mapping><identity value="vendor-agnostic-v2"/><map value="OBX. Or NTE-3 when NTE-2 data type is interpretive data"/></mapping></element><element id="DiagnosticReport.presentedForm"><path value="DiagnosticReport.presentedForm"/><short value="Entire report as issued"/><definition value="Rich text representation of the entire result as issued by the diagnostic service. Multiple formats are allowed but they SHALL be semantically equivalent."/><comment value="&quot;application/pdf&quot; is recommended as the most reliable and interoperable in this context."/><requirements value="Gives laboratory the ability to provide its own fully formatted report for clinical fidelity."/><min value="0"/><max value="*"/><base><path value="DiagnosticReport.presentedForm"/><min value="0"/><max value="*"/></base><type><code value="Attachment"/></type><isModifier value="false"/><isSummary value="false"/><mapping><identity value="v2"/><map value="OBX"/></mapping><mapping><identity value="rim"/><map value="text (type=ED)"/></mapping></element></snapshot><differential><element id="DiagnosticReport"><path value="DiagnosticReport"/><short value="A Diagnostic report - a combination of request information, atomic results, images, interpretation, as well as formatted reports"/><definition value="Expected requirements for the DiagnosticReport resource when reflecting general lab result data based on existing source mappings."/><comment value="Note for implementors: This profile focuses on general lab results. It excludes pathology, microbiology, serotology, etc for two reasons: 1) The density and content of information in the various lab types are dramatically different from each other, these differences drive different information and interaction requirements from patients, and 2) there is a large degree of variance in how general lab results are formatted (more structured) and how other types of labs like pathology are structured (largely text based).   Additional analysis required for microbiology, serotology,  and pathology lab result types to determine level of structured data available."/><mustSupport value="false"/><isModifier value="false"/></element><element id="DiagnosticReport.identifier"><path value="DiagnosticReport.identifier"/><short value="Business identifier for report"/><type><code value="Identifier"/></type><mustSupport value="false"/><isModifier value="false"/><mapping><identity value="vendor-agnostic-v2"/><map value="OBR-51 &#xA;Other suggested options if OBR-51 is not available: OBR-2 + OBR-3 + OBR-4"/></mapping><mapping><identity value="ontario--olis"/><map value="OBR-3 + ORC-4"/></mapping><mapping><identity value="prince-edward-island--cerner-millennium"/><map value="OBR-2 + OBR-3"/></mapping><mapping><identity value="nova-scotia--meditech-magic"/><map value="OBR-2 + OBR-3"/></mapping><mapping><identity value="nove-scotia--cerner-millennium"/><map value="OBR-2 + OBR-20"/></mapping><mapping><identity value="nova-scotia--meditech-c/s"/><map value="OBR-2 + OBR-3"/></mapping></element><element id="DiagnosticReport.status"><path value="DiagnosticReport.status"/><short value="registered | partial | preliminary | final +"/><comment value="Mapping Note: See the notes in the mapping document discussing the need to map the HL7 v2 codes used by the LIS (shorthand often single-digit codes) to the codes used by the FHIR value set (usually full word code)."/><type><code value="code"/></type><mustSupport value="true"/><isModifier value="false"/><binding><strength value="required"/><description value="Diagnostic Report Status"/><valueSet value="http://hl7.org/fhir/ValueSet/diagnostic-report-status"/></binding><mapping><identity value="vendor-agnostic-v2"/><map value="OBR-25 (not 1:1 mapping)"/></mapping><mapping><identity value="ontario--olis"/><map value="OBR-25 (Codes supported: P, F, C, N, W, X, Z)"/></mapping><mapping><identity value="prince-edward-island--cerner-millennium"/><map value="OBR-25 (Codes supported: P, F, C, D, R, S, D, U, I) Could also receive codes from Cerner Millennium Code Set 8 (UNAUTH, TRANSCRIBED, C_TRANSCRIBED, INPROGRESS, AUTH, ALTERED, MODIFIED, INERROR, INERRNOMUT, INERRNOVIEW, CANCELLED, NOT DONE)"/></mapping><mapping><identity value="nova-scotia--meditech-magic"/><map value="OBR-25 (Codes supported: P, F, D, A*)"/></mapping><mapping><identity value="nove-scotia--cerner-millennium"/><map value="OBR-25 (Codes supported: P, F, C)"/></mapping><mapping><identity value="nova-scotia--meditech-c/s"/><map value="OBR-25 (Codes supported: P, F, C, D, A*, FOUT*)"/></mapping></element><element id="DiagnosticReport.category"><path value="DiagnosticReport.category"/><slicing><discriminator><type value="value"/><path value="pattern"/></discriminator><rules value="open"/></slicing><short value="Service Category"/><comment value="Laboratory should be the default code used in this diagnostic report profile. Other profiles may support other codes."/><min value="1"/><max value="*"/><type><code value="CodeableConcept"/></type><mustSupport value="true"/><isModifier value="false"/><binding><strength value="example"/><description value="Diagnostic Service Section Codes"/><valueSet value="http://hl7.org/fhir/ValueSet/diagnostic-service-sections"/></binding><mapping><identity value="vendor-agnostic-v2"/><map value="OBR-24"/></mapping><mapping><identity value="ontario--olis"/><map value="?"/></mapping><mapping><identity value="prince-edward-island--cerner-millennium"/><map value="OBR-24"/></mapping><mapping><identity value="nova-scotia--meditech-magic"/><map value="OBR-24"/></mapping><mapping><identity value="nove-scotia--cerner-millennium"/><map value="OBR-24"/></mapping><mapping><identity value="nova-scotia--meditech-c/s"/><map value="OBR-24"/></mapping></element><element id="DiagnosticReport.category.lab"><path value="DiagnosticReport.category.lab"/><min value="1"/><max value="1"/><type><code value="CodeableConcept"/></type><patternCodeableConcept><coding><system value="http://terminology.hl7.org/CodeSystem/v2-0074"/><code value="LAB"/></coding></patternCodeableConcept><mustSupport value="true"/><isModifier value="false"/></element><element id="DiagnosticReport.code"><path value="DiagnosticReport.code"/><short value="Name/Code for this diagnostic report"/><comment value="Implementor Note: US Core uses a value set that pulls from the LOINC Diagnostic Report codes but does not fix a certain value.  OLIS pulls from LOINC but requires a fixed value of 11502-2 to identify the lab report. Keeping the LOINC value set as an example is intended to strike a balance between both profiles, but further investigation with jurisdictional end-users/LIS is recommended to determine if a fixed value should be pursued to reduce confusion and inconsistency for patients."/><type><code value="CodeableConcept"/></type><mustSupport value="true"/><isModifier value="false"/><binding><strength value="preferred"/><description value="LOINC Diagnostic Report Codes"/><valueSet value="http://hl7.org/fhir/ValueSet/report-codes"/></binding><mapping><identity value="vendor-agnostic-v2"/><map value="OBR-4 (HL7 v2 doesn&#39;t provide an easy way to indicate both the ordered test and the performed panel)"/></mapping><mapping><identity value="ontario--olis"/><map value="OBX-3"/></mapping><mapping><identity value="prince-edward-island--cerner-millennium"/><map value="OBR-4"/></mapping><mapping><identity value="nova-scotia--meditech-magic"/><map value="OBR-4"/></mapping><mapping><identity value="nove-scotia--cerner-millennium"/><map value="OBR-4"/></mapping><mapping><identity value="nova-scotia--meditech-c/s"/><map value="OBR-4"/></mapping></element><element id="DiagnosticReport.subject"><path value="DiagnosticReport.subject"/><short value="The subject of the report"/><min value="1"/><max value="1"/><type><code value="Reference"/><targetProfile value="http://hl7.org/fhir/ca/core/StructureDefinition/profile-patient"/></type><mustSupport value="true"/><isModifier value="false"/><mapping><identity value="vendor-agnostic-v2"/><map value="PID-3(MRN) , PID-2 (primary insurance policy number) should also be considered&#xA;Other suggested options if PID-3 is not available or the patient resource is tied to provincial identifiers: PID-2 OR PID-4 (Depending on if HL7 v2.3 or lower)"/></mapping><mapping><identity value="ontario--olis"/><map value="PID-3"/></mapping><mapping><identity value="prince-edward-island--cerner-millennium"/><map value="PID-3 (if v2.3.1 and above), PID-4 (if v2.3 or below)"/></mapping><mapping><identity value="nova-scotia--meditech-magic"/><map value="PID-3"/></mapping><mapping><identity value="nove-scotia--cerner-millennium"/><map value="PID-3"/></mapping><mapping><identity value="nova-scotia--meditech-c/s"/><map value="PID-3"/></mapping></element><element id="DiagnosticReport.effectiveDateTime"><path value="DiagnosticReport.effectiveDateTime"/><short value="Clinically relevant time/time-period for report"/><type><code value="dateTime"/></type><mustSupport value="true"/><isModifier value="false"/><mapping><identity value="vendor-agnostic-v2"/><map value="OBR-7 (Observation Date/Time)"/></mapping><mapping><identity value="ontario--olis"/><map value="OBR-7"/></mapping><mapping><identity value="prince-edward-island--cerner-millennium"/><map value="OBR-7"/></mapping><mapping><identity value="nova-scotia--meditech-magic"/><map value="OBR-7"/></mapping><mapping><identity value="nove-scotia--cerner-millennium"/><map value="OBR-7"/></mapping><mapping><identity value="nova-scotia--meditech-c/s"/><map value="OBR-7"/></mapping></element><element id="DiagnosticReport.issued"><path value="DiagnosticReport.issued"/><short value="DateTime this version was made"/><comment value="Mapping note: Keep in mind that the instant data type requires seconds and time zone to be reported and the HL7 v2 ORU messages that are the source of the conversions are likely to only include YYYY-MM-DD-HH-DD. If hour and minute are unknown, the Meditech NS LIS append &quot;UNK&quot;. Additional work will be required on behalf of the converter to add in zeros for seconds and time zone to be conformant to the FHIR Data type. There are no limitations from the base HL7 spec or NS implementation guides for time stamp that would prevent bi-directional conversion."/><mustSupport value="true"/><isModifier value="false"/><mapping><identity value="vendor-agnostic-v2"/><map value="OBR-22 (Results Rpt/Status Chng &#x2013; Date/Time)&#xA;Other suggested options if OBR-22 is not available: OBR-7 or OBX-19 can be used if interface is HL7 v2.4 or higher"/></mapping><mapping><identity value="ontario--olis"/><map value="ZBX-1 (Test Result Release Date/Time)"/></mapping><mapping><identity value="prince-edward-island--cerner-millennium"/><map value="OBR-22"/></mapping><mapping><identity value="nova-scotia--meditech-magic"/><map value="OBR-22"/></mapping><mapping><identity value="nove-scotia--cerner-millennium"/><map value="OBR-22"/></mapping></element><element id="DiagnosticReport.performer"><path value="DiagnosticReport.performer"/><slicing><discriminator><type value="value"/><path value="profile"/></discriminator><rules value="open"/></slicing><short value="Responsible Diagnostic Service"/><type><code value="Reference"/><targetProfile value="http://hl7.org/fhir/StructureDefinition/Practitioner"/><targetProfile value="http://hl7.org/fhir/StructureDefinition/Organization"/></type><mustSupport value="true"/><isModifier value="false"/></element><element id="DiagnosticReport.performer.practitioner"><path value="DiagnosticReport.performer.practitioner"/><short value="Practitioner responsible for the diagnostic report"/><comment value="SME Note: Rare in general labs to have physicians that sign the lab result.  Lab performing practitioner is usually internal information that gets stored by LIS for operational purposes, but not likely of value to patients or clinicians. &#xA;&#xA;Implementor Note: Included for alignment with existing Canadian &amp; International profiles, kept as optional until reviewal by end-users determines removal or must-support flag."/><type><code value="Reference"/><targetProfile value="http://hl7.org/fhir/ca/core/StructureDefinition/profile-practitioner"/></type><mustSupport value="false"/><isModifier value="false"/><mapping><identity value="vendor-agnostic-v2"/><map value="OBR-32 (Principal Result Interpreter) or OBX-16 (Responsible Observer)"/></mapping><mapping><identity value="prince-edward-island--cerner-millennium"/><map value="OBR-32"/></mapping><mapping><identity value="nove-scotia--cerner-millennium"/><map value="OBX-16 (not sent for all results)"/></mapping></element><element id="DiagnosticReport.performer.organization"><path value="DiagnosticReport.performer.organization"/><short value="Organization responsible for the diagnostic report"/><comment value="SME Note: Most commonly, performing organization will be available (more frequently than performing practitioner)."/><type><code value="Reference"/><targetProfile value="http://hl7.org/fhir/ca/core/StructureDefinition/profile-organization"/></type><mustSupport value="false"/><isModifier value="false"/><mapping><identity value="vendor-agnostic-v2"/><map value="OBX-15 (Producer ID), OBX-23 (Performing Organization Name) if interface is HL7 2.5.1 and higher"/></mapping><mapping><identity value="ontario--olis"/><map value="ZBR-6 (Performing Laboratory)"/></mapping><mapping><identity value="prince-edward-island--cerner-millennium"/><map value="OBX-23"/></mapping><mapping><identity value="nova-scotia--meditech-magic"/><map value="ZPS-2 (Meditech performing lab site mnemonic) / ZPS-3 (Meditech performing lab site name)"/></mapping><mapping><identity value="nova-scotia--meditech-c/s"/><map value="OBX-15"/></mapping></element><element id="DiagnosticReport.specimen"><path value="DiagnosticReport.specimen"/><short value="Specimens this report is based on"/><type><code value="Reference"/><targetProfile value="http://hl7.org/fhir/StructureDefinition/Specimen"/></type><mustSupport value="false"/><isModifier value="false"/><mapping><identity value="vendor-agnostic-v2"/><map value="OBR-3.1 (Filler Order Number ID) SPM-2 (Specimen ID) can be used in interfaces that are HL7 v2.5.1 and higher"/></mapping><mapping><identity value="ontario--olis"/><map value="OBR-3.1"/></mapping><mapping><identity value="prince-edward-island--cerner-millennium"/><map value="SPM-2.2"/></mapping><mapping><identity value="nova-scotia--meditech-magic"/><map value="OBR-3.1"/></mapping><mapping><identity value="nove-scotia--cerner-millennium"/><map value="OBR-20 (Filler Field 1+ Unformatted Millennium accession number)"/></mapping><mapping><identity value="nova-scotia--meditech-c/s"/><map value="OBR-3.1"/></mapping></element><element id="DiagnosticReport.result"><path value="DiagnosticReport.result"/><short value="Observations"/><type><code value="Reference"/><targetProfile value="http://infoway-inforoute.ca/fhir/StructureDefinition/access-observation-gen-pat"/></type><mustSupport value="true"/><isModifier value="false"/><mapping><identity value="vendor-agnostic-v2"/><map value="OBX-21 (Observation Instance Identifier)&#xA;Other suggested options if OBX-21 is not available: OBR-2 (Placer Order Number) + OBR-3(Filler Order Number) + OBX-3 (Observation Identifier)"/></mapping><mapping><identity value="ontario--olis"/><map value="OBR-3.1"/></mapping><mapping><identity value="prince-edward-island--cerner-millennium"/><map value="OBR-3.1 + OBR-4.1"/></mapping><mapping><identity value="nova-scotia--meditech-magic"/><map value="OBR-3.1 + OBR-4.1"/></mapping><mapping><identity value="nove-scotia--cerner-millennium"/><map value="OBR-20 + OBR-4.1"/></mapping><mapping><identity value="nova-scotia--meditech-c/s"/><map value="OBR-3.1 + OBR-4.1"/></mapping></element><element id="DiagnosticReport.conclusion"><path value="DiagnosticReport.conclusion"/><short value="Clinical conclusion (interpretation) of test results"/><type><code value="string"/></type><mustSupport value="false"/><isModifier value="false"/><mapping><identity value="vendor-agnostic-v2"/><map value="OBX. Or NTE-3 when NTE-2 data type is interpretive data"/></mapping></element><element id="DiagnosticReport.conclusionCode"><path value="DiagnosticReport.conclusionCode"/><short value="Codes for the clinical conclusion of test results"/><type><code value="CodeableConcept"/></type><mustSupport value="false"/><isModifier value="false"/><binding><strength value="example"/><description value="SNOMED CT Clinical Findings"/><valueSet value="http://hl7.org/fhir/ValueSet/clinical-findings"/></binding><mapping><identity value="vendor-agnostic-v2"/><map value="OBX. Or NTE-3 when NTE-2 data type is interpretive data"/></mapping></element></differential></StructureDefinition>