<?xml version="1.0" encoding="UTF-8"?>

<MedicationRequest xmlns="http://hl7.org/fhir">
  <id value="medicationrequest-clin-example"/>
  <text>
    <status value="generated"/><div xmlns="http://www.w3.org/1999/xhtml"><p><b>Generated Narrative with Details</b></p><p><b>id</b>: medicationrequest-clin-example</p><p><b>contained</b>: </p><p><b>identifier</b>: 222222</p><p><b>status</b>: active</p><p><b>statusReason</b>: INT <span style="background: LightGoldenRodYellow">(Details : {[not stated] code 'INT' = 'INT)</span></p><p><b>intent</b>: order</p><p><b>reported</b>: true</p><p><b>medication</b>: ALMOTRIPTAN (almotriptan (almotriptan malate) 12.5 mg oral tablet) <span style="background: LightGoldenRodYellow">(Details : {http://hl7.org/fhir/NamingSystem/ca-hc-din code '00123556' = '00123556', given as 'ALMOTRIPTAN (almotriptan (almotriptan malate) 12.5 mg oral tablet)'})</span></p><p><b>subject</b>: <a href="Patient/999999999">Patient/999999999</a></p><p><b>authoredOn</b>: Jan 1, 2004, 8:20:01 AM</p><p><b>requester</b>: <a href="Practitioner/123456">Practitioner/123456</a></p><p><b>performer</b>: <a href="Practitioner/888888">Practitioner/888888</a></p><p><b>performerType</b>: PSY <span style="background: LightGoldenRodYellow">(Details : {[not stated] code 'PSY' = 'PSY)</span></p><p><b>reasonCode</b>: Migraine (disorder) <span style="background: LightGoldenRodYellow">(Details : {SNOMED CT code '37796009' = 'Migraine', given as 'Migraine (disorder)'})</span>, Headache <span style="background: LightGoldenRodYellow">(Details : {http://hl7.org/fhir/sid/icd-10 code 'R51' = 'R51', given as 'Headache'})</span>, An example textual description of an indication not meant to be either diagnosis or symptom <span style="background: LightGoldenRodYellow">(Details )</span></p><p><b>courseOfTherapyType</b>: as needed <span style="background: LightGoldenRodYellow">(Details : {http://terminology.hl7.org/CodeSystem/v3-ActCode code 'PRN' = 'as needed', given as 'as needed'})</span></p><p><b>note</b>: Some textual observation about the dispense by the dispenser</p><p><b>dosageInstruction</b>: </p><blockquote><p><b>dispenseRequest</b></p><h3>InitialFills</h3><table class="grid"><tr><td>-</td><td><b>Quantity</b></td><td><b>Duration</b></td></tr><tr><td>*</td><td>100 mg</td><td>30 d</td></tr></table><p><b>dispenseInterval</b>: 30 d</p><p><b>validityPeriod</b>: Jan 1, 2004, 12:00:00 AM --&gt; Jan 2, 2006, 12:00:00 AM</p><p><b>numberOfRepeatsAllowed</b>: 12</p><p><b>quantity</b>: 250 mg</p><p><b>expectedSupplyDuration</b>: 30 Day<span style="background: LightGoldenRodYellow"> (Details: UCUM code d = 'd')</span></p><p><b>performer</b>: <a href="Organization/123445">Organization/123445</a></p></blockquote><h3>Substitutions</h3><table class="grid"><tr><td>-</td><td><b>Allowed[x]</b></td><td><b>Reason</b></td></tr><tr><td>*</td><td>true</td><td>ALGAlT <span style="background: LightGoldenRodYellow">(Details : {[not stated] code 'ALGAlT' = 'ALGAlT)</span></td></tr></table><p><b>priorPrescription</b>: <a href="MedicationRequest/11111">MedicationRequest/11111</a></p></div>
  </text>
  <contained>
    <DetectedIssue>
    <!-- The Identifier was the ID of the detectedIssue monograph in instatiation/detectedIssueDefinition in the CeRX message, there may be some issues with duplicate identifiers if the ID is not unique across all IDs stored in the local DIS -->
      <id value="#detectedIssue2354"/>
    <!-- carrying over "active" or "completed" will cause an issue in FHIR connformance, assumed that the value of "unknown" could be populated by the converter in these types of cases -->
      <status value="unknown"/>
      <detail value="The patient has an intolerance to iron oxide found in Almotriptan malate 6.25mg"/>
      <mitigation>
        <action>
        <!-- In order to be meaningful to patients, the converter will likely need to create a display based on the value provided (5= consulted provider) -->
          <coding>
          <!-- Implementation consideration: we know PEI uses v3-ActCode for this value but it's not communicated in any of the structured data of the test message -->
            <system value="http://terminology.hl7.org/CodeSystem/v3-ActCode"/>
            <code value="5"/>
          </coding>
        </action>
        <date value="2003-12-01T10:01:01-03:00"/>
        <author>
          <reference value="Practitioner/555555"/>
          <display value="Tech Timmy"/>
        </author>
      </mitigation>
    </DetectedIssue>
  </contained>
  <identifier>
    <value value="222222"/>
  </identifier>
  <status value="active"/>
<!-- Because the FHIR profile only provides an example binding, the original code in the CeRX message can be converted losslessly into the FHIR Resource.
      Keep in mind that this is not a perfect semantic match, it only applies to cases where status is affected by a refusal to fill or a  that were caused by errors in the original query (when use of PORX_IN060260CA/QUQI_MT120000CAcontrolActEvent/subjectOf/PORX_MT980020CA/detectedIssueEvent/code is appropriate) -->
  <statusReason>
    <coding>
      <code value="INT"/>
    </coding>
  </statusReason>
  <intent value="order"/>
  <reportedBoolean value="true"/>
  <medicationCodeableConcept>
    <coding>
      <system value="http://hl7.org/fhir/NamingSystem/ca-hc-din"/>
      <code value="00123556"/>
      <display value="ALMOTRIPTAN (almotriptan (almotriptan malate) 12.5 mg oral tablet)"/>
    </coding>
  </medicationCodeableConcept>
  <subject>
    <reference value="Patient/999999999"/>
  </subject>
  <authoredOn value="2004-01-01T10:20:01-03:00"/>
  <requester>
    <reference value="Practitioner/123456"/>
  </requester>
  <performer>
    <reference value="Practitioner/888888"/>
  </performer>
  <performerType>
    <coding>
      <code value="PSY"/>
    </coding>
  </performerType>
  <reasonCode>
    <coding>
      <system value="http://snomed.info/sct"/>
      <code value="37796009"/>
      <display value="Migraine (disorder)"/>
    </coding>
  </reasonCode>
  <reasonCode>
    <coding>
      <system value="http://hl7.org/fhir/sid/icd-10"/>
      <code value="R51"/>
      <display value="Headache"/>
    </coding>
  </reasonCode>
  <reasonCode>
    <text value="An example textual description of an indication not meant to be either diagnosis or symptom"/>
  </reasonCode>
  <courseOfTherapyType>
    <coding>
      <system value="http://terminology.hl7.org/CodeSystem/v3-ActCode"/>
      <code value="PRN"/>
      <display value="as needed"/>
    </coding>
  </courseOfTherapyType>
  <note>
    <authorReference>
      <reference value="Practitioner/777777"/>
    </authorReference>
    <time value="2004-01-01T09:01:01-03:00"/>
    <text value="Some textual observation about the dispense by the dispenser"/>
  </note>
  <dosageInstruction>
    <sequence value="1"/>
    <text value="Take 12.5 mg PO at onset; may repeat once after 2 hours. Not to exceed 25 mg/day. This medication is intended to address Migraines at onset. If you experience Migraines for more than 10 days/month, consult your doctor."/>
    <timing>
      <repeat>
        <boundsPeriod>
          <start value="2004-01-01"/>
          <end value="2004-01-31"/>
        </boundsPeriod>
      </repeat>
    </timing>
  <!-- This "LA" (left arm) value is not clinically consistent with the rest of the example, it was kept to show how conversion might occur in cases where the medication was administered to a human body site -->
    <site>
      <coding>
        <system value="http://terminology.hl7.org/CodeSystem/v3-ActSite"/>
        <code value="LA"/>
        <display value="left arm"/>
      </coding>
    </site>
    <route>
      <coding>
      <!-- The PEI DIS uses GCRT - Route of Administration Codes from 2.16.840.1.113883.4.80 instead of HL7 RouteOfAdministration vocab, no url for a system could be identified for GCRT -->
        <code value="3"/>
      </coding>
    </route>
    <doseAndRate>
      <doseRange>
        <low>
          <value value="6.25"/>
          <unit value="mg"/>
        </low>
        <high>
          <value value="6.25"/>
          <unit value="mg"/>
        </high>
      </doseRange>
    </doseAndRate>
    <maxDosePerPeriod>
      <numerator>
        <value value="25"/>
        <unit value="mg"/>
      </numerator>
      <denominator>
        <value value="1"/>
        <unit value="day"/>
      </denominator>
    </maxDosePerPeriod>
  </dosageInstruction>
  <dispenseRequest>
    <initialFill>
      <quantity>
        <value value="100"/>
        <unit value="mg"/>
      </quantity>
      <duration>
        <value value="30"/>
        <unit value="d"/>
      </duration>
    </initialFill>
    <dispenseInterval>
      <value value="30"/>
      <unit value="d"/>
    </dispenseInterval>
    <validityPeriod>
      <start value="2004-01-01"/>
      <end value="2006-01-02"/>
    </validityPeriod>
    <numberOfRepeatsAllowed value="12"/>
    <quantity>
      <value value="250"/>
      <unit value="mg"/>
    </quantity>
    <expectedSupplyDuration>
      <value value="30"/>
      <unit value="Day"/>
      <system value="http://unitsofmeasure.org"/>
      <code value="d"/>
    </expectedSupplyDuration>
    <performer>
      <reference value="Organization/123445"/>
    </performer>
  </dispenseRequest>
  <substitution>
    <allowedBoolean value="true"/>
    <reason>
      <coding>
      <!-- the comments in the test message indicate values from SubstanceAdminSubstitutionNotAllowedReason vocab are used, however no identifiers were provided outside of comments that could be transformed- so system was left out -->
        <code value="ALGAlT"/>
      </coding>
    </reason>
  </substitution>
  <priorPrescription>
    <reference value="MedicationRequest/11111"/>
  </priorPrescription>
</MedicationRequest>