{"resourceType":"ImplementationGuide","id":"access","text":{"status":"generated","div":"<div xmlns=\"http://www.w3.org/1999/xhtml\"><h2>AccessHealth</h2><p>The official URL for this implementation guide is: </p><pre>http://infoway-inforoute.ca/fhir/ImplementationGuide/access</pre><div><p>Provides an initial set of FHIR requirements based on mappings of jurisdictional data sources for the Access Health project.</p>\n</div></div>"},"url":"http://infoway-inforoute.ca/fhir/ImplementationGuide/access","version":"0.1.0","name":"AccessHealth","status":"draft","experimental":false,"publisher":"Canada Health Infoway","contact":[{"telecom":[{"system":"other","value":"http://infoway-inforoute.ca"}]}],"description":"Provides an initial set of FHIR requirements based on mappings of jurisdictional data sources for the Access Health project.","jurisdiction":[{"coding":[{"system":"urn:iso:std:iso:3166","code":"CA"}]}],"fhirVersion":"4.0.0","package":[{"id":"profiles","name":"Profiles","description":"Constraints on FHIR resources to be adhered to as part of the ACCESS implementation guide"},{"id":"examples","name":"Example(s)","description":"Example(s) showing the use of the ACCESS profiles","resource":[{"extension":[{"url":"http://hl7.org/fhir/StructureDefinition/implementationguide-page","valueUri":"diagnosticreport-gen-pat-example.html"}],"example":true,"name":"ACCESS-DiagnosticReport-Example","description":"FHIR example of a Diagnostic Report resource that is conformant to the ACCESS general lab DiagnosticReport profile ","sourceReference":{"reference":"DiagnosticReport/diagnosticreport-gen-pat-example"},"exampleFor":{"reference":"StructureDefinition/access-diagnosticreport-gen-pat"}},{"extension":[{"url":"http://hl7.org/fhir/StructureDefinition/implementationguide-page","valueUri":"medicationdispense-clin-example.html"}],"example":true,"name":"ACCESS-MedicationDispense-Example","description":"FHIR example of a MedicationDispense resource that is conformant to the ACCESS MedicationDispense Clinician-Focused profile. This example also includes a commented out CeRX PORX_IN060220CA message that the values were mapped from.","sourceReference":{"reference":"MedicationDispense/medicationdispense-clin-example"},"exampleFor":{"reference":"StructureDefinition/access-medicationdispense-clin"}},{"example":true,"name":"ACCESS-MedicationRequest-Example","description":"FHIR example of a MedicationRequest resource that is conformant to the ACCESS MedicationRequest Clinician-Focused profile. This example also includes a commented out CeRX PORX_IN060220CA message that the values were mapped from.","sourceReference":{"reference":"MedicationDispense/medicationrequest-clin-example"},"exampleFor":{"reference":"StructureDefinition/access-medicationrequest-clin"}},{"extension":[{"url":"http://hl7.org/fhir/StructureDefinition/implementationguide-page","valueUri":"medicationstatement-clin-example.html"}],"example":true,"name":"ACCESS-MedicationStatement","description":"FHIR example of a MedicationStatement resource that is conformant to the ACCESS MedicationStatement Clinician-Focused profile. This example also includes a commented out CeRX PORX_IN060220CA message that the values were mapped from.","sourceReference":{"reference":"MedicationStatement/medicationstatement-clin-example"},"exampleFor":{"reference":"StructureDefinition/access-medicationstatement-clin"}},{"extension":[{"url":"http://hl7.org/fhir/StructureDefinition/implementationguide-page","valueUri":"observation-gen-pat-example.html"}],"example":true,"name":"ACCESS-Observation","description":"FHIR example of an Observation resource that is conformant to the ACCESS Observation general lab patient-focused profile.","sourceReference":{"reference":"Observation/observation-gen-pat-example"},"exampleFor":{"reference":"StructureDefinition/access-observation-gen-pat"}}]},{"id":"observation-gen-pat-access-profile-spreadsheet.xml","name":"ACCESS Health Observation (General Labs Patient)","resource":[{"extension":[{"url":"http://hl7.org/fhir/StructureDefinition/implementationguide-page","valueUri":"access-observation-gen-pat.html"}],"example":false,"name":"AccessObservationGeneralLabPatient","sourceReference":{"reference":"StructureDefinition/access-observation-gen-pat"}}]},{"id":"diagnosticreport-gen-pat-access-profile-spreadsheet.xml","name":"ACCESS Health Diagnostic Report (General Labs Patient)","resource":[{"extension":[{"url":"http://hl7.org/fhir/StructureDefinition/implementationguide-page","valueUri":"access-diagnosticreport-gen-pat.html"}],"example":false,"name":"AccessDiagnosticReportGeneralLabPatient","sourceReference":{"reference":"StructureDefinition/access-diagnosticreport-gen-pat"}}]},{"id":"medicationdispense-pat-access-profile-spreadsheet.xml","name":"ACCESS Health MedicationDispense (Patient)","resource":[{"extension":[{"url":"http://hl7.org/fhir/StructureDefinition/implementationguide-page","valueUri":"access-medicationdispense-pat.html"}],"example":false,"name":"AccessMedicationDispense-Pat","sourceReference":{"reference":"StructureDefinition/access-medicationdispense-pat"}}]},{"id":"medicationdispense-clin-access-profile-spreadsheet.xml","name":"ACCESS Health MedicationDispense (Clinician)","resource":[{"extension":[{"url":"http://hl7.org/fhir/StructureDefinition/implementationguide-page","valueUri":"access-medicationdispense-clin.html"}],"example":false,"name":"AccessMedicationDispense-Clin","sourceReference":{"reference":"StructureDefinition/access-medicationdispense-clin"}}]},{"id":"medicationrequest-clin-access-profile-spreadsheet.xml","name":"ACCESS Health MedicationRequest (Clinician)","resource":[{"extension":[{"url":"http://hl7.org/fhir/StructureDefinition/implementationguide-page","valueUri":"access-medicationrequest-clin.html"}],"example":false,"name":"AccessMedicationRequest-Clin","sourceReference":{"reference":"StructureDefinition/access-medicationrequest-clin"}}]},{"id":"medicationrequest-pat-access-profile-spreadsheet.xml","name":"ACCESS Health MedicationRequest (Patient)","resource":[{"extension":[{"url":"http://hl7.org/fhir/StructureDefinition/implementationguide-page","valueUri":"access-medicationrequest-pat.html"}],"example":false,"name":"AccessMedicationRequest-Pat","sourceReference":{"reference":"StructureDefinition/access-medicationrequest-pat"}}]},{"id":"medicationstatement-pat-access-profile-spreadsheet.xml","name":"ACCESS Health MedicationStatement (Patient)","resource":[{"extension":[{"url":"http://hl7.org/fhir/StructureDefinition/implementationguide-page","valueUri":"access-medicationstatement-pat.html"}],"example":false,"name":"AccessMedicationStatement-Pat","sourceReference":{"reference":"StructureDefinition/access-medicationstatement-pat"}}]},{"id":"medicationstatement-clin-access-profile-spreadsheet.xml","name":"ACCESS Health MedicationStatement (Clinician)","resource":[{"extension":[{"url":"http://hl7.org/fhir/StructureDefinition/implementationguide-page","valueUri":"access-medicationstatement-clin.html"}],"example":false,"name":"AccessMedicationStatement-Clin","sourceReference":{"reference":"StructureDefinition/access-medicationstatement-clin"}}]}],"page":{"source":"toc.html","title":"Table of Contents","kind":"page","page":[{"source":"index.html","title":"ACCESS Home Page","kind":"resource"},{"source":"artifacts.html","title":"Artifact List","kind":"page","page":[{"source":"access-observation-gen-pat.html","title":"General Lab Observation","kind":"resource"},{"source":"access-diagnosticreport-gen-pat.html","title":"General Lab DiagnosticReport","kind":"resource"},{"source":"access-medicationdispense-pat.html","title":"Medication Dispense (Patient)","kind":"resource"},{"source":"access-medicationdispense-clin.html","title":"Medication Dispense (Clinician)","kind":"resource"},{"source":"access-medicationrequest-pat.html","title":"Medication Request (Patient)","kind":"resource"},{"source":"access-medicationrequest-clin.html","title":"Medication Request (Clinician)","kind":"resource"},{"source":"access-medicationstatement-pat.html","title":"Medication Statement (Patient)","kind":"resource"},{"source":"access-medicationstatement-clin.html","title":"Medication Statement (Clinician)","kind":"resource"},{"source":"diagnosticreport-gen-pat-example.html","title":"ACCESS-DiagnosticReport-Example","kind":"resource"},{"source":"medicationdispense-clin-example.html","title":"ACCESS-MedicationDispense-Example","kind":"resource"},{"source":"medicationrequest-clin-example.html","title":"ACCESS-MedicationRequest-Example","kind":"resource"},{"source":"medicationstatement-clin-example.html","title":"ACCESS-MedicationStatement","kind":"resource"},{"source":"observation-gen-pat-example.html","title":"ACCESS-Observation","kind":"resource"}]}]}}