{"resourceType":"StructureDefinition","id":"access-diagnosticreport-gen-pat","text":{"status":"generated","div":"<div xmlns=\"http://www.w3.org/1999/xhtml\"><table border=\"0\" cellpadding=\"0\" cellspacing=\"0\" style=\"border: 0px #F0F0F0 solid; font-size: 11px; font-family: verdana; vertical-align: top;\"><tr style=\"border: 1px #F0F0F0 solid; font-size: 11px; font-family: verdana; vertical-align: top;\"><th style=\"vertical-align: top; text-align : left; background-color: white; border: 0px #F0F0F0 solid; padding:0px 4px 0px 4px\" class=\"hierarchy\"><a href=\"http://hl7.org/fhir/R4/formats.html#table\" title=\"The logical name of the element\">Name</a></th><th style=\"vertical-align: top; text-align : left; background-color: white; border: 0px #F0F0F0 solid; padding:0px 4px 0px 4px\" class=\"hierarchy\"><a href=\"http://hl7.org/fhir/R4/formats.html#table\" title=\"Information about the use of the element\">Flags</a></th><th style=\"vertical-align: top; text-align : left; background-color: white; border: 0px #F0F0F0 solid; padding:0px 4px 0px 4px\" class=\"hierarchy\"><a href=\"http://hl7.org/fhir/R4/formats.html#table\" title=\"Minimum and Maximum # of times the the element can appear in the instance\">Card.</a></th><th style=\"width: 100px\" class=\"hierarchy\"><a href=\"http://hl7.org/fhir/R4/formats.html#table\" title=\"Reference to the type of the element\">Type</a></th><th style=\"vertical-align: top; text-align : left; background-color: white; border: 0px #F0F0F0 solid; padding:0px 4px 0px 4px\" class=\"hierarchy\"><a href=\"http://hl7.org/fhir/R4/formats.html#table\" title=\"Additional information about the element\">Description &amp; Constraints</a><span style=\"float: right\"><a href=\"http://hl7.org/fhir/R4/formats.html#table\" title=\"Legend for this format\"><img src=\"http://hl7.org/fhir/R4/help16.png\" alt=\"doco\" style=\"background-color: inherit\"/></a></span></th></tr><tr style=\"border: 0px #F0F0F0 solid; padding:0px; vertical-align: top; background-color: white;\"><td style=\"vertical-align: top; text-align : left; background-color: white; border: 0px #F0F0F0 solid; padding:0px 4px 0px 4px; white-space: nowrap; background-image: url(tbl_bck1.png)\" class=\"hierarchy\"><img src=\"tbl_spacer.png\" alt=\".\" style=\"background-color: inherit\" class=\"hierarchy\"/><img src=\"icon_element.gif\" alt=\".\" style=\"background-color: white; background-color: inherit\" title=\"Element\" class=\"hierarchy\"/> <a href=\"{{[id]}}-definitions.html#DiagnosticReport\" title=\"Expected requirements for the DiagnosticReport resource when reflecting general lab result data based on existing source mappings.\">DiagnosticReport</a><a name=\"DiagnosticReport\"> </a></td><td style=\"vertical-align: top; text-align : left; background-color: white; border: 0px #F0F0F0 solid; padding:0px 4px 0px 4px\" class=\"hierarchy\"/><td style=\"vertical-align: top; text-align : left; background-color: white; border: 0px #F0F0F0 solid; padding:0px 4px 0px 4px\" class=\"hierarchy\"/><td style=\"vertical-align: top; text-align : left; background-color: white; border: 0px #F0F0F0 solid; padding:0px 4px 0px 4px\" class=\"hierarchy\"/><td style=\"vertical-align: top; text-align : left; background-color: white; border: 0px #F0F0F0 solid; padding:0px 4px 0px 4px\" class=\"hierarchy\">A Diagnostic report - a combination of request information, atomic results, images, interpretation, as well as formatted reports</td></tr>\r\n<tr style=\"border: 0px #F0F0F0 solid; padding:0px; vertical-align: top; background-color: white;\"><td style=\"vertical-align: top; text-align : left; background-color: white; border: 0px #F0F0F0 solid; padding:0px 4px 0px 4px; white-space: nowrap; background-image: url(tbl_bck10.png)\" class=\"hierarchy\"><img src=\"tbl_spacer.png\" alt=\".\" style=\"background-color: inherit\" class=\"hierarchy\"/><img src=\"tbl_vjoin.png\" alt=\".\" style=\"background-color: inherit\" class=\"hierarchy\"/><img src=\"icon_datatype.gif\" alt=\".\" style=\"background-color: white; background-color: inherit\" title=\"Data Type\" class=\"hierarchy\"/> <a href=\"{{[id]}}-definitions.html#DiagnosticReport.identifier\">identifier</a><a name=\"DiagnosticReport.identifier\"> </a></td><td style=\"vertical-align: top; text-align : left; background-color: white; border: 0px #F0F0F0 solid; padding:0px 4px 0px 4px\" class=\"hierarchy\"/><td style=\"vertical-align: top; text-align : left; background-color: white; border: 0px #F0F0F0 solid; padding:0px 4px 0px 4px\" class=\"hierarchy\"/><td style=\"vertical-align: top; text-align : left; background-color: white; border: 0px #F0F0F0 solid; padding:0px 4px 0px 4px\" class=\"hierarchy\"><a href=\"http://hl7.org/fhir/R4/datatypes.html#Identifier\">Identifier</a></td><td style=\"vertical-align: top; text-align : left; background-color: white; border: 0px #F0F0F0 solid; padding:0px 4px 0px 4px\" class=\"hierarchy\">Business identifier for report</td></tr>\r\n<tr style=\"border: 0px #F0F0F0 solid; padding:0px; vertical-align: top; background-color: white;\"><td style=\"vertical-align: top; text-align : left; background-color: white; border: 0px #F0F0F0 solid; padding:0px 4px 0px 4px; white-space: nowrap; background-image: url(tbl_bck10.png)\" class=\"hierarchy\"><img src=\"tbl_spacer.png\" alt=\".\" style=\"background-color: inherit\" class=\"hierarchy\"/><img src=\"tbl_vjoin.png\" alt=\".\" style=\"background-color: inherit\" class=\"hierarchy\"/><img src=\"icon_primitive.png\" alt=\".\" style=\"background-color: white; background-color: inherit\" title=\"Primitive Data Type\" class=\"hierarchy\"/> <a href=\"{{[id]}}-definitions.html#DiagnosticReport.status\">status</a><a name=\"DiagnosticReport.status\"> </a></td><td style=\"vertical-align: top; text-align : left; background-color: white; border: 0px #F0F0F0 solid; padding:0px 4px 0px 4px\" class=\"hierarchy\"><span style=\"padding-left: 3px; padding-right: 3px; color: white; background-color: red\" title=\"This element must be supported\">S</span></td><td style=\"vertical-align: top; text-align : left; background-color: white; border: 0px #F0F0F0 solid; padding:0px 4px 0px 4px\" class=\"hierarchy\"/><td style=\"vertical-align: top; text-align : left; background-color: white; border: 0px #F0F0F0 solid; padding:0px 4px 0px 4px\" class=\"hierarchy\"><a href=\"http://hl7.org/fhir/R4/datatypes.html#code\">code</a></td><td style=\"vertical-align: top; text-align : left; background-color: white; border: 0px #F0F0F0 solid; padding:0px 4px 0px 4px\" class=\"hierarchy\">registered | partial | preliminary | final +<br/><span style=\"font-weight:bold\">Binding: </span><a href=\"http://hl7.org/fhir/R4/valueset-diagnostic-report-status.html\">DiagnosticReportStatus</a> (<a href=\"http://hl7.org/fhir/R4/terminologies.html#required\" title=\"To be conformant, the concept in this element SHALL be from the specified value set.\">required</a>)</td></tr>\r\n<tr style=\"border: 0px #F0F0F0 solid; padding:0px; vertical-align: top; background-color: white;\"><td style=\"vertical-align: top; text-align : left; background-color: white; border: 0px #F0F0F0 solid; padding:0px 4px 0px 4px; white-space: nowrap; background-image: url(tbl_bck13.png)\" class=\"hierarchy\"><img src=\"tbl_spacer.png\" alt=\".\" style=\"background-color: inherit\" class=\"hierarchy\"/><img src=\"tbl_vjoin.png\" alt=\".\" style=\"background-color: inherit\" class=\"hierarchy\"/><img src=\"icon_slice.png\" alt=\".\" style=\"background-color: white; background-color: inherit\" title=\"Slice Definition\" class=\"hierarchy\"/> <a style=\"font-style: italic\" href=\"{{[id]}}-definitions.html#DiagnosticReport.category\">category</a><a name=\"DiagnosticReport.category\"> </a></td><td style=\"vertical-align: top; text-align : left; background-color: white; border: 0px #F0F0F0 solid; padding:0px 4px 0px 4px\" class=\"hierarchy\"><span style=\"padding-left: 3px; padding-right: 3px; color: white; background-color: red; font-style: italic\" title=\"This element must be supported\">S</span></td><td style=\"vertical-align: top; text-align : left; background-color: white; border: 0px #F0F0F0 solid; padding:0px 4px 0px 4px\" class=\"hierarchy\"/><td style=\"vertical-align: top; text-align : left; background-color: white; border: 0px #F0F0F0 solid; padding:0px 4px 0px 4px\" class=\"hierarchy\"><a style=\"font-style: italic\" href=\"http://hl7.org/fhir/R4/datatypes.html#CodeableConcept\">CodeableConcept</a></td><td style=\"vertical-align: top; text-align : left; background-color: white; border: 0px #F0F0F0 solid; padding:0px 4px 0px 4px\" class=\"hierarchy\"><span style=\"font-style: italic\">Service Category</span><br style=\"font-style: italic\"/><span style=\"font-weight:bold; font-style: italic\">Slice: </span><span style=\"font-style: italic\">Unordered, Open by value:pattern</span><br style=\"font-style: italic\"/><span style=\"font-weight:bold; font-style: italic\">Binding: </span><a style=\"font-style: italic\" href=\"http://hl7.org/fhir/R4/valueset-diagnostic-service-sections.html\">DiagnosticServiceSectionCodes</a><span style=\"font-style: italic\"> (</span><a style=\"font-style: italic\" href=\"http://hl7.org/fhir/R4/terminologies.html#example\" title=\"Instances are not expected or even encouraged to draw from the specified value set.  The value set merely provides examples of the types of concepts intended to be included.\">example</a><span style=\"font-style: italic\">)</span><br style=\"font-style: italic\"/></td></tr>\r\n<tr style=\"border: 0px #F0F0F0 solid; padding:0px; vertical-align: top; background-color: white;\"><td style=\"vertical-align: top; text-align : left; background-color: white; border: 0px #F0F0F0 solid; padding:0px 4px 0px 4px; white-space: nowrap; background-image: url(tbl_bck120.png)\" class=\"hierarchy\"><img src=\"tbl_spacer.png\" alt=\".\" style=\"background-color: inherit\" class=\"hierarchy\"/><img src=\"tbl_vline.png\" alt=\".\" style=\"background-color: inherit\" class=\"hierarchy\"/><img src=\"tbl_vjoin_end_slicer.png\" alt=\".\" style=\"background-color: inherit\" class=\"hierarchy\"/><img src=\"icon_datatype.gif\" alt=\".\" style=\"background-color: white; background-color: inherit\" title=\"Data Type\" class=\"hierarchy\"/> <a href=\"{{[id]}}-definitions.html#DiagnosticReport.category.lab\">lab</a><a name=\"DiagnosticReport.category.lab\"> </a></td><td style=\"vertical-align: top; text-align : left; background-color: white; border: 0px #F0F0F0 solid; padding:0px 4px 0px 4px\" class=\"hierarchy\"><span style=\"padding-left: 3px; padding-right: 3px; color: white; background-color: red\" title=\"This element must be supported\">S</span></td><td style=\"vertical-align: top; text-align : left; background-color: white; border: 0px #F0F0F0 solid; padding:0px 4px 0px 4px\" class=\"hierarchy\">1..1</td><td style=\"vertical-align: top; text-align : left; background-color: white; border: 0px #F0F0F0 solid; padding:0px 4px 0px 4px\" class=\"hierarchy\"><a href=\"http://hl7.org/fhir/R4/datatypes.html#CodeableConcept\">CodeableConcept</a></td><td style=\"vertical-align: top; text-align : left; background-color: white; border: 0px #F0F0F0 solid; padding:0px 4px 0px 4px\" class=\"hierarchy\"><span style=\"font-weight:bold\">Required Pattern: </span><span style=\"color: darkgreen\">{&quot;coding&quot;:[{&quot;system&quot;:&quot;http://terminology.hl7.org/CodeSystem/v2-0074&quot;,&quot;code&quot;:&quot;LAB&quot;}]}</span></td></tr>\r\n<tr style=\"border: 0px #F0F0F0 solid; padding:0px; vertical-align: top; background-color: white;\"><td style=\"vertical-align: top; text-align : left; background-color: white; border: 0px #F0F0F0 solid; padding:0px 4px 0px 4px; white-space: nowrap; background-image: url(tbl_bck10.png)\" class=\"hierarchy\"><img src=\"tbl_spacer.png\" alt=\".\" style=\"background-color: inherit\" class=\"hierarchy\"/><img src=\"tbl_vjoin.png\" alt=\".\" style=\"background-color: inherit\" class=\"hierarchy\"/><img src=\"icon_datatype.gif\" alt=\".\" style=\"background-color: white; background-color: inherit\" title=\"Data Type\" class=\"hierarchy\"/> <a href=\"{{[id]}}-definitions.html#DiagnosticReport.code\">code</a><a name=\"DiagnosticReport.code\"> </a></td><td style=\"vertical-align: top; text-align : left; background-color: white; border: 0px #F0F0F0 solid; padding:0px 4px 0px 4px\" class=\"hierarchy\"><span style=\"padding-left: 3px; padding-right: 3px; color: white; background-color: red\" title=\"This element must be supported\">S</span></td><td style=\"vertical-align: top; text-align : left; background-color: white; border: 0px #F0F0F0 solid; padding:0px 4px 0px 4px\" class=\"hierarchy\"/><td style=\"vertical-align: top; text-align : left; background-color: white; border: 0px #F0F0F0 solid; padding:0px 4px 0px 4px\" class=\"hierarchy\"><a href=\"http://hl7.org/fhir/R4/datatypes.html#CodeableConcept\">CodeableConcept</a></td><td style=\"vertical-align: top; text-align : left; background-color: white; border: 0px #F0F0F0 solid; padding:0px 4px 0px 4px\" class=\"hierarchy\">Name/Code for this diagnostic report<br/><span style=\"font-weight:bold\">Binding: </span><a href=\"http://hl7.org/fhir/R4/valueset-report-codes.html\">LOINCDiagnosticReportCodes</a> (<a href=\"http://hl7.org/fhir/R4/terminologies.html#preferred\" title=\"Instances are encouraged to draw from the specified codes for interoperability purposes but are not required to do so to be considered conformant.\">preferred</a>)</td></tr>\r\n<tr style=\"border: 0px #F0F0F0 solid; padding:0px; vertical-align: top; background-color: white;\"><td style=\"vertical-align: top; text-align : left; background-color: white; border: 0px #F0F0F0 solid; padding:0px 4px 0px 4px; white-space: nowrap; background-image: url(tbl_bck10.png)\" class=\"hierarchy\"><img src=\"tbl_spacer.png\" alt=\".\" style=\"background-color: inherit\" class=\"hierarchy\"/><img src=\"tbl_vjoin.png\" alt=\".\" style=\"background-color: inherit\" class=\"hierarchy\"/><img src=\"icon_reference.png\" alt=\".\" style=\"background-color: white; background-color: inherit\" title=\"Reference to another Resource\" class=\"hierarchy\"/> <a href=\"{{[id]}}-definitions.html#DiagnosticReport.subject\">subject</a><a name=\"DiagnosticReport.subject\"> </a></td><td style=\"vertical-align: top; text-align : left; background-color: white; border: 0px #F0F0F0 solid; padding:0px 4px 0px 4px\" class=\"hierarchy\"><span style=\"padding-left: 3px; padding-right: 3px; color: white; background-color: red\" title=\"This element must be supported\">S</span></td><td style=\"vertical-align: top; text-align : left; background-color: white; border: 0px #F0F0F0 solid; padding:0px 4px 0px 4px\" class=\"hierarchy\">1..1</td><td style=\"vertical-align: top; text-align : left; background-color: white; border: 0px #F0F0F0 solid; padding:0px 4px 0px 4px\" class=\"hierarchy\"><a href=\"http://hl7.org/fhir/R4/references.html\">Reference</a>(http://hl7.org/fhir/ca/core/StructureDefinition/profile-patient)</td><td style=\"vertical-align: top; text-align : left; background-color: white; border: 0px #F0F0F0 solid; padding:0px 4px 0px 4px\" class=\"hierarchy\">The subject of the report</td></tr>\r\n<tr style=\"border: 0px #F0F0F0 solid; padding:0px; vertical-align: top; background-color: white;\"><td style=\"vertical-align: top; text-align : left; background-color: white; border: 0px #F0F0F0 solid; padding:0px 4px 0px 4px; white-space: nowrap; background-image: url(tbl_bck10.png)\" class=\"hierarchy\"><img src=\"tbl_spacer.png\" alt=\".\" style=\"background-color: inherit\" class=\"hierarchy\"/><img src=\"tbl_vjoin.png\" alt=\".\" style=\"background-color: inherit\" class=\"hierarchy\"/><img src=\"icon_primitive.png\" alt=\".\" style=\"background-color: white; background-color: inherit\" title=\"Primitive Data Type\" class=\"hierarchy\"/> <a href=\"{{[id]}}-definitions.html#DiagnosticReport.effectiveDateTime\">effectiveDateTime</a><a name=\"DiagnosticReport.effectiveDateTime\"> </a></td><td style=\"vertical-align: top; text-align : left; background-color: white; border: 0px #F0F0F0 solid; padding:0px 4px 0px 4px\" class=\"hierarchy\"><span style=\"padding-left: 3px; padding-right: 3px; color: white; background-color: red\" title=\"This element must be supported\">S</span></td><td style=\"vertical-align: top; text-align : left; background-color: white; border: 0px #F0F0F0 solid; padding:0px 4px 0px 4px\" class=\"hierarchy\"/><td style=\"vertical-align: top; text-align : left; background-color: white; border: 0px #F0F0F0 solid; padding:0px 4px 0px 4px\" class=\"hierarchy\"><a href=\"http://hl7.org/fhir/R4/datatypes.html#dateTime\">dateTime</a></td><td style=\"vertical-align: top; text-align : left; background-color: white; border: 0px #F0F0F0 solid; padding:0px 4px 0px 4px\" class=\"hierarchy\">Clinically relevant time/time-period for report</td></tr>\r\n<tr style=\"border: 0px #F0F0F0 solid; padding:0px; vertical-align: top; background-color: white;\"><td style=\"vertical-align: top; text-align : left; background-color: white; border: 0px #F0F0F0 solid; padding:0px 4px 0px 4px; white-space: nowrap; background-image: url(tbl_bck10.png)\" class=\"hierarchy\"><img src=\"tbl_spacer.png\" alt=\".\" style=\"background-color: inherit\" class=\"hierarchy\"/><img src=\"tbl_vjoin.png\" alt=\".\" style=\"background-color: inherit\" class=\"hierarchy\"/><img src=\"icon_element.gif\" alt=\".\" style=\"background-color: white; background-color: inherit\" title=\"Element\" class=\"hierarchy\"/> <a href=\"{{[id]}}-definitions.html#DiagnosticReport.issued\">issued</a><a name=\"DiagnosticReport.issued\"> </a></td><td style=\"vertical-align: top; text-align : left; background-color: white; border: 0px #F0F0F0 solid; padding:0px 4px 0px 4px\" class=\"hierarchy\"><span style=\"padding-left: 3px; padding-right: 3px; color: white; background-color: red\" title=\"This element must be supported\">S</span></td><td style=\"vertical-align: top; text-align : left; background-color: white; border: 0px #F0F0F0 solid; padding:0px 4px 0px 4px\" class=\"hierarchy\"/><td style=\"vertical-align: top; text-align : left; background-color: white; border: 0px #F0F0F0 solid; padding:0px 4px 0px 4px\" class=\"hierarchy\"/><td style=\"vertical-align: top; text-align : left; background-color: white; border: 0px #F0F0F0 solid; padding:0px 4px 0px 4px\" class=\"hierarchy\">DateTime this version was made</td></tr>\r\n<tr style=\"border: 0px #F0F0F0 solid; padding:0px; vertical-align: top; background-color: white;\"><td style=\"vertical-align: top; text-align : left; background-color: white; border: 0px #F0F0F0 solid; padding:0px 4px 0px 4px; white-space: nowrap; background-image: url(tbl_bck13.png)\" class=\"hierarchy\"><img src=\"tbl_spacer.png\" alt=\".\" style=\"background-color: inherit\" class=\"hierarchy\"/><img src=\"tbl_vjoin.png\" alt=\".\" style=\"background-color: inherit\" class=\"hierarchy\"/><img src=\"icon_slice.png\" alt=\".\" style=\"background-color: white; background-color: inherit\" title=\"Slice Definition\" class=\"hierarchy\"/> <a style=\"font-style: italic\" href=\"{{[id]}}-definitions.html#DiagnosticReport.performer\">performer</a><a name=\"DiagnosticReport.performer\"> </a></td><td style=\"vertical-align: top; text-align : left; background-color: white; border: 0px #F0F0F0 solid; padding:0px 4px 0px 4px\" class=\"hierarchy\"><span style=\"padding-left: 3px; padding-right: 3px; color: white; background-color: red; font-style: italic\" title=\"This element must be supported\">S</span></td><td style=\"vertical-align: top; text-align : left; background-color: white; border: 0px #F0F0F0 solid; padding:0px 4px 0px 4px\" class=\"hierarchy\"/><td style=\"vertical-align: top; text-align : left; background-color: white; border: 0px #F0F0F0 solid; padding:0px 4px 0px 4px\" class=\"hierarchy\"><a style=\"font-style: italic\" href=\"http://hl7.org/fhir/R4/references.html\">Reference</a><span style=\"font-style: italic\">(</span><a style=\"font-style: italic\" href=\"http://hl7.org/fhir/R4/practitioner.html\">Practitioner</a><span style=\"font-style: italic\"> | </span><a style=\"font-style: italic\" href=\"http://hl7.org/fhir/R4/organization.html\">Organization</a><span style=\"font-style: italic\">)</span></td><td style=\"vertical-align: top; text-align : left; background-color: white; border: 0px #F0F0F0 solid; padding:0px 4px 0px 4px\" class=\"hierarchy\"><span style=\"font-style: italic\">Responsible Diagnostic Service</span><br style=\"font-style: italic\"/><span style=\"font-weight:bold; font-style: italic\">Slice: </span><span style=\"font-style: italic\">Unordered, Open by value:profile</span></td></tr>\r\n<tr style=\"border: 0px #F0F0F0 solid; padding:0px; vertical-align: top; background-color: white;\"><td style=\"vertical-align: top; text-align : left; background-color: white; border: 0px #F0F0F0 solid; padding:0px 4px 0px 4px; white-space: nowrap; background-image: url(tbl_bck130.png)\" class=\"hierarchy\"><img src=\"tbl_spacer.png\" alt=\".\" style=\"background-color: inherit\" class=\"hierarchy\"/><img src=\"tbl_vline.png\" alt=\".\" style=\"background-color: inherit\" class=\"hierarchy\"/><img src=\"tbl_vjoin_slicer.png\" alt=\".\" style=\"background-color: inherit\" class=\"hierarchy\"/><img src=\"icon_reference.png\" alt=\".\" style=\"background-color: white; background-color: inherit\" title=\"Reference to another Resource\" class=\"hierarchy\"/> <a href=\"{{[id]}}-definitions.html#DiagnosticReport.performer.practitioner\">practitioner</a><a name=\"DiagnosticReport.performer.practitioner\"> </a></td><td style=\"vertical-align: top; text-align : left; background-color: white; border: 0px #F0F0F0 solid; padding:0px 4px 0px 4px\" class=\"hierarchy\"/><td style=\"vertical-align: top; text-align : left; background-color: white; border: 0px #F0F0F0 solid; padding:0px 4px 0px 4px\" class=\"hierarchy\"/><td style=\"vertical-align: top; text-align : left; background-color: white; border: 0px #F0F0F0 solid; padding:0px 4px 0px 4px\" class=\"hierarchy\"><a href=\"http://hl7.org/fhir/R4/references.html\">Reference</a>(http://hl7.org/fhir/ca/core/StructureDefinition/profile-practitioner)</td><td style=\"vertical-align: top; text-align : left; background-color: white; border: 0px #F0F0F0 solid; padding:0px 4px 0px 4px\" class=\"hierarchy\">Practitioner responsible for the diagnostic report</td></tr>\r\n<tr style=\"border: 0px #F0F0F0 solid; padding:0px; vertical-align: top; background-color: white;\"><td style=\"vertical-align: top; text-align : left; background-color: white; border: 0px #F0F0F0 solid; padding:0px 4px 0px 4px; white-space: nowrap; background-image: url(tbl_bck120.png)\" class=\"hierarchy\"><img src=\"tbl_spacer.png\" alt=\".\" style=\"background-color: inherit\" class=\"hierarchy\"/><img src=\"tbl_vline.png\" alt=\".\" style=\"background-color: inherit\" class=\"hierarchy\"/><img src=\"tbl_vjoin_end_slicer.png\" alt=\".\" style=\"background-color: inherit\" class=\"hierarchy\"/><img src=\"icon_reference.png\" alt=\".\" style=\"background-color: white; background-color: inherit\" title=\"Reference to another Resource\" class=\"hierarchy\"/> <a href=\"{{[id]}}-definitions.html#DiagnosticReport.performer.organization\">organization</a><a name=\"DiagnosticReport.performer.organization\"> </a></td><td style=\"vertical-align: top; text-align : left; background-color: white; border: 0px #F0F0F0 solid; padding:0px 4px 0px 4px\" class=\"hierarchy\"/><td style=\"vertical-align: top; text-align : left; background-color: white; border: 0px #F0F0F0 solid; padding:0px 4px 0px 4px\" class=\"hierarchy\"/><td style=\"vertical-align: top; text-align : left; background-color: white; border: 0px #F0F0F0 solid; padding:0px 4px 0px 4px\" class=\"hierarchy\"><a href=\"http://hl7.org/fhir/R4/references.html\">Reference</a>(http://hl7.org/fhir/ca/core/StructureDefinition/profile-organization)</td><td style=\"vertical-align: top; text-align : left; background-color: white; border: 0px #F0F0F0 solid; padding:0px 4px 0px 4px\" class=\"hierarchy\">Organization responsible for the diagnostic report</td></tr>\r\n<tr style=\"border: 0px #F0F0F0 solid; padding:0px; vertical-align: top; background-color: white;\"><td style=\"vertical-align: top; text-align : left; background-color: white; border: 0px #F0F0F0 solid; padding:0px 4px 0px 4px; white-space: nowrap; background-image: url(tbl_bck10.png)\" class=\"hierarchy\"><img src=\"tbl_spacer.png\" alt=\".\" style=\"background-color: inherit\" class=\"hierarchy\"/><img src=\"tbl_vjoin.png\" alt=\".\" style=\"background-color: inherit\" class=\"hierarchy\"/><img src=\"icon_reference.png\" alt=\".\" style=\"background-color: white; background-color: inherit\" title=\"Reference to another Resource\" class=\"hierarchy\"/> <a href=\"{{[id]}}-definitions.html#DiagnosticReport.specimen\">specimen</a><a name=\"DiagnosticReport.specimen\"> </a></td><td style=\"vertical-align: top; text-align : left; background-color: white; border: 0px #F0F0F0 solid; padding:0px 4px 0px 4px\" class=\"hierarchy\"/><td style=\"vertical-align: top; text-align : left; background-color: white; border: 0px #F0F0F0 solid; padding:0px 4px 0px 4px\" class=\"hierarchy\"/><td style=\"vertical-align: top; text-align : left; background-color: white; border: 0px #F0F0F0 solid; padding:0px 4px 0px 4px\" class=\"hierarchy\"><a href=\"http://hl7.org/fhir/R4/references.html\">Reference</a>(<a href=\"http://hl7.org/fhir/R4/specimen.html\">Specimen</a>)</td><td style=\"vertical-align: top; text-align : left; background-color: white; border: 0px #F0F0F0 solid; padding:0px 4px 0px 4px\" class=\"hierarchy\">Specimens this report is based on</td></tr>\r\n<tr style=\"border: 0px #F0F0F0 solid; padding:0px; vertical-align: top; background-color: white;\"><td style=\"vertical-align: top; text-align : left; background-color: white; border: 0px #F0F0F0 solid; padding:0px 4px 0px 4px; white-space: nowrap; background-image: url(tbl_bck10.png)\" class=\"hierarchy\"><img src=\"tbl_spacer.png\" alt=\".\" style=\"background-color: inherit\" class=\"hierarchy\"/><img src=\"tbl_vjoin.png\" alt=\".\" style=\"background-color: inherit\" class=\"hierarchy\"/><img src=\"icon_reference.png\" alt=\".\" style=\"background-color: white; background-color: inherit\" title=\"Reference to another Resource\" class=\"hierarchy\"/> <a href=\"{{[id]}}-definitions.html#DiagnosticReport.result\">result</a><a name=\"DiagnosticReport.result\"> </a></td><td style=\"vertical-align: top; text-align : left; background-color: white; border: 0px #F0F0F0 solid; padding:0px 4px 0px 4px\" class=\"hierarchy\"><span style=\"padding-left: 3px; padding-right: 3px; color: white; background-color: red\" title=\"This element must be supported\">S</span></td><td style=\"vertical-align: top; text-align : left; background-color: white; border: 0px #F0F0F0 solid; padding:0px 4px 0px 4px\" class=\"hierarchy\"/><td style=\"vertical-align: top; text-align : left; background-color: white; border: 0px #F0F0F0 solid; padding:0px 4px 0px 4px\" class=\"hierarchy\"><a href=\"http://hl7.org/fhir/R4/references.html\">Reference</a>(<a href=\"access-observation-gen-pat.html\">AccessObservationGeneralLabPatient</a>)</td><td style=\"vertical-align: top; text-align : left; background-color: white; border: 0px #F0F0F0 solid; padding:0px 4px 0px 4px\" class=\"hierarchy\">Observations</td></tr>\r\n<tr style=\"border: 0px #F0F0F0 solid; padding:0px; vertical-align: top; background-color: white;\"><td style=\"vertical-align: top; text-align : left; background-color: white; border: 0px #F0F0F0 solid; padding:0px 4px 0px 4px; white-space: nowrap; background-image: url(tbl_bck10.png)\" class=\"hierarchy\"><img src=\"tbl_spacer.png\" alt=\".\" style=\"background-color: inherit\" class=\"hierarchy\"/><img src=\"tbl_vjoin.png\" alt=\".\" style=\"background-color: inherit\" class=\"hierarchy\"/><img src=\"icon_primitive.png\" alt=\".\" style=\"background-color: white; background-color: inherit\" title=\"Primitive Data Type\" class=\"hierarchy\"/> <a href=\"{{[id]}}-definitions.html#DiagnosticReport.conclusion\">conclusion</a><a name=\"DiagnosticReport.conclusion\"> </a></td><td style=\"vertical-align: top; text-align : left; background-color: white; border: 0px #F0F0F0 solid; padding:0px 4px 0px 4px\" class=\"hierarchy\"/><td style=\"vertical-align: top; text-align : left; background-color: white; border: 0px #F0F0F0 solid; padding:0px 4px 0px 4px\" class=\"hierarchy\"/><td style=\"vertical-align: top; text-align : left; background-color: white; border: 0px #F0F0F0 solid; padding:0px 4px 0px 4px\" class=\"hierarchy\"><a href=\"http://hl7.org/fhir/R4/datatypes.html#string\">string</a></td><td style=\"vertical-align: top; text-align : left; background-color: white; border: 0px #F0F0F0 solid; padding:0px 4px 0px 4px\" class=\"hierarchy\">Clinical conclusion (interpretation) of test results</td></tr>\r\n<tr style=\"border: 0px #F0F0F0 solid; padding:0px; vertical-align: top; background-color: white;\"><td style=\"vertical-align: top; text-align : left; background-color: white; border: 0px #F0F0F0 solid; padding:0px 4px 0px 4px; white-space: nowrap; background-image: url(tbl_bck00.png)\" class=\"hierarchy\"><img src=\"tbl_spacer.png\" alt=\".\" style=\"background-color: inherit\" class=\"hierarchy\"/><img src=\"tbl_vjoin_end.png\" alt=\".\" style=\"background-color: inherit\" class=\"hierarchy\"/><img src=\"icon_datatype.gif\" alt=\".\" style=\"background-color: white; background-color: inherit\" title=\"Data Type\" class=\"hierarchy\"/> <a href=\"{{[id]}}-definitions.html#DiagnosticReport.conclusionCode\">conclusionCode</a><a name=\"DiagnosticReport.conclusionCode\"> </a></td><td style=\"vertical-align: top; text-align : left; background-color: white; border: 0px #F0F0F0 solid; padding:0px 4px 0px 4px\" class=\"hierarchy\"/><td style=\"vertical-align: top; text-align : left; background-color: white; border: 0px #F0F0F0 solid; padding:0px 4px 0px 4px\" class=\"hierarchy\"/><td style=\"vertical-align: top; text-align : left; background-color: white; border: 0px #F0F0F0 solid; padding:0px 4px 0px 4px\" class=\"hierarchy\"><a href=\"http://hl7.org/fhir/R4/datatypes.html#CodeableConcept\">CodeableConcept</a></td><td style=\"vertical-align: top; text-align : left; background-color: white; border: 0px #F0F0F0 solid; padding:0px 4px 0px 4px\" class=\"hierarchy\">Codes for the clinical conclusion of test results<br/><span style=\"font-weight:bold\">Binding: </span><a href=\"http://hl7.org/fhir/R4/valueset-clinical-findings.html\">SNOMEDCTClinicalFindings</a> (<a href=\"http://hl7.org/fhir/R4/terminologies.html#example\" title=\"Instances are not expected or even encouraged to draw from the specified value set.  The value set merely provides examples of the types of concepts intended to be included.\">example</a>)</td></tr>\r\n<tr><td colspan=\"5\" class=\"hierarchy\"><br/><a href=\"http://hl7.org/fhir/R4/formats.html#table\" title=\"Legend for this format\"><img src=\"http://hl7.org/fhir/R4/help16.png\" alt=\"doco\" style=\"background-color: inherit\"/> Documentation for this format</a></td></tr></table></div>"},"url":"http://infoway-inforoute.ca/fhir/StructureDefinition/access-diagnosticreport-gen-pat","version":"0.1.0","name":"AccessDiagnosticReportGeneralLabPatient","title":"A Diagnostic report - a combination of request information, atomic results, images, interpretation, as well as formatted reports","status":"draft","experimental":false,"date":"2019-03-21T00:00:00-04:00","publisher":"Canada Health Infoway","contact":[{"telecom":[{"system":"url","value":"http://infoway-inforoute.ca"}]}],"description":"Constraints on the DiagnosticReport resource to reflect source data mappings for the ACCESS Health project. Focus of this profile is on display of general Diagnostic Report result information to citizen/patient viewers.","fhirVersion":"4.0.0","mapping":[{"identity":"vendor-agnostic-v2","uri":"http://unknown.org/Vendor Agnostic v2","name":"Vendor Agnostic v2"},{"identity":"ontario--olis","uri":"http://unknown.org/Ontario- OLIS","name":"Ontario- OLIS"},{"identity":"prince-edward-island--cerner-millennium","uri":"http://unknown.org/Prince Edward Island- Cerner Millennium","name":"Prince Edward Island- Cerner Millennium"},{"identity":"nova-scotia--meditech-magic","uri":"http://unknown.org/Nova Scotia- Meditech Magic","name":"Nova Scotia- Meditech Magic"},{"identity":"nove-scotia--cerner-millennium","uri":"http://unknown.org/Nove Scotia- Cerner Millennium","name":"Nove Scotia- Cerner Millennium"},{"identity":"nova-scotia--meditech-c/s","uri":"http://unknown.org/Nova Scotia- Meditech C/S","name":"Nova Scotia- Meditech C/S"},{"identity":"workflow","uri":"http://hl7.org/fhir/workflow","name":"Workflow Pattern"},{"identity":"v2","uri":"http://hl7.org/v2","name":"HL7 v2 Mapping"},{"identity":"rim","uri":"http://hl7.org/v3","name":"RIM Mapping"},{"identity":"w5","uri":"http://hl7.org/fhir/fivews","name":"FiveWs Pattern Mapping"}],"kind":"resource","abstract":false,"type":"DiagnosticReport","baseDefinition":"http://hl7.org/fhir/StructureDefinition/DiagnosticReport","derivation":"constraint","snapshot":{"element":[{"id":"DiagnosticReport","path":"DiagnosticReport","short":"A Diagnostic report - a combination of request information, atomic results, images, interpretation, as well as formatted reports","definition":"Expected requirements for the DiagnosticReport resource when reflecting general lab result data based on existing source mappings.","comment":"Note for implementors: This profile focuses on general lab results. It excludes pathology, microbiology, serotology, etc for two reasons: 1) The density and content of information in the various lab types are dramatically different from each other, these differences drive different information and interaction requirements from patients, and 2) there is a large degree of variance in how general lab results are formatted (more structured) and how other types of labs like pathology are structured (largely text based).   Additional analysis required for microbiology, serotology,  and pathology lab result types to determine level of structured data available.","alias":["Report","Test","Result","Results","Labs","Laboratory"],"min":0,"max":"*","base":{"path":"DiagnosticReport","min":0,"max":"*"},"constraint":[{"key":"dom-2","severity":"error","human":"If the resource is contained in another resource, it SHALL NOT contain nested Resources","expression":"contained.contained.empty()","xpath":"not(parent::f:contained and f:contained)","source":"DomainResource"},{"key":"dom-4","severity":"error","human":"If a resource is contained in another resource, it SHALL NOT have a meta.versionId or a meta.lastUpdated","expression":"contained.meta.versionId.empty() and contained.meta.lastUpdated.empty()","xpath":"not(exists(f:contained/*/f:meta/f:versionId)) and not(exists(f:contained/*/f:meta/f:lastUpdated))","source":"DomainResource"},{"key":"dom-3","severity":"error","human":"If the resource is contained in another resource, it SHALL be referred to from elsewhere in the resource or SHALL refer to the containing resource","expression":"contained.where((('#'+id in (%resource.descendants().reference | %resource.descendants().as(canonical) | %resource.descendants().as(uri) | %resource.descendants().as(url))) or descendants().where(reference = '#').exists() or descendants().where(as(canonical) = '#').exists() or descendants().where(as(canonical) = '#').exists()).not()).trace('unmatched', id).empty()","xpath":"not(exists(for $contained in f:contained return $contained[not(parent::*/descendant::f:reference/@value=concat('#', $contained/*/id/@value) or descendant::f:reference[@value='#'])]))","source":"DomainResource"},{"extension":[{"url":"http://hl7.org/fhir/StructureDefinition/elementdefinition-bestpractice","valueBoolean":true},{"url":"http://hl7.org/fhir/StructureDefinition/elementdefinition-bestpractice-explanation","valueMarkdown":"When a resource has no narrative, only systems that fully understand the data can display the resource to a human safely. Including a human readable representation in the resource makes for a much more robust eco-system and cheaper handling of resources by intermediary systems. Some ecosystems restrict distribution of resources to only those systems that do fully understand the resources, and as a consequence implementers may believe that the narrative is superfluous. However experience shows that such eco-systems often open up to new participants over time."}],"key":"dom-6","severity":"warning","human":"A resource should have narrative for robust management","expression":"text.div.exists()","xpath":"exists(f:text/h:div)","source":"DomainResource"},{"key":"dom-5","severity":"error","human":"If a resource is contained in another resource, it SHALL NOT have a security label","expression":"contained.meta.security.empty()","xpath":"not(exists(f:contained/*/f:meta/f:security))","source":"DomainResource"}],"mustSupport":false,"isModifier":false,"isSummary":false,"mapping":[{"identity":"rim","map":"Entity. Role, or Act"},{"identity":"workflow","map":"Event"},{"identity":"v2","map":"ORU -> OBR"},{"identity":"rim","map":"Observation[classCode=OBS, moodCode=EVN]"}]},{"id":"DiagnosticReport.id","path":"DiagnosticReport.id","short":"Logical id of this artifact","definition":"The logical id of the resource, as used in the URL for the resource. Once assigned, this value never changes.","comment":"The only time that a resource does not have an id is when it is being submitted to the server using a create operation.","min":0,"max":"1","base":{"path":"Resource.id","min":0,"max":"1"},"type":[{"code":"id"}],"isModifier":false,"isSummary":true},{"id":"DiagnosticReport.meta","path":"DiagnosticReport.meta","short":"Metadata about the resource","definition":"The metadata about the resource. This is content that is maintained by the infrastructure. Changes to the content might not always be associated with version changes to the resource.","min":0,"max":"1","base":{"path":"Resource.meta","min":0,"max":"1"},"type":[{"code":"Meta"}],"isModifier":false,"isSummary":true},{"id":"DiagnosticReport.implicitRules","extension":[{"url":"http://hl7.org/fhir/4.0/StructureDefinition/extension-ElementDefinition.isModifierReason","valueString":"This element is labeled as a modifier because the implicit rules may provide additional knowledge about the resource that modifies it's meaning or interpretation"}],"path":"DiagnosticReport.implicitRules","short":"A set of rules under which this content was created","definition":"A reference to a set of rules that were followed when the resource was constructed, and which must be understood when processing the content. Often, this is a reference to an implementation guide that defines the special rules along with other profiles etc.","comment":"Asserting this rule set restricts the content to be only understood by a limited set of trading partners. This inherently limits the usefulness of the data in the long term. However, the existing health eco-system is highly fractured, and not yet ready to define, collect, and exchange data in a generally computable sense. Wherever possible, implementers and/or specification writers should avoid using this element. Often, when used, the URL is a reference to an implementation guide that defines these special rules as part of it's narrative along with other profiles, value sets, etc.","min":0,"max":"1","base":{"path":"Resource.implicitRules","min":0,"max":"1"},"type":[{"code":"uri"}],"isModifier":true,"isSummary":true},{"id":"DiagnosticReport.language","path":"DiagnosticReport.language","short":"Language of the resource content","definition":"The base language in which the resource is written.","comment":"Language is provided to support indexing and accessibility (typically, services such as text to speech use the language tag). The html language tag in the narrative applies  to the narrative. The language tag on the resource may be used to specify the language of other presentations generated from the data in the resource. Not all the content has to be in the base language. The Resource.language should not be assumed to apply to the narrative automatically. If a language is specified, it should it also be specified on the div element in the html (see rules in HTML5 for information about the relationship between xml:lang and the html lang attribute).","min":0,"max":"1","base":{"path":"Resource.language","min":0,"max":"1"},"type":[{"code":"code"}],"isModifier":false,"isSummary":false,"binding":{"extension":[{"url":"http://hl7.org/fhir/StructureDefinition/elementdefinition-maxValueSet","valueReference":{"reference":"http://hl7.org/fhir/ValueSet/all-languages"}},{"url":"http://hl7.org/fhir/StructureDefinition/elementdefinition-bindingName","valueString":"Language"},{"url":"http://hl7.org/fhir/StructureDefinition/elementdefinition-isCommonBinding","valueBoolean":true}],"strength":"preferred","description":"A human language.","valueSetReference":{"reference":"http://hl7.org/fhir/ValueSet/languages"}}},{"id":"DiagnosticReport.text","path":"DiagnosticReport.text","short":"Text summary of the resource, for human interpretation","definition":"A human-readable narrative that contains a summary of the resource and can be used to represent the content of the resource to a human. The narrative need not encode all the structured data, but is required to contain sufficient detail to make it \"clinically safe\" for a human to just read the narrative. Resource definitions may define what content should be represented in the narrative to ensure clinical safety.","comment":"Contained resources do not have narrative. Resources that are not contained SHOULD have a narrative. In some cases, a resource may only have text with little or no additional discrete data (as long as all minOccurs=1 elements are satisfied).  This may be necessary for data from legacy systems where information is captured as a \"text blob\" or where text is additionally entered raw or narrated and encoded information is added later.","alias":["narrative","html","xhtml","display"],"min":0,"max":"1","base":{"path":"DomainResource.text","min":0,"max":"1"},"type":[{"code":"Narrative"}],"isModifier":false,"isSummary":false,"mapping":[{"identity":"rim","map":"Act.text?"}]},{"id":"DiagnosticReport.contained","path":"DiagnosticReport.contained","short":"Contained, inline Resources","definition":"These resources do not have an independent existence apart from the resource that contains them - they cannot be identified independently, and nor can they have their own independent transaction scope.","comment":"This should never be done when the content can be identified properly, as once identification is lost, it is extremely difficult (and context dependent) to restore it again. Contained resources may have profiles and tags In their meta elements, but SHALL NOT have security labels.","alias":["inline resources","anonymous resources","contained resources"],"min":0,"max":"*","base":{"path":"DomainResource.contained","min":0,"max":"*"},"type":[{"code":"Resource"}],"isModifier":false,"isSummary":false,"mapping":[{"identity":"rim","map":"N/A"}]},{"id":"DiagnosticReport.extension","path":"DiagnosticReport.extension","short":"Additional content defined by implementations","definition":"May be used to represent additional information that is not part of the basic definition of the resource. To make the use of extensions safe and manageable, there is a strict set of governance  applied to the definition and use of extensions. Though any implementer can define an extension, there is a set of requirements that SHALL be met as part of the definition of the extension.","comment":"There can be no stigma associated with the use of extensions by any application, project, or standard - regardless of the institution or jurisdiction that uses or defines the extensions.  The use of extensions is what allows the FHIR specification to retain a core level of simplicity for everyone.","alias":["extensions","user content"],"min":0,"max":"*","base":{"path":"DomainResource.extension","min":0,"max":"*"},"type":[{"code":"Extension"}],"isModifier":false,"isSummary":false,"mapping":[{"identity":"rim","map":"N/A"}]},{"id":"DiagnosticReport.modifierExtension","extension":[{"url":"http://hl7.org/fhir/4.0/StructureDefinition/extension-ElementDefinition.isModifierReason","valueString":"Modifier extensions are expected to modify the meaning or interpretation of the resource that contains them"}],"path":"DiagnosticReport.modifierExtension","short":"Extensions that cannot be ignored","definition":"May be used to represent additional information that is not part of the basic definition of the resource and that modifies the understanding of the element that contains it and/or the understanding of the containing element's descendants. Usually modifier elements provide negation or qualification. To make the use of extensions safe and manageable, there is a strict set of governance applied to the definition and use of extensions. Though any implementer is allowed to define an extension, there is a set of requirements that SHALL be met as part of the definition of the extension. Applications processing a resource are required to check for modifier extensions.\n\nModifier extensions SHALL NOT change the meaning of any elements on Resource or DomainResource (including cannot change the meaning of modifierExtension itself).","comment":"There can be no stigma associated with the use of extensions by any application, project, or standard - regardless of the institution or jurisdiction that uses or defines the extensions.  The use of extensions is what allows the FHIR specification to retain a core level of simplicity for everyone.","requirements":"Modifier extensions allow for extensions that *cannot* be safely ignored to be clearly distinguished from the vast majority of extensions which can be safely ignored.  This promotes interoperability by eliminating the need for implementers to prohibit the presence of extensions. For further information, see the [definition of modifier extensions](http://hl7.org/fhir/R4/extensibility.html#modifierExtension).","alias":["extensions","user content"],"min":0,"max":"*","base":{"path":"DomainResource.modifierExtension","min":0,"max":"*"},"type":[{"code":"Extension"}],"isModifier":true,"isSummary":false,"mapping":[{"identity":"rim","map":"N/A"}]},{"id":"DiagnosticReport.identifier","path":"DiagnosticReport.identifier","short":"Business identifier for report","definition":"Identifiers assigned to this report by the performer or other systems.","comment":"Usually assigned by the Information System of the diagnostic service provider (filler id).","requirements":"Need to know what identifier to use when making queries about this report from the source laboratory, and for linking to the report outside FHIR context.","alias":["ReportID","Filler ID","Placer ID"],"min":0,"max":"*","base":{"path":"DiagnosticReport.identifier","min":0,"max":"*"},"type":[{"code":"Identifier"}],"mustSupport":false,"isModifier":false,"isSummary":true,"mapping":[{"identity":"workflow","map":"Event.identifier"},{"identity":"w5","map":"FiveWs.identifier"},{"identity":"v2","map":"OBR-51/ for globally unique filler ID  - OBR-3 , For non-globally unique filler-id the flller/placer number must be combined with the universal service Id -  OBR-2(if present)+OBR-3+OBR-4"},{"identity":"rim","map":"id"},{"identity":"vendor-agnostic-v2","map":"OBR-51 \nOther suggested options if OBR-51 is not available: OBR-2 + OBR-3 + OBR-4"},{"identity":"ontario--olis","map":"OBR-3 + ORC-4"},{"identity":"prince-edward-island--cerner-millennium","map":"OBR-2 + OBR-3"},{"identity":"nova-scotia--meditech-magic","map":"OBR-2 + OBR-3"},{"identity":"nove-scotia--cerner-millennium","map":"OBR-2 + OBR-20"},{"identity":"nova-scotia--meditech-c/s","map":"OBR-2 + OBR-3"}]},{"id":"DiagnosticReport.basedOn","path":"DiagnosticReport.basedOn","short":"What was requested","definition":"Details concerning a service requested.","comment":"Note: Usually there is one test request for each result, however in some circumstances multiple test requests may be represented using a single test result resource. Note that there are also cases where one request leads to multiple reports.","requirements":"This allows tracing of authorization for the report and tracking whether proposals/recommendations were acted upon.","alias":["Request"],"min":0,"max":"*","base":{"path":"DiagnosticReport.basedOn","min":0,"max":"*"},"type":[{"code":"Reference","targetProfile":"http://hl7.org/fhir/StructureDefinition/CarePlan"},{"code":"Reference","targetProfile":"http://hl7.org/fhir/StructureDefinition/ImmunizationRecommendation"},{"code":"Reference","targetProfile":"http://hl7.org/fhir/StructureDefinition/MedicationRequest"},{"code":"Reference","targetProfile":"http://hl7.org/fhir/StructureDefinition/NutritionOrder"},{"code":"Reference","targetProfile":"http://hl7.org/fhir/StructureDefinition/ServiceRequest"}],"isModifier":false,"isSummary":false,"mapping":[{"identity":"workflow","map":"Event.basedOn"},{"identity":"v2","map":"ORC? OBR-2/3?"},{"identity":"rim","map":"outboundRelationship[typeCode=FLFS].target"}]},{"id":"DiagnosticReport.status","extension":[{"url":"http://hl7.org/fhir/4.0/StructureDefinition/extension-ElementDefinition.isModifierReason","valueString":"This element is labeled as a modifier because it is a status element that contains status entered-in-error which means that the resource should not be treated as valid"}],"path":"DiagnosticReport.status","short":"registered | partial | preliminary | final +","definition":"The status of the diagnostic report.","comment":"Mapping Note: See the notes in the mapping document discussing the need to map the HL7 v2 codes used by the LIS (shorthand often single-digit codes) to the codes used by the FHIR value set (usually full word code).","requirements":"Diagnostic services routinely issue provisional/incomplete reports, and sometimes withdraw previously released reports.","min":1,"max":"1","base":{"path":"DiagnosticReport.status","min":1,"max":"1"},"type":[{"code":"code"}],"mustSupport":true,"isModifier":true,"isSummary":true,"binding":{"strength":"required","description":"Diagnostic Report Status","valueSetReference":{"reference":"http://hl7.org/fhir/ValueSet/diagnostic-report-status"}},"mapping":[{"identity":"workflow","map":"Event.status"},{"identity":"w5","map":"FiveWs.status"},{"identity":"v2","map":"OBR-25 (not 1:1 mapping)"},{"identity":"rim","map":"statusCode  Note: final and amended are distinguished by whether observation is the subject of a ControlAct event of type \"revise\""},{"identity":"vendor-agnostic-v2","map":"OBR-25 (not 1:1 mapping)"},{"identity":"ontario--olis","map":"OBR-25 (Codes supported: P, F, C, N, W, X, Z)"},{"identity":"prince-edward-island--cerner-millennium","map":"OBR-25 (Codes supported: P, F, C, D, R, S, D, U, I) Could also receive codes from Cerner Millennium Code Set 8 (UNAUTH, TRANSCRIBED, C_TRANSCRIBED, INPROGRESS, AUTH, ALTERED, MODIFIED, INERROR, INERRNOMUT, INERRNOVIEW, CANCELLED, NOT DONE)"},{"identity":"nova-scotia--meditech-magic","map":"OBR-25 (Codes supported: P, F, D, A*)"},{"identity":"nove-scotia--cerner-millennium","map":"OBR-25 (Codes supported: P, F, C)"},{"identity":"nova-scotia--meditech-c/s","map":"OBR-25 (Codes supported: P, F, C, D, A*, FOUT*)"}]},{"id":"DiagnosticReport.category","path":"DiagnosticReport.category","slicing":{"discriminator":[{"type":"value","path":"pattern"}],"rules":"open"},"short":"Service Category","definition":"A code that classifies the clinical discipline, department or diagnostic service that created the report (e.g. cardiology, biochemistry, hematology, MRI). This is used for searching, sorting and display purposes.","comment":"Laboratory should be the default code used in this diagnostic report profile. Other profiles may support other codes.","alias":["Department","Sub-department","Service","Discipline"],"min":1,"max":"*","base":{"path":"DiagnosticReport.category","min":0,"max":"*"},"type":[{"code":"CodeableConcept"}],"mustSupport":true,"isModifier":false,"isSummary":true,"binding":{"strength":"example","description":"Diagnostic Service Section Codes","valueSetReference":{"reference":"http://hl7.org/fhir/ValueSet/diagnostic-service-sections"}},"mapping":[{"identity":"w5","map":"FiveWs.class"},{"identity":"v2","map":"OBR-24"},{"identity":"rim","map":"inboundRelationship[typeCode=COMP].source[classCode=LIST, moodCode=EVN, code < LabService].code"},{"identity":"vendor-agnostic-v2","map":"OBR-24"},{"identity":"ontario--olis","map":"?"},{"identity":"prince-edward-island--cerner-millennium","map":"OBR-24"},{"identity":"nova-scotia--meditech-magic","map":"OBR-24"},{"identity":"nove-scotia--cerner-millennium","map":"OBR-24"},{"identity":"nova-scotia--meditech-c/s","map":"OBR-24"}]},{"id":"DiagnosticReport.code","path":"DiagnosticReport.code","short":"Name/Code for this diagnostic report","definition":"A code or name that describes this diagnostic report.","comment":"Implementor Note: US Core uses a value set that pulls from the LOINC Diagnostic Report codes but does not fix a certain value.  OLIS pulls from LOINC but requires a fixed value of 11502-2 to identify the lab report. Keeping the LOINC value set as an example is intended to strike a balance between both profiles, but further investigation with jurisdictional end-users/LIS is recommended to determine if a fixed value should be pursued to reduce confusion and inconsistency for patients.","alias":["Type"],"min":1,"max":"1","base":{"path":"DiagnosticReport.code","min":1,"max":"1"},"type":[{"code":"CodeableConcept"}],"mustSupport":true,"isModifier":false,"isSummary":true,"binding":{"strength":"preferred","description":"LOINC Diagnostic Report Codes","valueSetReference":{"reference":"http://hl7.org/fhir/ValueSet/report-codes"}},"mapping":[{"identity":"workflow","map":"Event.code"},{"identity":"w5","map":"FiveWs.what[x]"},{"identity":"v2","map":"OBR-4 (HL7 v2 doesn't provide an easy way to indicate both the ordered test and the performed panel)"},{"identity":"rim","map":"code"},{"identity":"vendor-agnostic-v2","map":"OBR-4 (HL7 v2 doesn't provide an easy way to indicate both the ordered test and the performed panel)"},{"identity":"ontario--olis","map":"OBX-3"},{"identity":"prince-edward-island--cerner-millennium","map":"OBR-4"},{"identity":"nova-scotia--meditech-magic","map":"OBR-4"},{"identity":"nove-scotia--cerner-millennium","map":"OBR-4"},{"identity":"nova-scotia--meditech-c/s","map":"OBR-4"}]},{"id":"DiagnosticReport.subject","path":"DiagnosticReport.subject","short":"The subject of the report","definition":"The subject of the report. Usually, but not always, this is a patient. However, diagnostic services also perform analyses on specimens collected from a variety of other sources.","requirements":"SHALL know the subject context.","alias":["Patient"],"min":1,"max":"1","base":{"path":"DiagnosticReport.subject","min":0,"max":"1"},"type":[{"code":"Reference","targetProfile":"http://hl7.org/fhir/ca/core/StructureDefinition/profile-patient"}],"mustSupport":true,"isModifier":false,"isSummary":true,"mapping":[{"identity":"workflow","map":"Event.subject"},{"identity":"w5","map":"FiveWs.subject[x]"},{"identity":"v2","map":"PID-3 (no HL7 v2 mapping for Group or Device)"},{"identity":"rim","map":"participation[typeCode=SBJ]"},{"identity":"w5","map":"FiveWs.subject"},{"identity":"vendor-agnostic-v2","map":"PID-3(MRN) , PID-2 (primary insurance policy number) should also be considered\nOther suggested options if PID-3 is not available or the patient resource is tied to provincial identifiers: PID-2 OR PID-4 (Depending on if HL7 v2.3 or lower)"},{"identity":"ontario--olis","map":"PID-3"},{"identity":"prince-edward-island--cerner-millennium","map":"PID-3 (if v2.3.1 and above), PID-4 (if v2.3 or below)"},{"identity":"nova-scotia--meditech-magic","map":"PID-3"},{"identity":"nove-scotia--cerner-millennium","map":"PID-3"},{"identity":"nova-scotia--meditech-c/s","map":"PID-3"}]},{"id":"DiagnosticReport.encounter","path":"DiagnosticReport.encounter","short":"Health care event when test ordered","definition":"The healthcare event  (e.g. a patient and healthcare provider interaction) which this DiagnosticReport is about.","comment":"This will typically be the encounter the event occurred within, but some events may be initiated prior to or after the official completion of an encounter  but still be tied to the context of the encounter  (e.g. pre-admission laboratory tests).","requirements":"Links the request to the Encounter context.","alias":["Context"],"min":0,"max":"1","base":{"path":"DiagnosticReport.encounter","min":0,"max":"1"},"type":[{"code":"Reference","targetProfile":"http://hl7.org/fhir/StructureDefinition/Encounter"}],"isModifier":false,"isSummary":true,"mapping":[{"identity":"workflow","map":"Event.encounter"},{"identity":"w5","map":"FiveWs.context"},{"identity":"v2","map":"PV1-19"},{"identity":"rim","map":"inboundRelationship[typeCode=COMP].source[classCode=ENC, moodCode=EVN]"}]},{"id":"DiagnosticReport.effectiveDateTime","path":"DiagnosticReport.effectiveDateTime","short":"Clinically relevant time/time-period for report","definition":"The time or time-period the observed values are related to. When the subject of the report is a patient, this is usually either the time of the procedure or of specimen collection(s), but very often the source of the date/time is not known, only the date/time itself.","comment":"If the diagnostic procedure was performed on the patient, this is the time it was performed. If there are specimens, the diagnostically relevant time can be derived from the specimen collection times, but the specimen information is not always available, and the exact relationship between the specimens and the diagnostically relevant time is not always automatic.","requirements":"Need to know where in the patient history to file/present this report.","alias":["Observation time","Effective Time","Occurrence"],"min":0,"max":"1","base":{"path":"DiagnosticReport.effective[x]","min":0,"max":"1"},"type":[{"code":"dateTime"}],"mustSupport":true,"isModifier":false,"isSummary":true,"mapping":[{"identity":"workflow","map":"Event.occurrence[x]"},{"identity":"w5","map":"FiveWs.done[x]"},{"identity":"v2","map":"OBR-7"},{"identity":"rim","map":"effectiveTime"},{"identity":"vendor-agnostic-v2","map":"OBR-7 (Observation Date/Time)"},{"identity":"ontario--olis","map":"OBR-7"},{"identity":"prince-edward-island--cerner-millennium","map":"OBR-7"},{"identity":"nova-scotia--meditech-magic","map":"OBR-7"},{"identity":"nove-scotia--cerner-millennium","map":"OBR-7"},{"identity":"nova-scotia--meditech-c/s","map":"OBR-7"}]},{"id":"DiagnosticReport.issued","path":"DiagnosticReport.issued","short":"DateTime this version was made","definition":"The date and time that this version of the report was made available to providers, typically after the report was reviewed and verified.","comment":"Mapping note: Keep in mind that the instant data type requires seconds and time zone to be reported and the HL7 v2 ORU messages that are the source of the conversions are likely to only include YYYY-MM-DD-HH-DD. If hour and minute are unknown, the Meditech NS LIS append \"UNK\". Additional work will be required on behalf of the converter to add in zeros for seconds and time zone to be conformant to the FHIR Data type. There are no limitations from the base HL7 spec or NS implementation guides for time stamp that would prevent bi-directional conversion.","requirements":"Clinicians need to be able to check the date that the report was released.","alias":["Date published","Date Issued","Date Verified"],"min":0,"max":"1","base":{"path":"DiagnosticReport.issued","min":0,"max":"1"},"type":[{"code":"instant"}],"mustSupport":true,"isModifier":false,"isSummary":true,"mapping":[{"identity":"w5","map":"FiveWs.recorded"},{"identity":"v2","map":"OBR-22"},{"identity":"rim","map":"participation[typeCode=VRF or AUT].time"},{"identity":"vendor-agnostic-v2","map":"OBR-22 (Results Rpt/Status Chng – Date/Time)\nOther suggested options if OBR-22 is not available: OBR-7 or OBX-19 can be used if interface is HL7 v2.4 or higher"},{"identity":"ontario--olis","map":"ZBX-1 (Test Result Release Date/Time)"},{"identity":"prince-edward-island--cerner-millennium","map":"OBR-22"},{"identity":"nova-scotia--meditech-magic","map":"OBR-22"},{"identity":"nove-scotia--cerner-millennium","map":"OBR-22"}]},{"id":"DiagnosticReport.performer","path":"DiagnosticReport.performer","slicing":{"discriminator":[{"type":"value","path":"profile"}],"rules":"open"},"short":"Responsible Diagnostic Service","definition":"The diagnostic service that is responsible for issuing the report.","comment":"This is not necessarily the source of the atomic data items or the entity that interpreted the results. It is the entity that takes responsibility for the clinical report.","requirements":"Need to know whom to contact if there are queries about the results. Also may need to track the source of reports for secondary data analysis.","alias":["Laboratory","Service","Practitioner","Department","Company","Authorized by","Director"],"min":0,"max":"*","base":{"path":"DiagnosticReport.performer","min":0,"max":"*"},"type":[{"code":"Reference","targetProfile":"http://hl7.org/fhir/StructureDefinition/Practitioner"},{"code":"Reference","targetProfile":"http://hl7.org/fhir/StructureDefinition/Organization"}],"mustSupport":true,"isModifier":false,"isSummary":true,"mapping":[{"identity":"workflow","map":"Event.performer.actor"},{"identity":"w5","map":"FiveWs.actor"},{"identity":"v2","map":"PRT-8 (where this PRT-4-Participation = \"PO\")"},{"identity":"rim","map":".participation[typeCode=PRF]"}]},{"id":"DiagnosticReport.resultsInterpreter","path":"DiagnosticReport.resultsInterpreter","short":"Primary result interpreter","definition":"The practitioner or organization that is responsible for the report's conclusions and interpretations.","comment":"Might not be the same entity that takes responsibility for the clinical report.","requirements":"Need to know whom to contact if there are queries about the results. Also may need to track the source of reports for secondary data analysis.","alias":["Analyzed by","Reported by"],"min":0,"max":"*","base":{"path":"DiagnosticReport.resultsInterpreter","min":0,"max":"*"},"type":[{"code":"Reference","targetProfile":"http://hl7.org/fhir/StructureDefinition/Practitioner"},{"code":"Reference","targetProfile":"http://hl7.org/fhir/StructureDefinition/PractitionerRole"},{"code":"Reference","targetProfile":"http://hl7.org/fhir/StructureDefinition/Organization"},{"code":"Reference","targetProfile":"http://hl7.org/fhir/StructureDefinition/CareTeam"}],"isModifier":false,"isSummary":true,"mapping":[{"identity":"workflow","map":"Event.performer.actor"},{"identity":"w5","map":"FiveWs.actor"},{"identity":"v2","map":"OBR-32, PRT-8 (where this PRT-4-Participation = \"PI\")"},{"identity":"rim","map":".participation[typeCode=PRF]"}]},{"id":"DiagnosticReport.specimen","path":"DiagnosticReport.specimen","short":"Specimens this report is based on","definition":"Details about the specimens on which this diagnostic report is based.","comment":"If the specimen is sufficiently specified with a code in the test result name, then this additional data may be redundant. If there are multiple specimens, these may be represented per observation or group.","requirements":"Need to be able to report information about the collected specimens on which the report is based.","min":0,"max":"*","base":{"path":"DiagnosticReport.specimen","min":0,"max":"*"},"type":[{"code":"Reference","targetProfile":"http://hl7.org/fhir/StructureDefinition/Specimen"}],"mustSupport":false,"isModifier":false,"isSummary":false,"mapping":[{"identity":"v2","map":"SPM"},{"identity":"rim","map":"participation[typeCode=SBJ]"},{"identity":"vendor-agnostic-v2","map":"OBR-3.1 (Filler Order Number ID) SPM-2 (Specimen ID) can be used in interfaces that are HL7 v2.5.1 and higher"},{"identity":"ontario--olis","map":"OBR-3.1"},{"identity":"prince-edward-island--cerner-millennium","map":"SPM-2.2"},{"identity":"nova-scotia--meditech-magic","map":"OBR-3.1"},{"identity":"nove-scotia--cerner-millennium","map":"OBR-20 (Filler Field 1+ Unformatted Millennium accession number)"},{"identity":"nova-scotia--meditech-c/s","map":"OBR-3.1"}]},{"id":"DiagnosticReport.result","path":"DiagnosticReport.result","short":"Observations","definition":"[Observations](http://hl7.org/fhir/R4/observation.html)  that are part of this diagnostic report.","comment":"Observations can contain observations.","requirements":"Need to support individual results, or  groups of results, where the result grouping is arbitrary, but meaningful.","alias":["Data","Atomic Value","Result","Atomic result","Data","Test","Analyte","Battery","Organizer"],"min":0,"max":"*","base":{"path":"DiagnosticReport.result","min":0,"max":"*"},"type":[{"code":"Reference","targetProfile":"http://infoway-inforoute.ca/fhir/StructureDefinition/access-observation-gen-pat"}],"mustSupport":true,"isModifier":false,"isSummary":false,"mapping":[{"identity":"v2","map":"OBXs"},{"identity":"rim","map":"outboundRelationship[typeCode=COMP].target"},{"identity":"vendor-agnostic-v2","map":"OBX-21 (Observation Instance Identifier)\nOther suggested options if OBX-21 is not available: OBR-2 (Placer Order Number) + OBR-3(Filler Order Number) + OBX-3 (Observation Identifier)"},{"identity":"ontario--olis","map":"OBR-3.1"},{"identity":"prince-edward-island--cerner-millennium","map":"OBR-3.1 + OBR-4.1"},{"identity":"nova-scotia--meditech-magic","map":"OBR-3.1 + OBR-4.1"},{"identity":"nove-scotia--cerner-millennium","map":"OBR-20 + OBR-4.1"},{"identity":"nova-scotia--meditech-c/s","map":"OBR-3.1 + OBR-4.1"}]},{"id":"DiagnosticReport.imagingStudy","path":"DiagnosticReport.imagingStudy","short":"Reference to full details of imaging associated with the diagnostic report","definition":"One or more links to full details of any imaging performed during the diagnostic investigation. Typically, this is imaging performed by DICOM enabled modalities, but this is not required. A fully enabled PACS viewer can use this information to provide views of the source images.","comment":"ImagingStudy and the image element are somewhat overlapping - typically, the list of image references in the image element will also be found in one of the imaging study resources. However, each caters to different types of displays for different types of purposes. Neither, either, or both may be provided.","min":0,"max":"*","base":{"path":"DiagnosticReport.imagingStudy","min":0,"max":"*"},"type":[{"code":"Reference","targetProfile":"http://hl7.org/fhir/StructureDefinition/ImagingStudy"}],"isModifier":false,"isSummary":false,"mapping":[{"identity":"rim","map":"outboundRelationship[typeCode=COMP].target[classsCode=DGIMG, moodCode=EVN]"}]},{"id":"DiagnosticReport.media","path":"DiagnosticReport.media","short":"Key images associated with this report","definition":"A list of key images associated with this report. The images are generally created during the diagnostic process, and may be directly of the patient, or of treated specimens (i.e. slides of interest).","requirements":"Many diagnostic services include images in the report as part of their service.","alias":["DICOM","Slides","Scans"],"min":0,"max":"*","base":{"path":"DiagnosticReport.media","min":0,"max":"*"},"type":[{"code":"BackboneElement"}],"constraint":[{"key":"ele-1","severity":"error","human":"All FHIR elements must have a @value or children","expression":"hasValue() or (children().count() > id.count())","xpath":"@value|f:*|h:div","source":"Element"}],"isModifier":false,"isSummary":true,"mapping":[{"identity":"v2","map":"OBX?"},{"identity":"rim","map":"outboundRelationship[typeCode=COMP].target"}]},{"id":"DiagnosticReport.media.id","path":"DiagnosticReport.media.id","representation":["xmlAttr"],"short":"Unique id for inter-element referencing","definition":"Unique id for the element within a resource (for internal references). This may be any string value that does not contain spaces.","min":0,"max":"1","base":{"path":"Element.id","min":0,"max":"1"},"type":[{"code":"string"}],"isModifier":false,"isSummary":false,"mapping":[{"identity":"rim","map":"n/a"}]},{"id":"DiagnosticReport.media.extension","path":"DiagnosticReport.media.extension","short":"Additional content defined by implementations","definition":"May be used to represent additional information that is not part of the basic definition of the element. To make the use of extensions safe and manageable, there is a strict set of governance  applied to the definition and use of extensions. Though any implementer can define an extension, there is a set of requirements that SHALL be met as part of the definition of the extension.","comment":"There can be no stigma associated with the use of extensions by any application, project, or standard - regardless of the institution or jurisdiction that uses or defines the extensions.  The use of extensions is what allows the FHIR specification to retain a core level of simplicity for everyone.","alias":["extensions","user content"],"min":0,"max":"*","base":{"path":"Element.extension","min":0,"max":"*"},"type":[{"code":"Extension"}],"isModifier":false,"isSummary":false,"mapping":[{"identity":"rim","map":"n/a"}]},{"id":"DiagnosticReport.media.modifierExtension","extension":[{"url":"http://hl7.org/fhir/4.0/StructureDefinition/extension-ElementDefinition.isModifierReason","valueString":"Modifier extensions are expected to modify the meaning or interpretation of the element that contains them"}],"path":"DiagnosticReport.media.modifierExtension","short":"Extensions that cannot be ignored even if unrecognized","definition":"May be used to represent additional information that is not part of the basic definition of the element and that modifies the understanding of the element in which it is contained and/or the understanding of the containing element's descendants. Usually modifier elements provide negation or qualification. To make the use of extensions safe and manageable, there is a strict set of governance applied to the definition and use of extensions. Though any implementer can define an extension, there is a set of requirements that SHALL be met as part of the definition of the extension. Applications processing a resource are required to check for modifier extensions.\n\nModifier extensions SHALL NOT change the meaning of any elements on Resource or DomainResource (including cannot change the meaning of modifierExtension itself).","comment":"There can be no stigma associated with the use of extensions by any application, project, or standard - regardless of the institution or jurisdiction that uses or defines the extensions.  The use of extensions is what allows the FHIR specification to retain a core level of simplicity for everyone.","requirements":"Modifier extensions allow for extensions that *cannot* be safely ignored to be clearly distinguished from the vast majority of extensions which can be safely ignored.  This promotes interoperability by eliminating the need for implementers to prohibit the presence of extensions. For further information, see the [definition of modifier extensions](http://hl7.org/fhir/R4/extensibility.html#modifierExtension).","alias":["extensions","user content","modifiers"],"min":0,"max":"*","base":{"path":"BackboneElement.modifierExtension","min":0,"max":"*"},"type":[{"code":"Extension"}],"isModifier":true,"isSummary":true,"mapping":[{"identity":"rim","map":"N/A"}]},{"id":"DiagnosticReport.media.comment","path":"DiagnosticReport.media.comment","short":"Comment about the image (e.g. explanation)","definition":"A comment about the image. Typically, this is used to provide an explanation for why the image is included, or to draw the viewer's attention to important features.","comment":"The comment should be displayed with the image. It would be common for the report to include additional discussion of the image contents in other sections such as the conclusion.","requirements":"The provider of the report should make a comment about each image included in the report.","min":0,"max":"1","base":{"path":"DiagnosticReport.media.comment","min":0,"max":"1"},"type":[{"code":"string"}],"isModifier":false,"isSummary":false,"mapping":[{"identity":"rim","map":".inboundRelationship[typeCode=COMP].source[classCode=OBS, moodCode=EVN, code=\"annotation\"].value"}]},{"id":"DiagnosticReport.media.link","path":"DiagnosticReport.media.link","short":"Reference to the image source","definition":"Reference to the image source.","min":1,"max":"1","base":{"path":"DiagnosticReport.media.link","min":1,"max":"1"},"type":[{"code":"Reference","targetProfile":"http://hl7.org/fhir/StructureDefinition/Media"}],"isModifier":false,"isSummary":true,"mapping":[{"identity":"rim","map":".value.reference"}]},{"id":"DiagnosticReport.conclusion","path":"DiagnosticReport.conclusion","short":"Clinical conclusion (interpretation) of test results","definition":"Concise and clinically contextualized summary conclusion (interpretation/impression) of the diagnostic report.","requirements":"Need to be able to provide a conclusion that is not lost among the basic result data.","alias":["Report"],"min":0,"max":"1","base":{"path":"DiagnosticReport.conclusion","min":0,"max":"1"},"type":[{"code":"string"}],"mustSupport":false,"isModifier":false,"isSummary":false,"mapping":[{"identity":"v2","map":"OBX"},{"identity":"rim","map":"inboundRelationship[typeCode=\"SPRT\"].source[classCode=OBS, moodCode=EVN, code=LOINC:48767-8].value (type=ST)"},{"identity":"vendor-agnostic-v2","map":"OBX. Or NTE-3 when NTE-2 data type is interpretive data"}]},{"id":"DiagnosticReport.conclusionCode","path":"DiagnosticReport.conclusionCode","short":"Codes for the clinical conclusion of test results","definition":"One or more codes that represent the summary conclusion (interpretation/impression) of the diagnostic report.","min":0,"max":"*","base":{"path":"DiagnosticReport.conclusionCode","min":0,"max":"*"},"type":[{"code":"CodeableConcept"}],"mustSupport":false,"isModifier":false,"isSummary":false,"binding":{"strength":"example","description":"SNOMED CT Clinical Findings","valueSetReference":{"reference":"http://hl7.org/fhir/ValueSet/clinical-findings"}},"mapping":[{"identity":"v2","map":"OBX"},{"identity":"rim","map":"inboundRelationship[typeCode=SPRT].source[classCode=OBS, moodCode=EVN, code=LOINC:54531-9].value (type=CD)"},{"identity":"vendor-agnostic-v2","map":"OBX. Or NTE-3 when NTE-2 data type is interpretive data"}]},{"id":"DiagnosticReport.presentedForm","path":"DiagnosticReport.presentedForm","short":"Entire report as issued","definition":"Rich text representation of the entire result as issued by the diagnostic service. Multiple formats are allowed but they SHALL be semantically equivalent.","comment":"\"application/pdf\" is recommended as the most reliable and interoperable in this context.","requirements":"Gives laboratory the ability to provide its own fully formatted report for clinical fidelity.","min":0,"max":"*","base":{"path":"DiagnosticReport.presentedForm","min":0,"max":"*"},"type":[{"code":"Attachment"}],"isModifier":false,"isSummary":false,"mapping":[{"identity":"v2","map":"OBX"},{"identity":"rim","map":"text (type=ED)"}]}]},"differential":{"element":[{"id":"DiagnosticReport","path":"DiagnosticReport","short":"A Diagnostic report - a combination of request information, atomic results, images, interpretation, as well as formatted reports","definition":"Expected requirements for the DiagnosticReport resource when reflecting general lab result data based on existing source mappings.","comment":"Note for implementors: This profile focuses on general lab results. It excludes pathology, microbiology, serotology, etc for two reasons: 1) The density and content of information in the various lab types are dramatically different from each other, these differences drive different information and interaction requirements from patients, and 2) there is a large degree of variance in how general lab results are formatted (more structured) and how other types of labs like pathology are structured (largely text based).   Additional analysis required for microbiology, serotology,  and pathology lab result types to determine level of structured data available.","mustSupport":false,"isModifier":false},{"id":"DiagnosticReport.identifier","path":"DiagnosticReport.identifier","short":"Business identifier for report","type":[{"code":"Identifier"}],"mustSupport":false,"isModifier":false,"mapping":[{"identity":"vendor-agnostic-v2","map":"OBR-51 \nOther suggested options if OBR-51 is not available: OBR-2 + OBR-3 + OBR-4"},{"identity":"ontario--olis","map":"OBR-3 + ORC-4"},{"identity":"prince-edward-island--cerner-millennium","map":"OBR-2 + OBR-3"},{"identity":"nova-scotia--meditech-magic","map":"OBR-2 + OBR-3"},{"identity":"nove-scotia--cerner-millennium","map":"OBR-2 + OBR-20"},{"identity":"nova-scotia--meditech-c/s","map":"OBR-2 + OBR-3"}]},{"id":"DiagnosticReport.status","path":"DiagnosticReport.status","short":"registered | partial | preliminary | final +","comment":"Mapping Note: See the notes in the mapping document discussing the need to map the HL7 v2 codes used by the LIS (shorthand often single-digit codes) to the codes used by the FHIR value set (usually full word code).","type":[{"code":"code"}],"mustSupport":true,"isModifier":false,"binding":{"strength":"required","description":"Diagnostic Report Status","valueSetReference":{"reference":"http://hl7.org/fhir/ValueSet/diagnostic-report-status"}},"mapping":[{"identity":"vendor-agnostic-v2","map":"OBR-25 (not 1:1 mapping)"},{"identity":"ontario--olis","map":"OBR-25 (Codes supported: P, F, C, N, W, X, Z)"},{"identity":"prince-edward-island--cerner-millennium","map":"OBR-25 (Codes supported: P, F, C, D, R, S, D, U, I) Could also receive codes from Cerner Millennium Code Set 8 (UNAUTH, TRANSCRIBED, C_TRANSCRIBED, INPROGRESS, AUTH, ALTERED, MODIFIED, INERROR, INERRNOMUT, INERRNOVIEW, CANCELLED, NOT DONE)"},{"identity":"nova-scotia--meditech-magic","map":"OBR-25 (Codes supported: P, F, D, A*)"},{"identity":"nove-scotia--cerner-millennium","map":"OBR-25 (Codes supported: P, F, C)"},{"identity":"nova-scotia--meditech-c/s","map":"OBR-25 (Codes supported: P, F, C, D, A*, FOUT*)"}]},{"id":"DiagnosticReport.category","path":"DiagnosticReport.category","slicing":{"discriminator":[{"type":"value","path":"pattern"}],"rules":"open"},"short":"Service Category","comment":"Laboratory should be the default code used in this diagnostic report profile. Other profiles may support other codes.","min":1,"max":"*","type":[{"code":"CodeableConcept"}],"mustSupport":true,"isModifier":false,"binding":{"strength":"example","description":"Diagnostic Service Section Codes","valueSetReference":{"reference":"http://hl7.org/fhir/ValueSet/diagnostic-service-sections"}},"mapping":[{"identity":"vendor-agnostic-v2","map":"OBR-24"},{"identity":"ontario--olis","map":"?"},{"identity":"prince-edward-island--cerner-millennium","map":"OBR-24"},{"identity":"nova-scotia--meditech-magic","map":"OBR-24"},{"identity":"nove-scotia--cerner-millennium","map":"OBR-24"},{"identity":"nova-scotia--meditech-c/s","map":"OBR-24"}]},{"id":"DiagnosticReport.category.lab","path":"DiagnosticReport.category.lab","min":1,"max":"1","type":[{"code":"CodeableConcept"}],"patternCodeableConcept":{"coding":[{"system":"http://terminology.hl7.org/CodeSystem/v2-0074","code":"LAB"}]},"mustSupport":true,"isModifier":false},{"id":"DiagnosticReport.code","path":"DiagnosticReport.code","short":"Name/Code for this diagnostic report","comment":"Implementor Note: US Core uses a value set that pulls from the LOINC Diagnostic Report codes but does not fix a certain value.  OLIS pulls from LOINC but requires a fixed value of 11502-2 to identify the lab report. Keeping the LOINC value set as an example is intended to strike a balance between both profiles, but further investigation with jurisdictional end-users/LIS is recommended to determine if a fixed value should be pursued to reduce confusion and inconsistency for patients.","type":[{"code":"CodeableConcept"}],"mustSupport":true,"isModifier":false,"binding":{"strength":"preferred","description":"LOINC Diagnostic Report Codes","valueSetReference":{"reference":"http://hl7.org/fhir/ValueSet/report-codes"}},"mapping":[{"identity":"vendor-agnostic-v2","map":"OBR-4 (HL7 v2 doesn't provide an easy way to indicate both the ordered test and the performed panel)"},{"identity":"ontario--olis","map":"OBX-3"},{"identity":"prince-edward-island--cerner-millennium","map":"OBR-4"},{"identity":"nova-scotia--meditech-magic","map":"OBR-4"},{"identity":"nove-scotia--cerner-millennium","map":"OBR-4"},{"identity":"nova-scotia--meditech-c/s","map":"OBR-4"}]},{"id":"DiagnosticReport.subject","path":"DiagnosticReport.subject","short":"The subject of the report","min":1,"max":"1","type":[{"code":"Reference","targetProfile":"http://hl7.org/fhir/ca/core/StructureDefinition/profile-patient"}],"mustSupport":true,"isModifier":false,"mapping":[{"identity":"vendor-agnostic-v2","map":"PID-3(MRN) , PID-2 (primary insurance policy number) should also be considered\nOther suggested options if PID-3 is not available or the patient resource is tied to provincial identifiers: PID-2 OR PID-4 (Depending on if HL7 v2.3 or lower)"},{"identity":"ontario--olis","map":"PID-3"},{"identity":"prince-edward-island--cerner-millennium","map":"PID-3 (if v2.3.1 and above), PID-4 (if v2.3 or below)"},{"identity":"nova-scotia--meditech-magic","map":"PID-3"},{"identity":"nove-scotia--cerner-millennium","map":"PID-3"},{"identity":"nova-scotia--meditech-c/s","map":"PID-3"}]},{"id":"DiagnosticReport.effectiveDateTime","path":"DiagnosticReport.effectiveDateTime","short":"Clinically relevant time/time-period for report","type":[{"code":"dateTime"}],"mustSupport":true,"isModifier":false,"mapping":[{"identity":"vendor-agnostic-v2","map":"OBR-7 (Observation Date/Time)"},{"identity":"ontario--olis","map":"OBR-7"},{"identity":"prince-edward-island--cerner-millennium","map":"OBR-7"},{"identity":"nova-scotia--meditech-magic","map":"OBR-7"},{"identity":"nove-scotia--cerner-millennium","map":"OBR-7"},{"identity":"nova-scotia--meditech-c/s","map":"OBR-7"}]},{"id":"DiagnosticReport.issued","path":"DiagnosticReport.issued","short":"DateTime this version was made","comment":"Mapping note: Keep in mind that the instant data type requires seconds and time zone to be reported and the HL7 v2 ORU messages that are the source of the conversions are likely to only include YYYY-MM-DD-HH-DD. If hour and minute are unknown, the Meditech NS LIS append \"UNK\". Additional work will be required on behalf of the converter to add in zeros for seconds and time zone to be conformant to the FHIR Data type. There are no limitations from the base HL7 spec or NS implementation guides for time stamp that would prevent bi-directional conversion.","mustSupport":true,"isModifier":false,"mapping":[{"identity":"vendor-agnostic-v2","map":"OBR-22 (Results Rpt/Status Chng – Date/Time)\nOther suggested options if OBR-22 is not available: OBR-7 or OBX-19 can be used if interface is HL7 v2.4 or higher"},{"identity":"ontario--olis","map":"ZBX-1 (Test Result Release Date/Time)"},{"identity":"prince-edward-island--cerner-millennium","map":"OBR-22"},{"identity":"nova-scotia--meditech-magic","map":"OBR-22"},{"identity":"nove-scotia--cerner-millennium","map":"OBR-22"}]},{"id":"DiagnosticReport.performer","path":"DiagnosticReport.performer","slicing":{"discriminator":[{"type":"value","path":"profile"}],"rules":"open"},"short":"Responsible Diagnostic Service","type":[{"code":"Reference","targetProfile":"http://hl7.org/fhir/StructureDefinition/Practitioner"},{"code":"Reference","targetProfile":"http://hl7.org/fhir/StructureDefinition/Organization"}],"mustSupport":true,"isModifier":false},{"id":"DiagnosticReport.performer.practitioner","path":"DiagnosticReport.performer.practitioner","short":"Practitioner responsible for the diagnostic report","comment":"SME Note: Rare in general labs to have physicians that sign the lab result.  Lab performing practitioner is usually internal information that gets stored by LIS for operational purposes, but not likely of value to patients or clinicians. \n\nImplementor Note: Included for alignment with existing Canadian & International profiles, kept as optional until reviewal by end-users determines removal or must-support flag.","type":[{"code":"Reference","targetProfile":"http://hl7.org/fhir/ca/core/StructureDefinition/profile-practitioner"}],"mustSupport":false,"isModifier":false,"mapping":[{"identity":"vendor-agnostic-v2","map":"OBR-32 (Principal Result Interpreter) or OBX-16 (Responsible Observer)"},{"identity":"prince-edward-island--cerner-millennium","map":"OBR-32"},{"identity":"nove-scotia--cerner-millennium","map":"OBX-16 (not sent for all results)"}]},{"id":"DiagnosticReport.performer.organization","path":"DiagnosticReport.performer.organization","short":"Organization responsible for the diagnostic report","comment":"SME Note: Most commonly, performing organization will be available (more frequently than performing practitioner).","type":[{"code":"Reference","targetProfile":"http://hl7.org/fhir/ca/core/StructureDefinition/profile-organization"}],"mustSupport":false,"isModifier":false,"mapping":[{"identity":"vendor-agnostic-v2","map":"OBX-15 (Producer ID), OBX-23 (Performing Organization Name) if interface is HL7 2.5.1 and higher"},{"identity":"ontario--olis","map":"ZBR-6 (Performing Laboratory)"},{"identity":"prince-edward-island--cerner-millennium","map":"OBX-23"},{"identity":"nova-scotia--meditech-magic","map":"ZPS-2 (Meditech performing lab site mnemonic) / ZPS-3 (Meditech performing lab site name)"},{"identity":"nova-scotia--meditech-c/s","map":"OBX-15"}]},{"id":"DiagnosticReport.specimen","path":"DiagnosticReport.specimen","short":"Specimens this report is based on","type":[{"code":"Reference","targetProfile":"http://hl7.org/fhir/StructureDefinition/Specimen"}],"mustSupport":false,"isModifier":false,"mapping":[{"identity":"vendor-agnostic-v2","map":"OBR-3.1 (Filler Order Number ID) SPM-2 (Specimen ID) can be used in interfaces that are HL7 v2.5.1 and higher"},{"identity":"ontario--olis","map":"OBR-3.1"},{"identity":"prince-edward-island--cerner-millennium","map":"SPM-2.2"},{"identity":"nova-scotia--meditech-magic","map":"OBR-3.1"},{"identity":"nove-scotia--cerner-millennium","map":"OBR-20 (Filler Field 1+ Unformatted Millennium accession number)"},{"identity":"nova-scotia--meditech-c/s","map":"OBR-3.1"}]},{"id":"DiagnosticReport.result","path":"DiagnosticReport.result","short":"Observations","type":[{"code":"Reference","targetProfile":"http://infoway-inforoute.ca/fhir/StructureDefinition/access-observation-gen-pat"}],"mustSupport":true,"isModifier":false,"mapping":[{"identity":"vendor-agnostic-v2","map":"OBX-21 (Observation Instance Identifier)\nOther suggested options if OBX-21 is not available: OBR-2 (Placer Order Number) + OBR-3(Filler Order Number) + OBX-3 (Observation Identifier)"},{"identity":"ontario--olis","map":"OBR-3.1"},{"identity":"prince-edward-island--cerner-millennium","map":"OBR-3.1 + OBR-4.1"},{"identity":"nova-scotia--meditech-magic","map":"OBR-3.1 + OBR-4.1"},{"identity":"nove-scotia--cerner-millennium","map":"OBR-20 + OBR-4.1"},{"identity":"nova-scotia--meditech-c/s","map":"OBR-3.1 + OBR-4.1"}]},{"id":"DiagnosticReport.conclusion","path":"DiagnosticReport.conclusion","short":"Clinical conclusion (interpretation) of test results","type":[{"code":"string"}],"mustSupport":false,"isModifier":false,"mapping":[{"identity":"vendor-agnostic-v2","map":"OBX. Or NTE-3 when NTE-2 data type is interpretive data"}]},{"id":"DiagnosticReport.conclusionCode","path":"DiagnosticReport.conclusionCode","short":"Codes for the clinical conclusion of test results","type":[{"code":"CodeableConcept"}],"mustSupport":false,"isModifier":false,"binding":{"strength":"example","description":"SNOMED CT Clinical Findings","valueSetReference":{"reference":"http://hl7.org/fhir/ValueSet/clinical-findings"}},"mapping":[{"identity":"vendor-agnostic-v2","map":"OBX. Or NTE-3 when NTE-2 data type is interpretive data"}]}]}}