"Path","Slice Name","Alias(s)","Label","Min","Max","Must Support?","Is Modifier?","Is Summary?","Type(s)","Short","Definition","Comments","Requirements","Default Value","Meaning When Missing","Fixed Value","Pattern","Example","Minimum Value","Maximum Value","Maximum Length","Binding Strength","Binding Description","Binding Value Set","Code","Slicing Discriminator","Slicing Description","Slicing Ordered","Slicing Rules","Base Path","Base Min","Base Max","Condition(s)","Constraint(s)","Mapping: Prince Edward Island CeRX","Mapping: Newfoundland CeRX","Mapping: New Brunswick CeRX","Mapping: Nova Scotia CeRX","Mapping: Workflow Pattern","Mapping: RIM Mapping","Mapping: FiveWs Pattern Mapping","Mapping: HL7 v2 Mapping"
"MedicationStatement","","","",0,*,"","","","","Record of medication being taken by a patient","A record of a medication that is being consumed by a patient.   A MedicationStatement may indicate that the patient may be taking the medication now or has taken the medication in the past or will be taking the medication in the future.  The source of this information can be the patient, significant other (such as a family member or spouse), or a clinician.  A common scenario where this information is captured is during the history taking process during a patient visit or stay.   The medication information may come from sources such as the patient's memory, from a prescription bottle,  or from a list of medications the patient, clinician or other party maintains. 

The primary difference between a medication statement and a medication administration is that the medication administration has complete administration information and is based on actual administration information from the person who administered the medication.  A medication statement is often, if not always, less specific.  There is no required date/time when the medication was administered, in fact we only know that a source has reported the patient is taking this medication, where details such as time, quantity, or rate or even medication product may be incomplete or missing or less precise.  As stated earlier, the medication statement information may come from the patient's memory, from a prescription bottle or from a list of medications the patient, clinician or other party maintains.  Medication administration is more formal and is not missing detailed information.","When interpreting a medicationStatement, the value of the status and NotTaken needed to be considered:MedicationStatement.status + MedicationStatement.wasNotTakenStatus=Active + NotTaken=T = Not currently takingStatus=Completed + NotTaken=T = Not taken in the pastStatus=Intended + NotTaken=T = No intention of takingStatus=Active + NotTaken=F = Taking, but not as prescribedStatus=Active + NotTaken=F = TakingStatus=Intended +NotTaken= F = Will be taking (not started)Status=Completed + NotTaken=F = Taken in pastStatus=In Error + NotTaken=N/A = In Error.","","","","","","","","",,,,,"",,,,"MedicationStatement",0,*,"","dom-2:If the resource is contained in another resource, it SHALL NOT contain nested Resources {contained.contained.empty()}
dom-4:If a resource is contained in another resource, it SHALL NOT have a meta.versionId or a meta.lastUpdated {contained.meta.versionId.empty() and contained.meta.lastUpdated.empty()}dom-3:If the resource is contained in another resource, it SHALL be referred to from elsewhere in the resource or SHALL refer to the containing resource {contained.where((('#'+id in (%resource.descendants().reference | %resource.descendants().as(canonical) | %resource.descendants().as(uri) | %resource.descendants().as(url))) or descendants().where(reference = '#').exists() or descendants().where(as(canonical) = '#').exists() or descendants().where(as(canonical) = '#').exists()).not()).trace('unmatched', id).empty()}dom-6:A resource should have narrative for robust management {text.div.exists()}dom-5:If a resource is contained in another resource, it SHALL NOT have a security label {contained.meta.security.empty()}","CeRX supports two specializations of MedicationRecord, each varies in supported data. Both mappings provided below: PORX_IN060400CA/PORX_MT060190CA/medicationRecord/combinedMedicationRequest    OR   PORX_IN060400CA/PORX_MT060190CA/medicationRecord/OtherMedication","CeRX supports two specializations of MedicationRecord, each varies in supported data. Both mappings provided below: PORX_IN060400CA/PORX_MT060190CA/medicationRecord/combinedMedicationRequest    OR   PORX_IN060400CA/PORX_MT060190CA/medicationRecord/OtherMedication","NB does not currently support applicable CeRX Message Type(s)","CeRX supports two specializations of MedicationRecord, each varies in supported data. Both mappings provided below: PORX_IN060400CA/PORX_MT060190CA/medicationRecord/combinedMedicationRequest    OR   PORX_IN060400CA/PORX_MT060190CA/medicationRecord/OtherMedication","Event","Entity. Role, or Act","SubstanceAdministration"
"MedicationStatement.id","","","",0,1,"","","Y","id {[]} {[]}
","Logical id of this artifact","The logical id of the resource, as used in the URL for the resource. Once assigned, this value never changes.","The only time that a resource does not have an id is when it is being submitted to the server using a create operation.","","","","","","","","",,,,,"",,,,"Resource.id",0,1,"",""
"MedicationStatement.meta","","","",0,1,"","","Y","Meta {[]} {[]}
","Metadata about the resource","The metadata about the resource. This is content that is maintained by the infrastructure. Changes to the content might not always be associated with version changes to the resource.","","","","","","","","","",,,,,"",,,,"Resource.meta",0,1,"",""
"MedicationStatement.implicitRules","","","",0,1,"","Y","Y","uri {[]} {[]}
","A set of rules under which this content was created","A reference to a set of rules that were followed when the resource was constructed, and which must be understood when processing the content. Often, this is a reference to an implementation guide that defines the special rules along with other profiles etc.","Asserting this rule set restricts the content to be only understood by a limited set of trading partners. This inherently limits the usefulness of the data in the long term. However, the existing health eco-system is highly fractured, and not yet ready to define, collect, and exchange data in a generally computable sense. Wherever possible, implementers and/or specification writers should avoid using this element. Often, when used, the URL is a reference to an implementation guide that defines these special rules as part of it's narrative along with other profiles, value sets, etc.","","","","","","","","",,,,,"",,,,"Resource.implicitRules",0,1,"",""
"MedicationStatement.language","","","",0,1,"","","","code {[]} {[]}
","Language of the resource content","The base language in which the resource is written.","Language is provided to support indexing and accessibility (typically, services such as text to speech use the language tag). The html language tag in the narrative applies  to the narrative. The language tag on the resource may be used to specify the language of other presentations generated from the data in the resource. Not all the content has to be in the base language. The Resource.language should not be assumed to apply to the narrative automatically. If a language is specified, it should it also be specified on the div element in the html (see rules in HTML5 for information about the relationship between xml:lang and the html lang attribute).","","","","","","","","",,"preferred","A human language.","http://hl7.org/fhir/ValueSet/languages","",,,,"Resource.language",0,1,"",""
"MedicationStatement.text","","narrative
htmlxhtmldisplay","",0,1,"","","","Narrative {[]} {[]}
","Text summary of the resource, for human interpretation","A human-readable narrative that contains a summary of the resource and can be used to represent the content of the resource to a human. The narrative need not encode all the structured data, but is required to contain sufficient detail to make it ""clinically safe"" for a human to just read the narrative. Resource definitions may define what content should be represented in the narrative to ensure clinical safety.","Contained resources do not have narrative. Resources that are not contained SHOULD have a narrative. In some cases, a resource may only have text with little or no additional discrete data (as long as all minOccurs=1 elements are satisfied).  This may be necessary for data from legacy systems where information is captured as a ""text blob"" or where text is additionally entered raw or narrated and encoded information is added later.","","","","","","","","",,,,,"",,,,"DomainResource.text",0,1,"","","Act.text?"
"MedicationStatement.contained","","inline resources
anonymous resourcescontained resources","",0,*,"","","","Resource {[]} {[]}
","Contained, inline Resources","These resources do not have an independent existence apart from the resource that contains them - they cannot be identified independently, and nor can they have their own independent transaction scope.","This should never be done when the content can be identified properly, as once identification is lost, it is extremely difficult (and context dependent) to restore it again. Contained resources may have profiles and tags In their meta elements, but SHALL NOT have security labels.","","","","","","","","",,,,,"",,,,"DomainResource.contained",0,*,"","","N/A"
"MedicationStatement.extension","","extensions
user content","",0,*,"","","","Extension {[]} {[]}
","Additional content defined by implementations","May be used to represent additional information that is not part of the basic definition of the resource. To make the use of extensions safe and manageable, there is a strict set of governance  applied to the definition and use of extensions. Though any implementer can define an extension, there is a set of requirements that SHALL be met as part of the definition of the extension.","There can be no stigma associated with the use of extensions by any application, project, or standard - regardless of the institution or jurisdiction that uses or defines the extensions.  The use of extensions is what allows the FHIR specification to retain a core level of simplicity for everyone.","","","","","","","","",,,,,"",,,,"DomainResource.extension",0,*,"","","N/A"
"MedicationStatement.modifierExtension","","extensions
user content","",0,*,"","Y","","Extension {[]} {[]}
","Extensions that cannot be ignored","May be used to represent additional information that is not part of the basic definition of the resource and that modifies the understanding of the element that contains it and/or the understanding of the containing element's descendants. Usually modifier elements provide negation or qualification. To make the use of extensions safe and manageable, there is a strict set of governance applied to the definition and use of extensions. Though any implementer is allowed to define an extension, there is a set of requirements that SHALL be met as part of the definition of the extension. Applications processing a resource are required to check for modifier extensions.

Modifier extensions SHALL NOT change the meaning of any elements on Resource or DomainResource (including cannot change the meaning of modifierExtension itself).","There can be no stigma associated with the use of extensions by any application, project, or standard - regardless of the institution or jurisdiction that uses or defines the extensions.  The use of extensions is what allows the FHIR specification to retain a core level of simplicity for everyone.","Modifier extensions allow for extensions that *cannot* be safely ignored to be clearly distinguished from the vast majority of extensions which can be safely ignored.  This promotes interoperability by eliminating the need for implementers to prohibit the presence of extensions. For further information, see the [definition of modifier extensions](http://hl7.org/fhir/R4/extensibility.html#modifierExtension).","","","","","","","",,,,,"",,,,"DomainResource.modifierExtension",0,*,"","","N/A"
"MedicationStatement.identifier","","","",0,*,"","","Y","Identifier {[]} {[]}
","External identifier","Identifiers associated with this Medication Statement that are defined by business processes and/or used to refer to it when a direct URL reference to the resource itself is not appropriate. They are business identifiers assigned to this resource by the performer or other systems and remain constant as the resource is updated and propagates from server to server.","This is a business identifier, not a resource identifier.","","","","","","","","",,,,,"",,,,"MedicationStatement.identifier",0,*,"","","PORX_IN060400CA/PORX_MT060190CA/medicationRecord/combinedMedicationRequest/id","PORX_IN060400CA/PORX_MT060190CA/medicationRecord/combinedMedicationRequest/id","PORX_IN060400CA/PORX_MT060190CA/medicationRecord/combinedMedicationRequest/id","Event.identifier",".id","FiveWs.identifier"
"MedicationStatement.basedOn","","","",0,*,"","","Y","Reference {[]} {[CanonicalType[http://hl7.org/fhir/StructureDefinition/MedicationRequest], CanonicalType[http://hl7.org/fhir/StructureDefinition/CarePlan], CanonicalType[http://hl7.org/fhir/StructureDefinition/ServiceRequest]]}
","Fulfils plan, proposal or order","A plan, proposal or order that is fulfilled in whole or in part by this event.","","Allows tracing of authorization for the event and tracking whether proposals/recommendations were acted upon.","","","","","","","",,,,,"",,,,"MedicationStatement.basedOn",0,*,"","","Event.basedOn",".outboundRelationship[typeCode=FLFS].target[classCode=SBADM or PROC or PCPR or OBS, moodCode=RQO orPLAN or PRP]"
"MedicationStatement.partOf","","","",0,*,"","","Y","Reference {[]} {[CanonicalType[http://hl7.org/fhir/StructureDefinition/MedicationAdministration], CanonicalType[http://hl7.org/fhir/StructureDefinition/MedicationDispense], CanonicalType[http://hl7.org/fhir/StructureDefinition/MedicationStatement], CanonicalType[http://hl7.org/fhir/StructureDefinition/Procedure], CanonicalType[http://hl7.org/fhir/StructureDefinition/Observation]]}
","Part of referenced event","A larger event of which this particular event is a component or step.","","This should not be used when indicating which resource a MedicationStatement has been derived from.  If that is the use case, then MedicationStatement.derivedFrom should be used.","","","","","","","",,,,,"",,,,"MedicationStatement.partOf",0,*,"","","Event.partOf",".outboundRelationship[typeCode=COMP]/target[classCode=SPLY or SBADM or PROC or OBS,moodCode=EVN]"
"MedicationStatement.status","","","",1,1,"Y","Y","Y","code {[]} {[]}
","active | completed | entered-in-error | intended | stopped | on-hold | unknown | not-taken | normal | aborted | cancelled  | held | new | suspended | nullified | obsolete","A code representing the patient or other source's judgment about the state of the medication used that this statement is about.  Generally, this will be active or completed.","This element is labeled as a modifier because the status contains codes that mark the resource as not currently valid. Atlantic Implementors need to be aware that the Act Status Codes recommended by CeRX only partially match the codes to the MedicationRequest status (required) value set.","","","","","","<valueCode xmlns=""http://hl7.org/fhir"" value=""ACTIVE""/>","","",,"required","MedicationStatement Status Codes","http://hl7.org/fhir/ValueSet/medication-statement-status","",,,,"MedicationStatement.status",1,1,"","","PORX_IN060400CA/PORX_MT060190CA/medicationRecord/combinedMedicationRequest/statusCode","PORX_IN060400CA/PORX_MT060190CA/medicationRecord/combinedMedicationRequest/statusCode","PORX_IN060400CA/PORX_MT060190CA/medicationRecord/combinedMedicationRequest/statusCode","Event.status",".statusCode","FiveWs.status"
"MedicationStatement.statusReason","","","",0,*,"","","","CodeableConcept {[]} {[]}
","Reason for current status","Captures the reason for the current state of the MedicationStatement.","This is generally only used for ""exception"" statuses such as ""not-taken"", ""on-hold"", ""cancelled"" or ""entered-in-error"". The reason for performing the event at all is captured in reasonCode, not here.","","","","","","","","",,"example","A coded concept indicating the reason for the status of the statement.","http://hl7.org/fhir/ValueSet/reason-medication-status-codes","",,,,"MedicationStatement.statusReason",0,*,"","","Event.statusReason",".inboundRelationship[typeCode=SUBJ].source[classCode=CACT, moodCode=EVN].reasonCOde"
"MedicationStatement.category","","","",0,1,"","","Y","CodeableConcept {[]} {[]}
","Type of medication usage","Indicates where the medication is expected to be consumed or administered.","","","","","","","","","",,"preferred","A coded concept identifying where the medication included in the MedicationStatement is expected to be consumed or administered.","http://hl7.org/fhir/ValueSet/medication-statement-category","",,,,"MedicationStatement.category",0,1,"","",".inboundRelationship[typeCode=COMP].source[classCode=OBS, moodCode=EVN, code=""type of medication usage""].value","FiveWs.class"
"MedicationStatement.medication[x]","","","",1,1,"Y","","Y","CodeableConcept {[]} {[]}
Reference {[]} {[CanonicalType[http://hl7.org/fhir/ca/core/StructureDefinition/profile-medication]]}","What medication was taken","Identifies the medication being administered. This is either a link to a resource representing the details of the medication or a simple attribute carrying a code that identifies the medication from a known list of medications.","If only a code is specified, then it needs to be a code for a specific product. If more information is required, then the use of the Medication resource is recommended. For example, if you require form or lot number or if the medication is compounded or extemporaneously prepared, then you must reference the Medication resource.

Implementors need to be aware that the medication codes utilized by the source DIS will likely come from the Clinical Drug CeRX value set (https://infocentral.infoway-inforoute.ca/extra/ns/cerx43-html/html/vocabulary.html?type=vs&id=ClinicalDrug) which draws in codes from various other code systems (HC-DIN, HC-NPN, HC-AIGC, etc.). There is currently no equivilant FHIR value set that supports this superset to recommend when binding.","","","","","","","","",,"preferred","Canadian Clinical Drug Data (CCDD) Medicinal Products","https://fhir.infoway-inforoute.ca/ValueSet/prescriptionmedicinalproduct","",,,,"MedicationStatement.medication[x]",1,1,"","","PORX_IN060400CA/PORX_MT060190CA/medicationRecord/combinedMedicationRequest/directTarget/COCT_MT220110CA/medication","PORX_IN060400CA/PORX_MT060190CA/medicationRecord/combinedMedicationRequest/directTarget/COCT_MT220110CA/medication","PORX_IN060400CA/PORX_MT060190CA/medicationRecord/combinedMedicationRequest/directTarget/COCT_MT220110CA/medication","Event.code",".participation[typeCode=CSM].role[classCode=ADMM or MANU]","FiveWs.what[x]"
"MedicationStatement.subject","","","",1,1,"Y","","Y","Reference {[]} {[CanonicalType[http://hl7.org/fhir/ca/core/StructureDefinition/profile-patient]]}
","Who is/was taking the medication","The person, animal or group who is/was taking the medication.","","","","","","","","","",,,,,"",,,,"MedicationStatement.subject",1,1,"","","PORX_IN060400CA/PORX_MT060190CA/medicationRecord/combinedMedicationRequest/subject/COCT_MT050203CA/patient/id","PORX_IN060400CA/PORX_MT060190CA/medicationRecord/combinedMedicationRequest/subject/COCT_MT050203CA/patient/id","PORX_IN060400CA/PORX_MT060190CA/medicationRecord/combinedMedicationRequest/subject/COCT_MT050203CA/patient/id","Event.subject",".participation[typeCode=SBJ].role[classCode=PAT]","FiveWs.subject[x]","FiveWs.subject","PID-3-Patient ID List"
"MedicationStatement.context","","","",0,1,"","","Y","Reference {[]} {[CanonicalType[http://hl7.org/fhir/StructureDefinition/Encounter], CanonicalType[http://hl7.org/fhir/StructureDefinition/EpisodeOfCare]]}
","Encounter / Episode associated with MedicationStatement","The encounter or episode of care that establishes the context for this MedicationStatement.","","","","","","","","","",,,,,"",,,,"MedicationStatement.context",0,1,"","","Event.context",".inboundRelationship[typeCode=COMP].source[classCode=ENC, moodCode=EVN, code=""type of encounter or episode""]"
"MedicationStatement.effective[x]","","","",0,1,"Y","","Y","dateTime {[]} {[]}
Period {[]} {[]}","The date/time or intervel when the medication is/was/will be taken","The interval of time during which it is being asserted that the patient is/was/will be taking the medication (or was not taking, when the MedicationStatement.taken element is No).","This attribute reflects the period over which the patient consumed the medication and is expected to be populated on the majority of Medication Statements. If the medication is still being taken at the time the statement is recorded, the ""end"" date will be omitted.  The date/time attribute supports a variety of dates - year, year/month and exact date.  If something more than this is required, this should be conveyed as text.","","","","","","","","",,,,,"",,,,"MedicationStatement.effective[x]",0,1,"","","PORX_IN060400CA/PORX_MT060190CA/medicationRecord/combinedMedicationRequest/fulfillment2/supplyEventFirstSummary/effectiveTime, INCLUDE End Date PORX_IN060400CA/PORX_MT060190CA/medicationRecord/combinedMedicationRequest/fulfillment3/supplyEventLastSummary/effectiveTime (if medication is now longer active) OR if OTC medication: PORX_IN060400CA/PORX_MT060190CA/medicationRecord/otherMedication/effectiveTime","PORX_IN060400CA/PORX_MT060190CA/medicationRecord/combinedMedicationRequest/fulfillment2/supplyEventFirstSummary/effectiveTime, INCLUDE End Date PORX_IN060400CA/PORX_MT060190CA/medicationRecord/combinedMedicationRequest/fulfillment3/supplyEventLastSummary/effectiveTime (if medication is now longer active) OR if OTC medication: PORX_IN060400CA/PORX_MT060190CA/medicationRecord/otherMedication/effectiveTime","PORX_IN060400CA/PORX_MT060190CA/medicationRecord/combinedMedicationRequest/fulfillment2/supplyEventFirstSummary/effectiveTime, INCLUDE End Date PORX_IN060400CA/PORX_MT060190CA/medicationRecord/combinedMedicationRequest/fulfillment3/supplyEventLastSummary/effectiveTime (if medication is now longer active) OR if OTC medication: PORX_IN060400CA/PORX_MT060190CA/medicationRecord/otherMedication/effectiveTime","Event.occurrence[x]",".effectiveTime","FiveWs.done[x]"
"MedicationStatement.dateAsserted","","","",0,1,"","","Y","dateTime {[]} {[]}
","When the statement was asserted","The date when the medication statement was asserted by the information source.","","","","","","","","","",,,,,"",,,,"MedicationStatement.dateAsserted",0,1,"","","One potential but not semantically airtight mapping is PORX_IN060400CA/MCCI_MT000300CA/creationTime","One potential but not semantically airtight mapping is PORX_IN060400CA/MCCI_MT000300CA/creationTime","One potential but not semantically airtight mapping is PORX_IN060400CA/MCCI_MT000300CA/creationTime",".participation[typeCode=AUT].time","FiveWs.recorded"
"MedicationStatement.informationSource","","","",0,1,"","","","Reference {[]} {[CanonicalType[http://hl7.org/fhir/StructureDefinition/Patient], CanonicalType[http://hl7.org/fhir/StructureDefinition/Practitioner], CanonicalType[http://hl7.org/fhir/StructureDefinition/PractitionerRole], CanonicalType[http://hl7.org/fhir/StructureDefinition/RelatedPerson], CanonicalType[http://hl7.org/fhir/StructureDefinition/Organization]]}
","Person or organization that provided the information about the taking of this medication","The person or organization that provided the information about the taking of this medication. Note: Use derivedFrom when a MedicationStatement is derived from other resources, e.g. Claim or MedicationRequest.","","","","","","","","","",,,,,"",,,,"MedicationStatement.informationSource",0,1,"","","PORX_IN060400CA/PORX_MT060190CA/medicationRecord/combinedMedicationRequest/author/COCT_MT090107CA/assignedPerson","PORX_IN060400CA/PORX_MT060190CA/medicationRecord/combinedMedicationRequest/author/COCT_MT090107CA/assignedPerson","PORX_IN060400CA/PORX_MT060190CA/medicationRecord/combinedMedicationRequest/author/COCT_MT090107CA/assignedPerson",".participation[typeCode=INF].role[classCode=PAT, or codes for Practioner or Related Person (if PAT is the informer, then syntax for self-reported =true)","FiveWs.source"
"MedicationStatement.derivedFrom","","","",0,*,"","","","Reference {[]} {[CanonicalType[http://hl7.org/fhir/StructureDefinition/Resource]]}
","Additional supporting information","Allows linking the MedicationStatement to the underlying MedicationRequest, or to other information that supports or is used to derive the MedicationStatement.","Likely references would be to MedicationRequest, MedicationDispense, Claim, Observation or QuestionnaireAnswers.  The most common use cases for deriving a MedicationStatement comes from creating a MedicationStatement from a MedicationRequest or from a lab observation or a claim.  it should be noted that the amount of information that is available varies from the type resource that you derive the MedicationStatement from.","","","","","","","","",,,,,"",,,,"MedicationStatement.derivedFrom",0,*,"","",".outboundRelationship[typeCode=SPRT]/target[classCode=ACT,moodCode=EVN]"
"MedicationStatement.reasonCode","","","",0,*,"Y","","","CodeableConcept {[]} {[]}
","Reason for why the medication is being/was taken","A reason for why the medication is being/was taken.","This could be a diagnosis code. If a full condition record exists or additional detail is needed, use reasonForUseReference.","","","","","","","","",,"example","Condition/Problem/DiagnosisCodes","http://hl7.org/fhir/ValueSet/condition-code","",,,,"MedicationStatement.reasonCode",0,*,"","","PORX_IN060400CA/PORX_MT060190CA/medicationRecord/combinedMedicationRequest/reason/PORX_MT980050CA/indications/observationDiagnosis","PORX_IN060400CA/PORX_MT060190CA/medicationRecord/combinedMedicationRequest/reason/PORX_MT980050CA/indications/observationDiagnosis","PORX_IN060400CA/PORX_MT060190CA/medicationRecord/combinedMedicationRequest/reason/PORX_MT980050CA/indications/observationDiagnosis","Event.reasonCode",".reasonCode","FiveWs.why[x]"
"MedicationStatement.reasonCode.id","","","",0,1,"","","","string {[]} {[]}
","Unique id for inter-element referencing","Unique id for the element within a resource (for internal references). This may be any string value that does not contain spaces.","","","","","","","","","",,,,,"",,,,"Element.id",0,1,"","","n/a"
"MedicationStatement.reasonCode.extension","","extensions
user content","",0,*,"","","","Extension {[]} {[]}
","Additional content defined by implementations","May be used to represent additional information that is not part of the basic definition of the element. To make the use of extensions safe and manageable, there is a strict set of governance  applied to the definition and use of extensions. Though any implementer can define an extension, there is a set of requirements that SHALL be met as part of the definition of the extension.","There can be no stigma associated with the use of extensions by any application, project, or standard - regardless of the institution or jurisdiction that uses or defines the extensions.  The use of extensions is what allows the FHIR specification to retain a core level of simplicity for everyone.","","","","","","","","",,,,,"","value:url}
","Extensions are always sliced by (at least) url",,"open","Element.extension",0,*,"","","n/a"
"MedicationStatement.reasonCode.coding","","","",0,*,"","","Y","Coding {[]} {[]}
","Code defined by a terminology system","A reference to a code defined by a terminology system.","Codes may be defined very casually in enumerations, or code lists, up to very formal definitions such as SNOMED CT - see the HL7 v3 Core Principles for more information.  Ordering of codings is undefined and SHALL NOT be used to infer meaning. Generally, at most only one of the coding values will be labeled as UserSelected = true.","Allows for alternative encodings within a code system, and translations to other code systems.","","","","","","","",,,,,"",,,,"CodeableConcept.coding",0,*,"","","union(., ./translation)","C*E.1-8, C*E.10-22"
"MedicationStatement.reasonCode.text","","","",0,1,"","","Y","string {[]} {[]}
","Plain text representation of the concept","A human language representation of the concept as seen/selected/uttered by the user who entered the data and/or which represents the intended meaning of the user.","Very often the text is the same as a displayName of one of the codings.","The codes from the terminologies do not always capture the correct meaning with all the nuances of the human using them, or sometimes there is no appropriate code at all. In these cases, the text is used to capture the full meaning of the source.","","","","","","","",,,,,"",,,,"CodeableConcept.text",0,1,"","","./originalText[mediaType/code=""text/plain""]/data","C*E.9. But note many systems use C*E.2 for this"
"MedicationStatement.reasonReference","","","",0,*,"","","","Reference {[]} {[CanonicalType[http://hl7.org/fhir/StructureDefinition/Condition], CanonicalType[http://hl7.org/fhir/StructureDefinition/Observation], CanonicalType[http://hl7.org/fhir/StructureDefinition/DiagnosticReport]]}
","Condition or observation that supports why the medication is being/was taken","Condition or observation that supports why the medication is being/was taken.","This is a reference to a condition that is the reason why the medication is being/was taken.  If only a code exists, use reasonForUseCode.","","","","","","","","",,,,,"",,,,"MedicationStatement.reasonReference",0,*,"","","Event.reasonReference",".outboundRelationship[typeCode=RSON]/target[classCode=OBS,moodCode=EVN, code=""reason for use""].value","FiveWs.why[x]"
"MedicationStatement.note","","","",0,*,"","","","Annotation {[]} {[]}
","Further information about the statement","Provides extra information about the medication statement that is not conveyed by the other attributes.","","","","","","","","","",,,,,"",,,,"MedicationStatement.note",0,*,"","","Event.note",".inboundRelationship[typeCode=SUBJ]/source[classCode=OBS,moodCode=EVN,code=""annotation""].value"
"MedicationStatement.dosage","","","",0,*,"","","","Dosage {[]} {[]}
","Details of how medication is/was taken or should be taken","Indicates how the medication is/was or should be taken by the patient.","The dates included in the dosage on a Medication Statement reflect the dates for a given dose.  For example, ""from November 1, 2016 to November 3, 2016, take one tablet daily and from November 4, 2016 to November 7, 2016, take two tablets daily.""  It is expected that this specificity may only be populated where the patient brings in their labeled container or where the Medication Statement is derived from a MedicationRequest.","","","","","","","","",,,,,"",,,,"MedicationStatement.dosage",0,*,"","","PORX_IN060400CA/PORX_MT060190CA/medicationRecord/combinedMedicationRequest/component1/administrationInstructions/text","PORX_IN060400CA/PORX_MT060190CA/medicationRecord/combinedMedicationRequest/component1/administrationInstructions/text","PORX_IN060400CA/PORX_MT060190CA/medicationRecord/combinedMedicationRequest/component1/administrationInstructions/text","refer dosageInstruction mapping"
