"Path","Slice Name","Alias(s)","Label","Min","Max","Must Support?","Is Modifier?","Is Summary?","Type(s)","Short","Definition","Comments","Requirements","Default Value","Meaning When Missing","Fixed Value","Pattern","Example","Minimum Value","Maximum Value","Maximum Length","Binding Strength","Binding Description","Binding Value Set","Code","Slicing Discriminator","Slicing Description","Slicing Ordered","Slicing Rules","Base Path","Base Min","Base Max","Condition(s)","Constraint(s)","Mapping: Vendor Agnostic v2","Mapping: Ontario- OLIS","Mapping: Prince Edward Island- Cerner Millennium","Mapping: Nova Scotia- Meditech Magic","Mapping: Nove Scotia- Cerner Millennium","Mapping: Nova Scotia- Meditech C/S","Mapping: Workflow Pattern","Mapping: SNOMED CT Concept Domain Binding","Mapping: HL7 v2 Mapping","Mapping: RIM Mapping","Mapping: FiveWs Pattern Mapping","Mapping: SNOMED CT Attribute Binding"
"Observation","","Vital Signs
MeasurementResultsTests","",0,*,"","","","","ACCESS Observation General Lab (Patient) Profile","Expected requirements for the observation resource when reflecting general lab data based on existing source mappings.","Note for implementors: This profile focuses on general lab results. It excludes pathology, microbiology, serotology, etc for two reasons: 1) The density and content of information in the various lab types are dramatically different from each other, these differences drive different information and interaction requirements from patients, and 2) there is a large degree of variance in how general lab results are formatted (more structured) and how other types of labs like pathology are structured (largely text based).   Additional analysis required for microbiology, serotology,  and pathology lab result types to determine level of structured data available.","","","","","","","","",,,,,"",,,,"Observation",0,*,"","dom-2:If the resource is contained in another resource, it SHALL NOT contain nested Resources {contained.contained.empty()}
dom-4:If a resource is contained in another resource, it SHALL NOT have a meta.versionId or a meta.lastUpdated {contained.meta.versionId.empty() and contained.meta.lastUpdated.empty()}dom-3:If the resource is contained in another resource, it SHALL be referred to from elsewhere in the resource or SHALL refer to the containing resource {contained.where((('#'+id in (%resource.descendants().reference | %resource.descendants().as(canonical) | %resource.descendants().as(uri) | %resource.descendants().as(url))) or descendants().where(reference = '#').exists() or descendants().where(as(canonical) = '#').exists() or descendants().where(as(canonical) = '#').exists()).not()).trace('unmatched', id).empty()}dom-6:A resource should have narrative for robust management {text.div.exists()}dom-5:If a resource is contained in another resource, it SHALL NOT have a security label {contained.meta.security.empty()}obs-7:If Observation.code is the same as an Observation.component.code then the value element associated with the code SHALL NOT be present {value.empty() or component.code.where( (coding.code = %resource.code.coding.code) and (coding.system = %resource.code.coding.system)).empty()}obs-6:dataAbsentReason SHALL only be present if Observation.value[x] is not present {dataAbsentReason.empty() or value.empty()}","Event","< 363787002 |Observable entity|","OBX","Entity. Role, or Act","Observation[classCode=OBS, moodCode=EVN]"
"Observation.id","","","",0,1,"","","Y","id {[]} {[]}
","Logical id of this artifact","The logical id of the resource, as used in the URL for the resource. Once assigned, this value never changes.","The only time that a resource does not have an id is when it is being submitted to the server using a create operation.","","","","","","","","",,,,,"",,,,"Resource.id",0,1,"",""
"Observation.meta","","","",0,1,"","","Y","Meta {[]} {[]}
","Metadata about the resource","The metadata about the resource. This is content that is maintained by the infrastructure. Changes to the content might not always be associated with version changes to the resource.","","","","","","","","","",,,,,"",,,,"Resource.meta",0,1,"",""
"Observation.implicitRules","","","",0,1,"","Y","Y","uri {[]} {[]}
","A set of rules under which this content was created","A reference to a set of rules that were followed when the resource was constructed, and which must be understood when processing the content. Often, this is a reference to an implementation guide that defines the special rules along with other profiles etc.","Asserting this rule set restricts the content to be only understood by a limited set of trading partners. This inherently limits the usefulness of the data in the long term. However, the existing health eco-system is highly fractured, and not yet ready to define, collect, and exchange data in a generally computable sense. Wherever possible, implementers and/or specification writers should avoid using this element. Often, when used, the URL is a reference to an implementation guide that defines these special rules as part of it's narrative along with other profiles, value sets, etc.","","","","","","","","",,,,,"",,,,"Resource.implicitRules",0,1,"",""
"Observation.language","","","",0,1,"","","","code {[]} {[]}
","Language of the resource content","The base language in which the resource is written.","Language is provided to support indexing and accessibility (typically, services such as text to speech use the language tag). The html language tag in the narrative applies  to the narrative. The language tag on the resource may be used to specify the language of other presentations generated from the data in the resource. Not all the content has to be in the base language. The Resource.language should not be assumed to apply to the narrative automatically. If a language is specified, it should it also be specified on the div element in the html (see rules in HTML5 for information about the relationship between xml:lang and the html lang attribute).","","","","","","","","",,"preferred","A human language.","http://hl7.org/fhir/ValueSet/languages","",,,,"Resource.language",0,1,"",""
"Observation.text","","narrative
htmlxhtmldisplay","",0,1,"","","","Narrative {[]} {[]}
","Text summary of the resource, for human interpretation","A human-readable narrative that contains a summary of the resource and can be used to represent the content of the resource to a human. The narrative need not encode all the structured data, but is required to contain sufficient detail to make it ""clinically safe"" for a human to just read the narrative. Resource definitions may define what content should be represented in the narrative to ensure clinical safety.","Contained resources do not have narrative. Resources that are not contained SHOULD have a narrative. In some cases, a resource may only have text with little or no additional discrete data (as long as all minOccurs=1 elements are satisfied).  This may be necessary for data from legacy systems where information is captured as a ""text blob"" or where text is additionally entered raw or narrated and encoded information is added later.","","","","","","","","",,,,,"",,,,"DomainResource.text",0,1,"","","Act.text?"
"Observation.contained","","inline resources
anonymous resourcescontained resources","",0,*,"","","","Resource {[]} {[]}
","Contained, inline Resources","These resources do not have an independent existence apart from the resource that contains them - they cannot be identified independently, and nor can they have their own independent transaction scope.","This should never be done when the content can be identified properly, as once identification is lost, it is extremely difficult (and context dependent) to restore it again. Contained resources may have profiles and tags In their meta elements, but SHALL NOT have security labels.","","","","","","","","",,,,,"",,,,"DomainResource.contained",0,*,"","","N/A"
"Observation.extension","","extensions
user content","",0,*,"","","","Extension {[]} {[]}
","Additional content defined by implementations","May be used to represent additional information that is not part of the basic definition of the resource. To make the use of extensions safe and manageable, there is a strict set of governance  applied to the definition and use of extensions. Though any implementer can define an extension, there is a set of requirements that SHALL be met as part of the definition of the extension.","There can be no stigma associated with the use of extensions by any application, project, or standard - regardless of the institution or jurisdiction that uses or defines the extensions.  The use of extensions is what allows the FHIR specification to retain a core level of simplicity for everyone.","","","","","","","","",,,,,"",,,,"DomainResource.extension",0,*,"","","N/A"
"Observation.modifierExtension","","extensions
user content","",0,*,"","Y","","Extension {[]} {[]}
","Extensions that cannot be ignored","May be used to represent additional information that is not part of the basic definition of the resource and that modifies the understanding of the element that contains it and/or the understanding of the containing element's descendants. Usually modifier elements provide negation or qualification. To make the use of extensions safe and manageable, there is a strict set of governance applied to the definition and use of extensions. Though any implementer is allowed to define an extension, there is a set of requirements that SHALL be met as part of the definition of the extension. Applications processing a resource are required to check for modifier extensions.

Modifier extensions SHALL NOT change the meaning of any elements on Resource or DomainResource (including cannot change the meaning of modifierExtension itself).","There can be no stigma associated with the use of extensions by any application, project, or standard - regardless of the institution or jurisdiction that uses or defines the extensions.  The use of extensions is what allows the FHIR specification to retain a core level of simplicity for everyone.","Modifier extensions allow for extensions that *cannot* be safely ignored to be clearly distinguished from the vast majority of extensions which can be safely ignored.  This promotes interoperability by eliminating the need for implementers to prohibit the presence of extensions. For further information, see the [definition of modifier extensions](http://hl7.org/fhir/R4/extensibility.html#modifierExtension).","","","","","","","",,,,,"",,,,"DomainResource.modifierExtension",0,*,"","","N/A"
"Observation.identifier","","","",0,*,"","","Y","Identifier {[]} {[]}
","Business Identifier for observation","A unique identifier assigned to this observation.","","Allows observations to be distinguished and referenced.","","","","","","","",,,,,"",,,,"Observation.identifier",0,*,"","","OBX-21 (Observation Instance Identifier)
Other suggested options if OBX-21 is not available: OBR-2 (Placer Order Number) + OBR-3(Filler Order Number) + OBX-3 (Observation Identifier)","OBR-3.1","OBR-3.1 + OBR-4.1","OBR-3.1 + OBR-4.1","OBR-20 + OBR-4.1","OBR-3.1 + OBR-4.1","Event.identifier","OBX.21  For OBX segments from systems without OBX-21 support a combination of ORC/OBR and OBX must be negotiated between trading partners to uniquely identify the OBX segment. Depending on how V2 has been implemented each of these may be an option: 1) OBR-3 + OBX-3 + OBX-4 or 2) OBR-3 + OBR-4 + OBX-3 + OBX-4 or 2) some other way to uniquely ID the OBR/ORC + OBX-3 + OBX-4.","id","FiveWs.identifier"
"Observation.basedOn","","Fulfills
","",0,*,"","","Y","Reference {[]} {[CanonicalType[http://hl7.org/fhir/StructureDefinition/CarePlan], CanonicalType[http://hl7.org/fhir/StructureDefinition/DeviceRequest], CanonicalType[http://hl7.org/fhir/StructureDefinition/ImmunizationRecommendation], CanonicalType[http://hl7.org/fhir/StructureDefinition/MedicationRequest], CanonicalType[http://hl7.org/fhir/StructureDefinition/NutritionOrder], CanonicalType[http://hl7.org/fhir/StructureDefinition/ServiceRequest]]}
","Fulfills plan, proposal or order","A plan, proposal or order that is fulfilled in whole or in part by this event.  For example, a MedicationRequest may require a patient to have laboratory test performed before  it is dispensed.","","Allows tracing of authorization for the event and tracking whether proposals/recommendations were acted upon.","","","","","","","",,,,,"",,,,"Observation.basedOn",0,*,"","","Event.basedOn","ORC",".inboundRelationship[typeCode=COMP].source[moodCode=EVN]"
"Observation.partOf","","Container
","",0,*,"","","Y","Reference {[]} {[CanonicalType[http://hl7.org/fhir/StructureDefinition/Procedure]]}
","Part of referenced event","A larger event of which this particular Observation is a component or step.  For example,  an observation as part of a procedure.","SME Note: This is an important element to aid in the visualization of tests that are related. Tests that are related MUST be displayed together in the viewer to maintain clinical significance. 

Data Mapping Note: Some LIS have the capacity to have a very complex hierarchy  of tests. Example  A clinician ordered a panel ' Transplant panel' . This panel  contains 3 group tests (OBR).  Each of these 3 groups contains in turn multiples atomic tests (OBX). To maintain the link between all the groups, the LIS send a value in the OBR -26 (parent result) and OBR-29 ( parent number) . This is specially important when the multiples HL7 messages are sent for the results. 

This is also a special concept for microbiology message (currently out of scope of this profile).","","","","","","","","",,,,,"",,,,"Observation.partOf",0,*,"","","OBR-26 + OBR-29","OBR-26 + OBR-29","OBR-26 + OBR-29","OBR-26 + OBR-29","Event.partOf","Varies by domain",".outboundRelationship[typeCode=FLFS].target"
"Observation.status","","","",1,1,"Y","Y","Y","code {[]} {[]}
","registered | preliminary | final | amended +","The status of the result value.","Mapping Note: The LIS that were examined in Nova Scotia included some additional codes that were unique to the LIS (i.e. FOUT). See the notes in the mapping document discussing the need to map the HL7 v2 codes used by the LIS (shorthand often single-digit codes) to the codes used by the FHIR value set (usually full word code).","Need to track the status of individual results. Some results are finalized before the whole report is finalized.","","","","","","","",,"required","Observation Status","http://hl7.org/fhir/ValueSet/observation-status","",,,,"Observation.status",1,1,"","","OBX-11 (Observation Result Status)","OBX-11 (Codes supported: P, F, C, N, W, X, Z)","OBX-11 (Codes upported: P, F, C, D, R, S, D, U, I)","OBX-11 (Codes supported: P, F, D, A*)","OBX-11 (Codes supported: P, F, C)","OBX-11 (Codes supported: P, F, C, D, A*, FOUT*)","Event.status","< 445584004 |Report by finality status|","OBX-11","status  Amended & Final are differentiated by whether it is the subject of a ControlAct event with a type of ""revise""","FiveWs.status"
"Observation.category","","","",1,*,"Y","","","CodeableConcept {[]} {[]}
","Classification of type of observation","A code that classifies the general type of observation being made.","Laboratory should be the default code used in this general lab profile. Other profiles may support other codes. 

Mapping/Implementor Note: There is no absolute semantic match in v2 that identifies the category of the ORU message, however the element was made must-support under the assumption that the category could be populated during the conversion process through a variety of means (primarily by source information in the message header- some Nova Scotia labs even send lab module). Unlike the US Core, laboratory was not set as a fixed value to avoid over-constraining the profile to the point of counteracting jurisdictional designs already in place  (OLIS observationCategory value set supports both exam and laboratory codes). US Core Observation Results Profile requires the first use of category to default to 'laboratory' using the code system 'http://hl7.org/fhir/observation-category'. Additional codes can be used to provide more detail on the type of laboratory test.","Used for filtering what observations are retrieved and displayed.","","","","","","","",,"preferred","Observation Category Codes","http://hl7.org/fhir/ValueSet/observation-category","","value:pattern}
","",,"open","Observation.category",0,*,"","",".outboundRelationship[typeCode=""COMP].target[classCode=""LIST"", moodCode=""EVN""].code","FiveWs.class"
"Observation.code","","Name
","",1,1,"Y","","Y","CodeableConcept {[]} {[]}
","Type of observation (code / type)","Describes what was observed. Sometimes this is called the observation ""name"".","Mapping Note: Every LIS has its own data dictionary. Some LIS dictionaries use nomenclature that has 1:1 mapping to LOINC codes (example: OLIS) others do not. Some LIS vendors (example: Cerner Millennium) may reuse a foundational data dictionary but LIS sites often opt to add additional codes as a supplement to the data dictionary which leads to inconsistency across sites. These codes can be numeric, alpha-numeric, text, or some combination (seen frequently in the test data from Nova Scotia). Occasionally codes may be retired by the vendor or LIS master file but the codes are kept for a period of time to ensure the transition accounts for tests that have not been completed.","Knowing what kind of observation is being made is essential to understanding the observation.","","","","","","","",,"preferred","OLIS Observation Codes","http://ehealthontario.ca/fhir/ValueSet/lab/observation-codes","",,,,"Observation.code",1,1,"","","OBX-3.1 (Observation Identifier ID/Print Number)
Other suggested options if OBX-3 is not available: OBR-4 (Universal Service Identifier)","OBX-3.1","OBX-3.1 (Code set 72 with some ability to send LOINC if site selects ""send nomenclature identifier"")","OBX-3.1","OBX-3.1","OBX-3.1","Event.code","< 363787002 |Observable entity| OR < 386053000 |Evaluation procedure|","OBX-3","code","FiveWs.what[x]","116680003 |Is a|"
"Observation.subject","","","",1,1,"Y","","Y","Reference {[]} {[CanonicalType[http://hl7.org/fhir/ca/core/StructureDefinition/profile-patient]]}
","Who and/or what the observation is about","The patient, or group of patients, location, or device this observation is about and into whose record the observation is placed. If the actual focus of the observation is different from the subject (or a sample of, part, or region of the subject), the `focus` element or the `code` itself specifies the actual focus of the observation.","One would expect this element to be a cardinality of 1..1. The only circumstance in which the subject can be missing is when the observation is made by a device that does not know the patient. In this case, the observation SHALL be matched to a patient through some context/channel matching technique, and at this point, the observation should be updated.","Observations have no value if you don't know who or what they're about.","","","","","","","",,,,,"",,,,"Observation.subject",0,1,"","","PID-3 (Patient Identifier List)  Other suggested options if PID-3 is not available or the patient resource is tied to provincial identifiers: PID-2","PID-3","PID-3 (if v2.3.1 and above), PID-4 (if v2.3 or below)","PID-3","PID-3","PID-3","Event.subject","PID-3","participation[typeCode=RTGT] ","FiveWs.subject[x]","FiveWs.subject"
"Observation.focus","","","",0,*,"","","Y","Reference {[]} {[CanonicalType[http://hl7.org/fhir/StructureDefinition/Resource]]}
","What the observation is about, when it is not about the subject of record","The actual focus of an observation when it is not the patient of record representing something or someone associated with the patient such as a spouse, parent, fetus, or donor. For example, fetus observations in a mother's record.  The focus of an observation could also be an existing condition,  an intervention, the subject's diet,  another observation of the subject,  or a body structure such as tumor or implanted device.   An example use case would be using the Observation resource to capture whether the mother is trained to change her child's tracheostomy tube. In this example, the child is the patient of record and the mother is the focus.","Typically, an observation is made about the subject - a patient, or group of patients, location, or device - and the distinction between the subject and what is directly measured for an observation is specified in the observation code itself ( e.g., ""Blood Glucose"") and does not need to be represented separately using this element.  Use `specimen` if a reference to a specimen is required.  If a code is required instead of a resource use either  `bodysite` for bodysites or the standard extension [focusCode](http://hl7.org/fhir/R4/extension-observation-focuscode.html).","","","","","","","","",,,,,"",,,,"Observation.focus",0,*,"","","OBX-3","participation[typeCode=SBJ]","FiveWs.subject[x]","FiveWs.subject"
"Observation.encounter","","Context
","",0,1,"","","Y","Reference {[]} {[CanonicalType[http://hl7.org/fhir/StructureDefinition/Encounter]]}
","Healthcare event during which this observation is made","The healthcare event  (e.g. a patient and healthcare provider interaction) during which this observation is made.","This will typically be the encounter the event occurred within, but some events may be initiated prior to or after the official completion of an encounter but still be tied to the context of the encounter (e.g. pre-admission laboratory tests).","For some observations it may be important to know the link between an observation and a particular encounter.","","","","","","","",,,,,"",,,,"Observation.encounter",0,1,"","","Event.context","PV1","inboundRelationship[typeCode=COMP].source[classCode=ENC, moodCode=EVN]","FiveWs.context"
"Observation.effectiveDateTime","","Occurrence
","",0,1,"Y","","Y","dateTime {[]} {[]}
","Clinically relevant time/time-period for observation","The time or time-period the observed value is asserted as being true. For biological subjects - e.g. human patients - this is usually called the ""physiologically relevant time"". This is usually either the time of the procedure or of specimen collection, but very often the source of the date/time is not known, only the date/time itself.","SME/Mapping Note:  This element refers to the date the specimen was collected which is usually found in OBR-7. In some lab test such as Timed test, multiples samples are collected at various time (same date). In this case, the date of specimen collection can be included in the OBX segment. However, this has been found to be an issue with many LIS since they do not provide the information in the messages. 

The patient/physician may refer to this date to distinguish from the other blood collection.","Knowing when an observation was deemed true is important to its relevance as well as determining trends.","","","","","","","",,,,,"",,,,"Observation.effective[x]",0,1,"","","OBX-14 (Date/Time of the Observation) Other suggested options if OBX-14 is not available: OBR-7","OBX-14 

Other suggested options if OBX-14 is not available: OBR-7","OBX-14","OBX-14 

Other suggested options if OBX-14 is not available: OBR-7","OBX-14 

Other suggested options if OBX-14 is not available: OBR-7","OBX-14 

Other suggested options if OBX-14 is not available: OBR-7","Event.occurrence[x]","OBX-14, and/or OBX-19 after v2.4  (depends on who observation made)","effectiveTime","FiveWs.done[x]"
"Observation.issued","","","",0,1,"","","Y","instant {[]} {[]}
","Date/Time this version was made available","The date and time this version of the observation was made available to providers, typically after the results have been reviewed and verified.","SME Note: This refers to the date the result was released aka result are made available. 

Mapping/Implementor Note: Pay special attention to situation with a group test (containing multiple atomic tests) .If the test result of only one atomic test  is changed after the initial release, then the date in the OBX segment will be updated. Most LIS will also update the date in the OBR segment. Some LIS will update the date of all the atomic tests regardless if the result was changed or remains the same. This can be an issue if the displaying application/viewer has a trigger to warn the user of the change base of the issued date.","","","","","","","","",,,,,"",,,,"Observation.issued",0,1,"","","OBR-22 (Results Rpt/Status Chng - Date/Time +)

Other suggested options if OBR-22 is not available: OBR-7 or OBX-19 (if LIS is HL7 v2.4 or higher)","OBR-7","OBR-22","OBR-22

Other suggested options if OBR-22 is not available: OBR-7 or OBX-19 (if LIS is HL7 v2.4 or higher)","OBR-22

Other suggested options if OBR-22 is not available: OBR-7 or OBX-19 (if LIS is HL7 v2.4 or higher)","OBR-7","OBR.22 (or MSH.7), or perhaps OBX-19 (depends on who observation made)","participation[typeCode=AUT].time","FiveWs.recorded"
"Observation.performer","","","",0,*,"","","Y","Reference {[]} {[CanonicalType[http://hl7.org/fhir/StructureDefinition/Practitioner], CanonicalType[http://hl7.org/fhir/StructureDefinition/Organization]]}
","Who is responsible for the observation","Who was responsible for asserting the observed value as ""true"".","","May give a degree of confidence in the observation and also indicates where follow-up questions should be directed.","","","","","","","",,,,,"","value:profile}
","",,"open","Observation.performer",0,*,"","","Event.performer.actor","OBX.15 / (Practitioner)  OBX-16,  PRT-5:PRT-4='RO' /  (Device)  OBX-18 , PRT-10:PRT-4='EQUIP' / (Organization)  OBX-23,  PRT-8:PRT-4='PO'","participation[typeCode=PRF]","FiveWs.actor"
"Observation.value[x]","","","",0,1,"Y","","Y","Quantity {[]} {[]}
CodeableConcept {[]} {[]}string {[]} {[]}boolean {[]} {[]}integer {[]} {[]}Range {[]} {[]}Ratio {[]} {[]}SampledData {[]} {[]}time {[]} {[]}dateTime {[]} {[]}Period {[]} {[]}","Actual result","The information determined as a result of making the observation, if the information has a simple value.","An observation may have; 1)  a single value here, 2)  both a value and a set of related or component values,  or 3)  only a set of related or component values. If a value is present, the datatype for this element should be determined by Observation.code.  A CodeableConcept with just a text would be used instead of a string if the field was usually coded, or if the type associated with the Observation.code defines a coded value.  For additional guidance, see the [Notes section](http://hl7.org/fhir/R4/observation.html#notes) below.","An observation exists to have a value, though it might not if it is in error, or if it represents a group of observations.","","","","","","","",,,,,"",,,,"Observation.value[x]",0,1,"obs-7
","","OBX.2 (Value Type), OBX.5 (Observation Value), OBX.6 (Units)","OBX.2, OBX.5, OBX.6","OBX.2, OBX.5, OBX.6","OBX.2, OBX.5, OBX.6","OBX.2, OBX.5, OBX.6","OBX.2, OBX.5, OBX.6","< 441742003 |Evaluation finding|","OBX.2, OBX.5, OBX.6","value","363714003 |Interprets|"
"Observation.dataAbsentReason","","","",0,1,"Y","","","CodeableConcept {[]} {[]}
","Why the result is missing","Provides a reason why the expected value in the element Observation.value[x] is missing.","Implementor Note: While this is an important FHIR element to support (provides meaning for patients) it has a weak semantic mapping to available HL7 v2 ORU fields (utilized by the Nova Scotia & PEI LIS analyzed). Considered must support for the CA Baseline and US Core profiles, however there is no structured v2 field/code set outside of observation result status (cancel code) that addresses data absent reason.  Likely to be addressed in notes which present their own set of challenges in automatic extraction. 

Key area of consideration given the value that this element has in reducing confusion in patients expecting to see a result that do not receive one. Unless further intervention occurs on behalf of the labs or converter, dataAbsentReason would likely only be populated when the ObservationResultStatus = cancelled.","For many results it is necessary to handle exceptional values in measurements.","","","","","","","",,"extensible","Data Absent Reason","http://hl7.org/fhir/ValueSet/data-absent-reason","",,,,"Observation.dataAbsentReason",0,1,"obs-6
","","OBX-11* (Observation Result Status)","OBX-11*","OBX-11*","OBX-11*","OBX-11*","N/A","value.nullFlavor"
"Observation.interpretation","","Abnormal Flag
","",0,*,"Y","","","CodeableConcept {[]} {[]}
","Codes signifying whether result is high, low, normal, compared to reference range","A categorical assessment of an observation value.  For example, high, low, normal.","Historically used for laboratory results (known as 'abnormal flag' ),  its use extends to other use cases where coded interpretations  are relevant.  Often reported as one or more simple compact codes this element is often placed adjacent to the result value in reports and flow sheets to signal the meaning/normalcy status of the result.","For some results, particularly numeric results, an interpretation is necessary to fully understand the significance of a result.","","","","","","","",,"extensible","Observation Interpretation","http://hl7.org/fhir/ValueSet/observation-interpretation","",,,,"Observation.interpretation",0,*,"","","OBX-8 (Interpretation Codes)","OBX-8","OBX-8","OBX-8","OBX-8","OBX-8","< 260245000 |Findings values|","OBX-8","interpretationCode","363713009 |Has interpretation|"
"Observation.note","","","",0,*,"","","","Annotation {[]} {[]}
","Comments about the observation","Comments about the observation or the results.","SME Note: Notes are entered by the lab staff to justify, clarify, or aid the interpretation of the result. It can be a few words to paragraphs. Usually sent in an NTE type of segment. 

Implementor Note: One consideration that needs to be explored with LIS sites is whether there is any risk of exposing data that is inappropriate for the patient in this field. Another consideration if expecting lossless 2-way conversion, is that there are two places where notes can occur in HL7 v2 ORU messages: linked to the OBR (observation) and the OBX (result). Once the note is in FHIR, it will be difficult to identify whether or not it is tied to observation or result using existing structured data. If lossless 2-way for notes is deemed critical, one method of approach would be extensions, but discussions with LIS & end-users recommended to determine feasibility.","Need to be able to provide free text additional information.","","","","","","","",,,,,"",,,,"Observation.note",0,*,"","","NTE-3 (Comment)","NTE-3","NTE-3","NTE-3","NTE-3","NTE-3","NTE.3 (partner NTE to OBX, or sometimes another (child?) OBX)","subjectOf.observationEvent[code=""annotation""].value"
"Observation.bodySite","","","",0,1,"","","","CodeableConcept {[]} {[]}
","Observed body part","Indicates the site on the subject's body where the observation was made (i.e. the target site).","Only used if not implicit in code found in Observation.code.  In many systems, this may be represented as a related observation instead of an inline component.   

If the use case requires BodySite to be handled as a separate resource (e.g. to identify and track separately) then use the standard extension[ bodySite](http://hl7.org/fhir/R4/extension-bodysite.html).","","","","","","","","",,"example","Codes describing anatomical locations. May include laterality.","http://hl7.org/fhir/ValueSet/body-site","",,,,"Observation.bodySite",0,1,"","","< 123037004 |Body structure|","OBX-20","targetSiteCode","718497002 |Inherent location|"
"Observation.method","","","",0,1,"","","","CodeableConcept {[]} {[]}
","How it was done","Indicates the mechanism used to perform the observation.","Only used if not implicit in code for Observation.code.","In some cases, method can impact results and is thus used for determining whether results can be compared or determining significance of results.","","","","","","","",,"example","Methods for simple observations.","http://hl7.org/fhir/ValueSet/observation-methods","",,,,"Observation.method",0,1,"","","OBX-17","methodCode"
"Observation.specimen","","","",0,1,"","","","Reference {[]} {[CanonicalType[http://hl7.org/fhir/StructureDefinition/Specimen]]}
","Specimen used for this observation","The specimen that was used when this observation was made.","Mapping Note: Cerner Millennium NS specifications do not support specimen number, the synonymous accession number is used. Accession number is an unique number given to a tube of blood, urine container. In that sense, specimen number and accession are the same.","","","","","","","","",,,,,"",,,,"Observation.specimen",0,1,"","","OBR-3.1 (Filler Order Number ID) , SPM-2 (Specimen ID) can be used in interfaces that are HL7 v2.5.1 and higher","OBR-3.1","SPM-2","OBR-3.1","OBR-20 (Filler Field 1+..Unformatted Millennium accension number)","OBR-3.1","< 123038009 |Specimen|","SPM segment","participation[typeCode=SPC].specimen","704319004 |Inherent in|"
"Observation.device","","","",0,1,"","","","Reference {[]} {[CanonicalType[http://hl7.org/fhir/StructureDefinition/Device], CanonicalType[http://hl7.org/fhir/StructureDefinition/DeviceMetric]]}
","(Measurement) Device","The device used to generate the observation data.","Note that this is not meant to represent a device involved in the transmission of the result, e.g., a gateway.  Such devices may be documented using the Provenance resource where relevant.","","","","","","","","",,,,,"",,,,"Observation.device",0,1,"","","< 49062001 |Device|","OBX-17 / PRT -10","participation[typeCode=DEV]","424226004 |Using device|"
"Observation.referenceRange","","","",0,*,"","","","BackboneElement {[]} {[]}
","Provides guide for interpretation","Guidance on how to interpret the value by comparison to a normal or recommended range.  Multiple reference ranges are interpreted as an ""OR"".   In other words, to represent two distinct target populations, two `referenceRange` elements would be used.","Most observations only have one generic reference range. Systems MAY choose to restrict to only supplying the relevant reference range based on knowledge about the patient (e.g., specific to the patient's age, gender, weight and other factors), but this might not be possible or appropriate. Whenever more than one reference range is supplied, the differences between them SHOULD be provided in the reference range and/or age properties.","Knowing what values are considered ""normal"" can help evaluate the significance of a particular result. Need to be able to provide multiple reference ranges for different contexts.","","","","","","","",,,,,"",,,,"Observation.referenceRange",0,*,"","ele-1:All FHIR elements must have a @value or children {hasValue() or (children().count() > id.count())}
obs-3:Must have at least a low or a high or text {low.exists() or high.exists() or text.exists()}","OBX-7 (Reference Range)","OBX-7","OBX-7","OBX-7","OBX-7","OBX-7","OBX.7","outboundRelationship[typeCode=REFV]/target[classCode=OBS, moodCode=EVN]"
"Observation.referenceRange.id","","","",0,1,"","","","string {[]} {[]}
","Unique id for inter-element referencing","Unique id for the element within a resource (for internal references). This may be any string value that does not contain spaces.","","","","","","","","","",,,,,"",,,,"Element.id",0,1,"","","n/a"
"Observation.referenceRange.extension","","extensions
user content","",0,*,"","","","Extension {[]} {[]}
","Additional content defined by implementations","May be used to represent additional information that is not part of the basic definition of the element. To make the use of extensions safe and manageable, there is a strict set of governance  applied to the definition and use of extensions. Though any implementer can define an extension, there is a set of requirements that SHALL be met as part of the definition of the extension.","There can be no stigma associated with the use of extensions by any application, project, or standard - regardless of the institution or jurisdiction that uses or defines the extensions.  The use of extensions is what allows the FHIR specification to retain a core level of simplicity for everyone.","","","","","","","","",,,,,"",,,,"Element.extension",0,*,"","","n/a"
"Observation.referenceRange.modifierExtension","","extensions
user contentmodifiers","",0,*,"","Y","Y","Extension {[]} {[]}
","Extensions that cannot be ignored even if unrecognized","May be used to represent additional information that is not part of the basic definition of the element and that modifies the understanding of the element in which it is contained and/or the understanding of the containing element's descendants. Usually modifier elements provide negation or qualification. To make the use of extensions safe and manageable, there is a strict set of governance applied to the definition and use of extensions. Though any implementer can define an extension, there is a set of requirements that SHALL be met as part of the definition of the extension. Applications processing a resource are required to check for modifier extensions.

Modifier extensions SHALL NOT change the meaning of any elements on Resource or DomainResource (including cannot change the meaning of modifierExtension itself).","There can be no stigma associated with the use of extensions by any application, project, or standard - regardless of the institution or jurisdiction that uses or defines the extensions.  The use of extensions is what allows the FHIR specification to retain a core level of simplicity for everyone.","Modifier extensions allow for extensions that *cannot* be safely ignored to be clearly distinguished from the vast majority of extensions which can be safely ignored.  This promotes interoperability by eliminating the need for implementers to prohibit the presence of extensions. For further information, see the [definition of modifier extensions](http://hl7.org/fhir/R4/extensibility.html#modifierExtension).","","","","","","","",,,,,"",,,,"BackboneElement.modifierExtension",0,*,"","","N/A"
"Observation.referenceRange.low","","","",0,1,"","","","Quantity {[CanonicalType[http://hl7.org/fhir/StructureDefinition/SimpleQuantity]]} {[]}
","Low Range, if relevant","The value of the low bound of the reference range.  The low bound of the reference range endpoint is inclusive of the value (e.g.  reference range is >=5 - <=9). If the low bound is omitted,  it is assumed to be meaningless (e.g. reference range is <=2.3).","","","","","","","","","",,,,,"",,,,"Observation.referenceRange.low",0,1,"obs-3
","","OBX-7","value:IVL_PQ.low"
"Observation.referenceRange.high","","","",0,1,"","","","Quantity {[CanonicalType[http://hl7.org/fhir/StructureDefinition/SimpleQuantity]]} {[]}
","High Range, if relevant","The value of the high bound of the reference range.  The high bound of the reference range endpoint is inclusive of the value (e.g.  reference range is >=5 - <=9). If the high bound is omitted,  it is assumed to be meaningless (e.g. reference range is >= 2.3).","","","","","","","","","",,,,,"",,,,"Observation.referenceRange.high",0,1,"obs-3
","","OBX-7","value:IVL_PQ.high"
"Observation.referenceRange.type","","","",0,1,"","","","CodeableConcept {[]} {[]}
","Reference range qualifier","Codes to indicate the what part of the targeted reference population it applies to. For example, the normal or therapeutic range.","This SHOULD be populated if there is more than one range.  If this element is not present then the normal range is assumed.","Need to be able to say what kind of reference range this is - normal, recommended, therapeutic, etc.,  - for proper interpretation.","","","","","","","",,"preferred","Code for the meaning of a reference range.","http://hl7.org/fhir/ValueSet/referencerange-meaning","",,,,"Observation.referenceRange.type",0,1,"","","< 260245000 |Findings values| OR  < 365860008 |General clinical state finding| OR < 250171008 |Clinical history or observation findings| OR  < 415229000 |Racial group| OR < 365400002 |Finding of puberty stage| OR< 443938003 |Procedure carried out on subject|","OBX-10","interpretationCode"
"Observation.referenceRange.appliesTo","","","",0,*,"","","","CodeableConcept {[]} {[]}
","Reference range population","Codes to indicate the target population this reference range applies to.  For example, a reference range may be based on the normal population or a particular sex or race.  Multiple `appliesTo`  are interpreted as an ""AND"" of the target populations.  For example, to represent a target population of African American females, both a code of female and a code for African American would be used.","Mapping Note: One thing implementors should keep in mind is that the HL7 v2 ORU field allows for multiple values to be supplied (example: age based population, sex based population). When more than one value is present they are separated by ^ in the message (ex: A^S) . 

SME Note: This element allows for distinction of abnormal testing (age, race, sex, species, strain) but is not typically displayed in existing clinician lab viewers today.","Need to be able to identify the target population for proper interpretation.","","","","","","","",,"example","v2 Nature of abnormal test","http://terminology.hl7.org/ValueSet/v2-0080","",,,,"Observation.referenceRange.appliesTo",0,*,"","","OBX-10 (Nature of Abnormal Test)","OBX-10","OBX-10","OBX-10","< 260245000 |Findings values| OR  < 365860008 |General clinical state finding| OR < 250171008 |Clinical history or observation findings| OR  < 415229000 |Racial group| OR < 365400002 |Finding of puberty stage| OR< 443938003 |Procedure carried out on subject|","OBX-10","interpretationCode"
"Observation.referenceRange.age","","","",0,1,"","","","Range {[]} {[]}
","Applicable age range, if relevant","The age at which this reference range is applicable. This is a neonatal age (e.g. number of weeks at term) if the meaning says so.","","Some analytes vary greatly over age.","","","","","","","",,,,,"",,,,"Observation.referenceRange.age",0,1,"","","outboundRelationship[typeCode=PRCN].targetObservationCriterion[code=""age""].value"
"Observation.referenceRange.text","","","",0,1,"","","","string {[]} {[]}
","Text based reference range in an observation","Text based reference range in an observation which may be used when a quantitative range is not appropriate for an observation.  An example would be a reference value of ""Negative"" or a list or table of ""normals"".","","","","","","","","","",,,,,"",,,,"Observation.referenceRange.text",0,1,"","","OBX-7 (Reference Range)","OBX-7","OBX-7","OBX-7","OBX-7","OBX-7","OBX-7","value:ST"
"Observation.hasMember","","","",0,*,"","","Y","Reference {[]} {[CanonicalType[http://infoway-inforoute.ca/fhir/StructureDefinition/access-observation-gen-pat]]}
","Related resource that belongs to the Observation group. This observation is a group observation (e.g. a battery, a panel of tests, a set of vital sign measurements) that includes the target as a member of the group.","This observation is a group observation (e.g. a battery, a panel of tests, a set of vital sign measurements) that includes the target as a member of the group.","Mapping Note: Consistent semantic equivalent mapping difficult to determine at existing LIS sites.","","","","","","","","",,,,,"",,,,"Observation.hasMember",0,*,"","","Relationships established by OBX-4 usage","Relationships established by OBX-4 usage","outBoundRelationship"
"Observation.derivedFrom","","","",0,*,"","","Y","Reference {[]} {[CanonicalType[http://hl7.org/fhir/StructureDefinition/DocumentReference], CanonicalType[http://hl7.org/fhir/StructureDefinition/ImagingStudy], CanonicalType[http://hl7.org/fhir/StructureDefinition/Media], CanonicalType[http://hl7.org/fhir/StructureDefinition/QuestionnaireResponse], CanonicalType[http://hl7.org/fhir/StructureDefinition/Observation], CanonicalType[http://hl7.org/fhir/StructureDefinition/MolecularSequence]]}
","Related measurements the observation is made from","The target resource that represents a measurement from which this observation value is derived. For example, a calculated anion gap or a fetal measurement based on an ultrasound image.","All the reference choices that are listed in this element can represent clinical observations and other measurements that may be the source for a derived value.  The most common reference will be another Observation.  For a discussion on the ways Observations can assembled in groups together, see [Notes](http://hl7.org/fhir/R4/observation.html#obsgrouping) below.","","","","","","","","",,,,,"",,,,"Observation.derivedFrom",0,*,"","","Relationships established by OBX-4 usage",".targetObservation"
"Observation.component","","","",0,*,"","","Y","BackboneElement {[]} {[]}
","Component results","Some observations have multiple component observations.  These component observations are expressed as separate code value pairs that share the same attributes.  Examples include systolic and diastolic component observations for blood pressure measurement and multiple component observations for genetics observations.","For a discussion on the ways Observations can be assembled in groups together see [Notes](http://hl7.org/fhir/R4/observation.html#notes) below.","Component observations share the same attributes in the Observation resource as the primary observation and are always treated a part of a single observation (they are not separable).   However, the reference range for the primary observation value is not inherited by the component values and is required when appropriate for each component observation.","","","","","","","",,,,,"",,,,"Observation.component",0,*,"","ele-1:All FHIR elements must have a @value or children {hasValue() or (children().count() > id.count())}
","containment by OBX-4?","outBoundRelationship[typeCode=COMP]"
"Observation.component.id","","","",0,1,"","","","string {[]} {[]}
","Unique id for inter-element referencing","Unique id for the element within a resource (for internal references). This may be any string value that does not contain spaces.","","","","","","","","","",,,,,"",,,,"Element.id",0,1,"","","n/a"
"Observation.component.extension","","extensions
user content","",0,*,"","","","Extension {[]} {[]}
","Additional content defined by implementations","May be used to represent additional information that is not part of the basic definition of the element. To make the use of extensions safe and manageable, there is a strict set of governance  applied to the definition and use of extensions. Though any implementer can define an extension, there is a set of requirements that SHALL be met as part of the definition of the extension.","There can be no stigma associated with the use of extensions by any application, project, or standard - regardless of the institution or jurisdiction that uses or defines the extensions.  The use of extensions is what allows the FHIR specification to retain a core level of simplicity for everyone.","","","","","","","","",,,,,"",,,,"Element.extension",0,*,"","","n/a"
"Observation.component.modifierExtension","","extensions
user contentmodifiers","",0,*,"","Y","Y","Extension {[]} {[]}
","Extensions that cannot be ignored even if unrecognized","May be used to represent additional information that is not part of the basic definition of the element and that modifies the understanding of the element in which it is contained and/or the understanding of the containing element's descendants. Usually modifier elements provide negation or qualification. To make the use of extensions safe and manageable, there is a strict set of governance applied to the definition and use of extensions. Though any implementer can define an extension, there is a set of requirements that SHALL be met as part of the definition of the extension. Applications processing a resource are required to check for modifier extensions.

Modifier extensions SHALL NOT change the meaning of any elements on Resource or DomainResource (including cannot change the meaning of modifierExtension itself).","There can be no stigma associated with the use of extensions by any application, project, or standard - regardless of the institution or jurisdiction that uses or defines the extensions.  The use of extensions is what allows the FHIR specification to retain a core level of simplicity for everyone.","Modifier extensions allow for extensions that *cannot* be safely ignored to be clearly distinguished from the vast majority of extensions which can be safely ignored.  This promotes interoperability by eliminating the need for implementers to prohibit the presence of extensions. For further information, see the [definition of modifier extensions](http://hl7.org/fhir/R4/extensibility.html#modifierExtension).","","","","","","","",,,,,"",,,,"BackboneElement.modifierExtension",0,*,"","","N/A"
"Observation.component.code","","","",1,1,"","","Y","CodeableConcept {[]} {[]}
","Type of component observation (code / type)","Describes what was observed. Sometimes this is called the observation ""code"".","*All* code-value and  component.code-component.value pairs need to be taken into account to correctly understand the meaning of the observation.","Knowing what kind of observation is being made is essential to understanding the observation.","","","","","","","",,"example","Codes identifying names of simple observations.","http://hl7.org/fhir/ValueSet/observation-codes","",,,,"Observation.component.code",1,1,"","","< 363787002 |Observable entity| OR < 386053000 |Evaluation procedure|","OBX-3","code","FiveWs.what[x]"
"Observation.component.value[x]","","","",0,1,"","","Y","Quantity {[]} {[]}
CodeableConcept {[]} {[]}string {[]} {[]}boolean {[]} {[]}integer {[]} {[]}Range {[]} {[]}Ratio {[]} {[]}SampledData {[]} {[]}time {[]} {[]}dateTime {[]} {[]}Period {[]} {[]}","Actual component result","The information determined as a result of making the observation, if the information has a simple value.","Used when observation has a set of component observations. An observation may have both a value (e.g. an  Apgar score)  and component observations (the observations from which the Apgar score was derived). If a value is present, the datatype for this element should be determined by Observation.code. A CodeableConcept with just a text would be used instead of a string if the field was usually coded, or if the type associated with the Observation.code defines a coded value.  For additional guidance, see the [Notes section](http://hl7.org/fhir/R4/observation.html#notes) below.","An observation exists to have a value, though it might not if it is in error, or if it represents a group of observations.","","","","","","","",,,,,"",,,,"Observation.component.value[x]",0,1,"","","363714003 |Interprets| < 441742003 |Evaluation finding|","OBX.2, OBX.5, OBX.6","value","363714003 |Interprets|"
"Observation.component.dataAbsentReason","","","",0,1,"","","","CodeableConcept {[]} {[]}
","Why the component result is missing","Provides a reason why the expected value in the element Observation.component.value[x] is missing.","""Null"" or exceptional values can be represented two ways in FHIR Observations.  One way is to simply include them in the value set and represent the exceptions in the value.  For example, measurement values for a serology test could be  ""detected"", ""not detected"", ""inconclusive"", or  ""test not done"". 

The alternate way is to use the value element for actual observations and use the explicit dataAbsentReason element to record exceptional values.  For example, the dataAbsentReason code ""error"" could be used when the measurement was not completed.  Because of these options, use-case agreements are required to interpret general observations for exceptional values.","For many results it is necessary to handle exceptional values in measurements.","","","","","","","",,"extensible","Codes specifying why the result (`Observation.value[x]`) is missing.","http://hl7.org/fhir/ValueSet/data-absent-reason","",,,,"Observation.component.dataAbsentReason",0,1,"obs-6
","","N/A","value.nullFlavor"
"Observation.component.interpretation","","Abnormal Flag
","",0,*,"","","","CodeableConcept {[]} {[]}
","High, low, normal, etc.","A categorical assessment of an observation value.  For example, high, low, normal.","Historically used for laboratory results (known as 'abnormal flag' ),  its use extends to other use cases where coded interpretations  are relevant.  Often reported as one or more simple compact codes this element is often placed adjacent to the result value in reports and flow sheets to signal the meaning/normalcy status of the result.","For some results, particularly numeric results, an interpretation is necessary to fully understand the significance of a result.","","","","","","","",,"extensible","Codes identifying interpretations of observations.","http://hl7.org/fhir/ValueSet/observation-interpretation","",,,,"Observation.component.interpretation",0,*,"","","< 260245000 |Findings values|","OBX-8","interpretationCode","363713009 |Has interpretation|"
"Observation.component.referenceRange","","","",0,*,"","","","","Provides guide for interpretation of component result","Guidance on how to interpret the value by comparison to a normal or recommended range.","Most observations only have one generic reference range. Systems MAY choose to restrict to only supplying the relevant reference range based on knowledge about the patient (e.g., specific to the patient's age, gender, weight and other factors), but this might not be possible or appropriate. Whenever more than one reference range is supplied, the differences between them SHOULD be provided in the reference range and/or age properties.","Knowing what values are considered ""normal"" can help evaluate the significance of a particular result. Need to be able to provide multiple reference ranges for different contexts.","","","","","","","",,,,,"",,,,"Observation.component.referenceRange",0,*,"","","OBX.7","outboundRelationship[typeCode=REFV]/target[classCode=OBS, moodCode=EVN]"
