{
  "resourceType": "MedicationRequest",
  "id": "medicationrequest-clin-example",
  "text": {
    "status": "generated",
    "div": "<div xmlns=\"http://www.w3.org/1999/xhtml\"><p><b>Generated Narrative with Details</b></p><p><b>id</b>: medicationrequest-clin-example</p><p><b>contained</b>: </p><p><b>identifier</b>: 222222</p><p><b>status</b>: active</p><p><b>statusReason</b>: INT <span style=\"background: LightGoldenRodYellow\">(Details : {[not stated] code 'INT' = 'INT)</span></p><p><b>intent</b>: order</p><p><b>reported</b>: true</p><p><b>medication</b>: ALMOTRIPTAN (almotriptan (almotriptan malate) 12.5 mg oral tablet) <span style=\"background: LightGoldenRodYellow\">(Details : {http://hl7.org/fhir/NamingSystem/ca-hc-din code '00123556' = '00123556', given as 'ALMOTRIPTAN (almotriptan (almotriptan malate) 12.5 mg oral tablet)'})</span></p><p><b>subject</b>: <a href=\"Patient/999999999\">Patient/999999999</a></p><p><b>authoredOn</b>: Jan 1, 2004, 8:20:01 AM</p><p><b>requester</b>: <a href=\"Practitioner/123456\">Practitioner/123456</a></p><p><b>performer</b>: <a href=\"Practitioner/888888\">Practitioner/888888</a></p><p><b>performerType</b>: PSY <span style=\"background: LightGoldenRodYellow\">(Details : {[not stated] code 'PSY' = 'PSY)</span></p><p><b>reasonCode</b>: Migraine (disorder) <span style=\"background: LightGoldenRodYellow\">(Details : {SNOMED CT code '37796009' = 'Migraine', given as 'Migraine (disorder)'})</span>, Headache <span style=\"background: LightGoldenRodYellow\">(Details : {http://hl7.org/fhir/sid/icd-10 code 'R51' = 'R51', given as 'Headache'})</span>, An example textual description of an indication not meant to be either diagnosis or symptom <span style=\"background: LightGoldenRodYellow\">(Details )</span></p><p><b>courseOfTherapyType</b>: as needed <span style=\"background: LightGoldenRodYellow\">(Details : {http://terminology.hl7.org/CodeSystem/v3-ActCode code 'PRN' = 'as needed', given as 'as needed'})</span></p><p><b>note</b>: Some textual observation about the dispense by the dispenser</p><p><b>dosageInstruction</b>: </p><blockquote><p><b>dispenseRequest</b></p><h3>InitialFills</h3><table class=\"grid\"><tr><td>-</td><td><b>Quantity</b></td><td><b>Duration</b></td></tr><tr><td>*</td><td>100 mg</td><td>30 d</td></tr></table><p><b>dispenseInterval</b>: 30 d</p><p><b>validityPeriod</b>: Jan 1, 2004, 12:00:00 AM --&gt; Jan 2, 2006, 12:00:00 AM</p><p><b>numberOfRepeatsAllowed</b>: 12</p><p><b>quantity</b>: 250 mg</p><p><b>expectedSupplyDuration</b>: 30 Day<span style=\"background: LightGoldenRodYellow\"> (Details: UCUM code d = 'd')</span></p><p><b>performer</b>: <a href=\"Organization/123445\">Organization/123445</a></p></blockquote><h3>Substitutions</h3><table class=\"grid\"><tr><td>-</td><td><b>Allowed[x]</b></td><td><b>Reason</b></td></tr><tr><td>*</td><td>true</td><td>ALGAlT <span style=\"background: LightGoldenRodYellow\">(Details : {[not stated] code 'ALGAlT' = 'ALGAlT)</span></td></tr></table><p><b>priorPrescription</b>: <a href=\"MedicationRequest/11111\">MedicationRequest/11111</a></p></div>"
  },
  "contained": [
    {
      "resourceType": "DetectedIssue",
      "id": "#detectedIssue2354",
      "status": "unknown",
      "detail": "The patient has an intolerance to iron oxide found in Almotriptan malate 6.25mg",
      "mitigation": [
        {
          "action": {
            "coding": [
              {
                "system": "http://terminology.hl7.org/CodeSystem/v3-ActCode",
                "code": "5"
              }
            ]
          },
          "date": "2003-12-01T10:01:01-03:00",
          "author": {
            "reference": "Practitioner/555555",
            "display": "Tech Timmy"
          }
        }
      ]
    }
  ],
  "identifier": [
    {
      "value": "222222"
    }
  ],
  "status": "active",
  "statusReason": {
    "coding": [
      {
        "code": "INT"
      }
    ]
  },
  "intent": "order",
  "reportedBoolean": true,
  "medicationCodeableConcept": {
    "coding": [
      {
        "system": "http://hl7.org/fhir/NamingSystem/ca-hc-din",
        "code": "00123556",
        "display": "ALMOTRIPTAN (almotriptan (almotriptan malate) 12.5 mg oral tablet)"
      }
    ]
  },
  "subject": {
    "reference": "Patient/999999999"
  },
  "authoredOn": "2004-01-01T10:20:01-03:00",
  "requester": {
    "reference": "Practitioner/123456"
  },
  "performer": {
    "reference": "Practitioner/888888"
  },
  "performerType": {
    "coding": [
      {
        "code": "PSY"
      }
    ]
  },
  "reasonCode": [
    {
      "coding": [
        {
          "system": "http://snomed.info/sct",
          "code": "37796009",
          "display": "Migraine (disorder)"
        }
      ]
    },
    {
      "coding": [
        {
          "system": "http://hl7.org/fhir/sid/icd-10",
          "code": "R51",
          "display": "Headache"
        }
      ]
    },
    {
      "text": "An example textual description of an indication not meant to be either diagnosis or symptom"
    }
  ],
  "courseOfTherapyType": {
    "coding": [
      {
        "system": "http://terminology.hl7.org/CodeSystem/v3-ActCode",
        "code": "PRN",
        "display": "as needed"
      }
    ]
  },
  "note": [
    {
      "authorReference": {
        "reference": "Practitioner/777777"
      },
      "time": "2004-01-01T09:01:01-03:00",
      "text": "Some textual observation about the dispense by the dispenser"
    }
  ],
  "dosageInstruction": [
    {
      "sequence": 1,
      "text": "Take 12.5 mg PO at onset; may repeat once after 2 hours. Not to exceed 25 mg/day. This medication is intended to address Migraines at onset. If you experience Migraines for more than 10 days/month, consult your doctor.",
      "timing": {
        "repeat": {
          "boundsPeriod": {
            "start": "2004-01-01",
            "end": "2004-01-31"
          }
        }
      },
      "site": {
        "coding": [
          {
            "system": "http://terminology.hl7.org/CodeSystem/v3-ActSite",
            "code": "LA",
            "display": "left arm"
          }
        ]
      },
      "route": {
        "coding": [
          {
            "code": "3"
          }
        ]
      },
      "doseAndRate": [
        {
          "doseRange": {
            "low": {
              "value": 6.25,
              "unit": "mg"
            },
            "high": {
              "value": 6.25,
              "unit": "mg"
            }
          }
        }
      ],
      "maxDosePerPeriod": {
        "numerator": {
          "value": 25,
          "unit": "mg"
        },
        "denominator": {
          "value": 1,
          "unit": "day"
        }
      }
    }
  ],
  "dispenseRequest": {
    "initialFill": {
      "quantity": {
        "value": 100,
        "unit": "mg"
      },
      "duration": {
        "value": 30,
        "unit": "d"
      }
    },
    "dispenseInterval": {
      "value": 30,
      "unit": "d"
    },
    "validityPeriod": {
      "start": "2004-01-01",
      "end": "2006-01-02"
    },
    "numberOfRepeatsAllowed": 12,
    "quantity": {
      "value": 250,
      "unit": "mg"
    },
    "expectedSupplyDuration": {
      "value": 30,
      "unit": "Day",
      "system": "http://unitsofmeasure.org",
      "code": "d"
    },
    "performer": {
      "reference": "Organization/123445"
    }
  },
  "substitution": {
    "allowedBoolean": true,
    "reason": {
      "coding": [
        {
          "code": "ALGAlT"
        }
      ]
    }
  },
  "priorPrescription": {
    "reference": "MedicationRequest/11111"
  }
}