{
  "resourceType": "MedicationStatement",
  "id": "medicationstatement-clin-example",
  "text": {
    "status": "generated",
    "div": "<div xmlns=\"http://www.w3.org/1999/xhtml\"><p><b>Generated Narrative with Details</b></p><p><b>id</b>: medicationstatement-clin-example</p><p><b>identifier</b>: 123456789</p><p><b>status</b>: active</p><p><b>medication</b>: APO-AMOXI PWR FOR SUSP 250MG/5ML <span style=\"background: LightGoldenRodYellow\">(Details : {http://hl7.org/fhir/NamingSystem/ca-hc-din code '00628158' = '00628158', given as 'APO-AMOXI PWR FOR SUSP 250MG/5ML'})</span></p><p><b>subject</b>: <a href=\"Patient/00012346\">Patient/00012346</a></p><p><b>effective</b>: Jan 1, 2006, 12:00:00 AM</p><p><b>dateAsserted</b>: Jan 1, 2005, 8:20:01 AM</p><p><b>informationSource</b>: <a href=\"Practitioner/123456\">Practitioner/123456</a></p><p><b>reasonCode</b>: Acute bilateral otitis media (disorder) <span style=\"background: LightGoldenRodYellow\">(Details : {SNOMED CT code '194290005' = 'Acute bilateral otitis media', given as 'Acute bilateral otitis media (disorder)'})</span></p><p><b>dosage</b>: </p></div>"
  },
  "identifier": [
    {
      "value": "123456789"
    }
  ],
  "status": "active",
  "medicationCodeableConcept": {
    "coding": [
      {
        "system": "http://hl7.org/fhir/NamingSystem/ca-hc-din",
        "code": "00628158",
        "display": "APO-AMOXI PWR FOR SUSP 250MG/5ML"
      }
    ]
  },
  "subject": {
    "reference": "Patient/00012346"
  },
  "effectiveDateTime": "2006-01-01",
  "dateAsserted": "2005-01-01T10:20:01-03:00",
  "informationSource": {
    "reference": "Practitioner/123456"
  },
  "reasonCode": [
    {
      "coding": [
        {
          "system": "http://snomed.info/sct",
          "code": "194290005",
          "display": "Acute bilateral otitis media (disorder)"
        }
      ]
    }
  ],
  "dosage": [
    {
      "text": "Take 5 mL three times daily until finished."
    }
  ]
}