<?xml version="1.0" encoding="UTF-8"?>

<StructureDefinition xmlns="http://hl7.org/fhir">
  <id value="access-medicationstatement-clin"/>
  <text>
    <status value="generated"/><div xmlns="http://www.w3.org/1999/xhtml"><table border="0" cellpadding="0" cellspacing="0" style="border: 0px #F0F0F0 solid; font-size: 11px; font-family: verdana; vertical-align: top;"><tr style="border: 1px #F0F0F0 solid; font-size: 11px; font-family: verdana; vertical-align: top;"><th style="vertical-align: top; text-align : left; background-color: white; border: 0px #F0F0F0 solid; padding:0px 4px 0px 4px" class="hierarchy"><a href="http://hl7.org/fhir/R4/formats.html#table" title="The logical name of the element">Name</a></th><th style="vertical-align: top; text-align : left; background-color: white; border: 0px #F0F0F0 solid; padding:0px 4px 0px 4px" class="hierarchy"><a href="http://hl7.org/fhir/R4/formats.html#table" title="Information about the use of the element">Flags</a></th><th style="vertical-align: top; text-align : left; background-color: white; border: 0px #F0F0F0 solid; padding:0px 4px 0px 4px" class="hierarchy"><a href="http://hl7.org/fhir/R4/formats.html#table" title="Minimum and Maximum # of times the the element can appear in the instance">Card.</a></th><th style="width: 100px" class="hierarchy"><a href="http://hl7.org/fhir/R4/formats.html#table" title="Reference to the type of the element">Type</a></th><th style="vertical-align: top; text-align : left; background-color: white; border: 0px #F0F0F0 solid; padding:0px 4px 0px 4px" class="hierarchy"><a href="http://hl7.org/fhir/R4/formats.html#table" title="Additional information about the element">Description &amp; Constraints</a><span style="float: right"><a href="http://hl7.org/fhir/R4/formats.html#table" title="Legend for this format"><img src="http://hl7.org/fhir/R4/help16.png" alt="doco" style="background-color: inherit"/></a></span></th></tr><tr style="border: 0px #F0F0F0 solid; padding:0px; vertical-align: top; background-color: white;"><td style="vertical-align: top; text-align : left; background-color: white; border: 0px #F0F0F0 solid; padding:0px 4px 0px 4px; white-space: nowrap; background-image: url(tbl_bck1.png)" class="hierarchy"><img src="tbl_spacer.png" alt="." style="background-color: inherit" class="hierarchy"/><img src="icon_element.gif" alt="." style="background-color: white; background-color: inherit" title="Element" class="hierarchy"/> <a href="{{[id]}}-definitions.html#MedicationStatement">MedicationStatement</a><a name="MedicationStatement"> </a></td><td style="vertical-align: top; text-align : left; background-color: white; border: 0px #F0F0F0 solid; padding:0px 4px 0px 4px" class="hierarchy"/><td style="vertical-align: top; text-align : left; background-color: white; border: 0px #F0F0F0 solid; padding:0px 4px 0px 4px" class="hierarchy"/><td style="vertical-align: top; text-align : left; background-color: white; border: 0px #F0F0F0 solid; padding:0px 4px 0px 4px" class="hierarchy"/><td style="vertical-align: top; text-align : left; background-color: white; border: 0px #F0F0F0 solid; padding:0px 4px 0px 4px" class="hierarchy">Record of medication being taken by a patient</td></tr>
<tr style="border: 0px #F0F0F0 solid; padding:0px; vertical-align: top; background-color: white;"><td style="vertical-align: top; text-align : left; background-color: white; border: 0px #F0F0F0 solid; padding:0px 4px 0px 4px; white-space: nowrap; background-image: url(tbl_bck10.png)" class="hierarchy"><img src="tbl_spacer.png" alt="." style="background-color: inherit" class="hierarchy"/><img src="tbl_vjoin.png" alt="." style="background-color: inherit" class="hierarchy"/><img src="icon_datatype.gif" alt="." style="background-color: white; background-color: inherit" title="Data Type" class="hierarchy"/> <a href="{{[id]}}-definitions.html#MedicationStatement.identifier">identifier</a><a name="MedicationStatement.identifier"> </a></td><td style="vertical-align: top; text-align : left; background-color: white; border: 0px #F0F0F0 solid; padding:0px 4px 0px 4px" class="hierarchy"/><td style="vertical-align: top; text-align : left; background-color: white; border: 0px #F0F0F0 solid; padding:0px 4px 0px 4px" class="hierarchy"/><td style="vertical-align: top; text-align : left; background-color: white; border: 0px #F0F0F0 solid; padding:0px 4px 0px 4px" class="hierarchy"><a href="http://hl7.org/fhir/R4/datatypes.html#Identifier">Identifier</a></td><td style="vertical-align: top; text-align : left; background-color: white; border: 0px #F0F0F0 solid; padding:0px 4px 0px 4px" class="hierarchy">External identifier</td></tr>
<tr style="border: 0px #F0F0F0 solid; padding:0px; vertical-align: top; background-color: white;"><td style="vertical-align: top; text-align : left; background-color: white; border: 0px #F0F0F0 solid; padding:0px 4px 0px 4px; white-space: nowrap; background-image: url(tbl_bck10.png)" class="hierarchy"><img src="tbl_spacer.png" alt="." style="background-color: inherit" class="hierarchy"/><img src="tbl_vjoin.png" alt="." style="background-color: inherit" class="hierarchy"/><img src="icon_primitive.png" alt="." style="background-color: white; background-color: inherit" title="Primitive Data Type" class="hierarchy"/> <a href="{{[id]}}-definitions.html#MedicationStatement.status">status</a><a name="MedicationStatement.status"> </a></td><td style="vertical-align: top; text-align : left; background-color: white; border: 0px #F0F0F0 solid; padding:0px 4px 0px 4px" class="hierarchy"><span style="padding-left: 3px; padding-right: 3px; color: white; background-color: red" title="This element must be supported">S</span></td><td style="vertical-align: top; text-align : left; background-color: white; border: 0px #F0F0F0 solid; padding:0px 4px 0px 4px" class="hierarchy"/><td style="vertical-align: top; text-align : left; background-color: white; border: 0px #F0F0F0 solid; padding:0px 4px 0px 4px" class="hierarchy"><a href="http://hl7.org/fhir/R4/datatypes.html#code">code</a></td><td style="vertical-align: top; text-align : left; background-color: white; border: 0px #F0F0F0 solid; padding:0px 4px 0px 4px" class="hierarchy">active | completed | entered-in-error | intended | stopped | on-hold | unknown | not-taken | normal | aborted | cancelled  | held | new | suspended | nullified | obsolete<br/><span style="font-weight:bold">Binding: </span><a href="http://hl7.org/fhir/R4/valueset-medication-statement-status.html">Medication Status Codes</a> (<a href="http://hl7.org/fhir/R4/terminologies.html#required" title="To be conformant, the concept in this element SHALL be from the specified value set.">required</a>)<br/><span style="font-weight:bold">Example General': </span><span style="color: darkgreen">ACTIVE</span></td></tr>
<tr style="border: 0px #F0F0F0 solid; padding:0px; vertical-align: top; background-color: white;"><td style="vertical-align: top; text-align : left; background-color: white; border: 0px #F0F0F0 solid; padding:0px 4px 0px 4px; white-space: nowrap; background-image: url(tbl_bck10.png)" class="hierarchy"><img src="tbl_spacer.png" alt="." style="background-color: inherit" class="hierarchy"/><img src="tbl_vjoin.png" alt="." style="background-color: inherit" class="hierarchy"/><img src="icon_choice.gif" alt="." style="background-color: white; background-color: inherit" title="Choice of Types" class="hierarchy"/> <a href="{{[id]}}-definitions.html#MedicationStatement.medication[x]">medication[x]</a><a name="MedicationStatement.medication_x_"> </a></td><td style="vertical-align: top; text-align : left; background-color: white; border: 0px #F0F0F0 solid; padding:0px 4px 0px 4px" class="hierarchy"><span style="padding-left: 3px; padding-right: 3px; color: white; background-color: red" title="This element must be supported">S</span></td><td style="vertical-align: top; text-align : left; background-color: white; border: 0px #F0F0F0 solid; padding:0px 4px 0px 4px" class="hierarchy"/><td style="vertical-align: top; text-align : left; background-color: white; border: 0px #F0F0F0 solid; padding:0px 4px 0px 4px" class="hierarchy"><a href="http://hl7.org/fhir/R4/datatypes.html#CodeableConcept">CodeableConcept</a>, <a href="http://hl7.org/fhir/R4/references.html">Reference</a>(http://hl7.org/fhir/ca/core/StructureDefinition/profile-medication)</td><td style="vertical-align: top; text-align : left; background-color: white; border: 0px #F0F0F0 solid; padding:0px 4px 0px 4px" class="hierarchy">What medication was taken<br/><span style="font-weight:bold">Binding: </span><a href="https://fhir.infoway-inforoute.ca/ValueSet/prescriptionmedicinalproduct">https://fhir.infoway-inforoute.ca/ValueSet/prescriptionmedicinalproduct</a> (<a href="http://hl7.org/fhir/R4/terminologies.html#preferred" title="Instances are encouraged to draw from the specified codes for interoperability purposes but are not required to do so to be considered conformant.">preferred</a>)</td></tr>
<tr style="border: 0px #F0F0F0 solid; padding:0px; vertical-align: top; background-color: white;"><td style="vertical-align: top; text-align : left; background-color: white; border: 0px #F0F0F0 solid; padding:0px 4px 0px 4px; white-space: nowrap; background-image: url(tbl_bck10.png)" class="hierarchy"><img src="tbl_spacer.png" alt="." style="background-color: inherit" class="hierarchy"/><img src="tbl_vjoin.png" alt="." style="background-color: inherit" class="hierarchy"/><img src="icon_reference.png" alt="." style="background-color: white; background-color: inherit" title="Reference to another Resource" class="hierarchy"/> <a href="{{[id]}}-definitions.html#MedicationStatement.subject">subject</a><a name="MedicationStatement.subject"> </a></td><td style="vertical-align: top; text-align : left; background-color: white; border: 0px #F0F0F0 solid; padding:0px 4px 0px 4px" class="hierarchy"><span style="padding-left: 3px; padding-right: 3px; color: white; background-color: red" title="This element must be supported">S</span></td><td style="vertical-align: top; text-align : left; background-color: white; border: 0px #F0F0F0 solid; padding:0px 4px 0px 4px" class="hierarchy"/><td style="vertical-align: top; text-align : left; background-color: white; border: 0px #F0F0F0 solid; padding:0px 4px 0px 4px" class="hierarchy"><a href="http://hl7.org/fhir/R4/references.html">Reference</a>(http://hl7.org/fhir/ca/core/StructureDefinition/profile-patient)</td><td style="vertical-align: top; text-align : left; background-color: white; border: 0px #F0F0F0 solid; padding:0px 4px 0px 4px" class="hierarchy">Who is/was taking the medication</td></tr>
<tr style="border: 0px #F0F0F0 solid; padding:0px; vertical-align: top; background-color: white;"><td style="vertical-align: top; text-align : left; background-color: white; border: 0px #F0F0F0 solid; padding:0px 4px 0px 4px; white-space: nowrap; background-image: url(tbl_bck10.png)" class="hierarchy"><img src="tbl_spacer.png" alt="." style="background-color: inherit" class="hierarchy"/><img src="tbl_vjoin.png" alt="." style="background-color: inherit" class="hierarchy"/><img src="icon_choice.gif" alt="." style="background-color: white; background-color: inherit" title="Choice of Types" class="hierarchy"/> <a href="{{[id]}}-definitions.html#MedicationStatement.effective[x]">effective[x]</a><a name="MedicationStatement.effective_x_"> </a></td><td style="vertical-align: top; text-align : left; background-color: white; border: 0px #F0F0F0 solid; padding:0px 4px 0px 4px" class="hierarchy"><span style="padding-left: 3px; padding-right: 3px; color: white; background-color: red" title="This element must be supported">S</span></td><td style="vertical-align: top; text-align : left; background-color: white; border: 0px #F0F0F0 solid; padding:0px 4px 0px 4px" class="hierarchy"/><td style="vertical-align: top; text-align : left; background-color: white; border: 0px #F0F0F0 solid; padding:0px 4px 0px 4px" class="hierarchy"><a href="http://hl7.org/fhir/R4/datatypes.html#dateTime">dateTime</a>, <a href="http://hl7.org/fhir/R4/datatypes.html#Period">Period</a></td><td style="vertical-align: top; text-align : left; background-color: white; border: 0px #F0F0F0 solid; padding:0px 4px 0px 4px" class="hierarchy">The date/time or intervel when the medication is/was/will be taken</td></tr>
<tr style="border: 0px #F0F0F0 solid; padding:0px; vertical-align: top; background-color: white;"><td style="vertical-align: top; text-align : left; background-color: white; border: 0px #F0F0F0 solid; padding:0px 4px 0px 4px; white-space: nowrap; background-image: url(tbl_bck10.png)" class="hierarchy"><img src="tbl_spacer.png" alt="." style="background-color: inherit" class="hierarchy"/><img src="tbl_vjoin.png" alt="." style="background-color: inherit" class="hierarchy"/><img src="icon_primitive.png" alt="." style="background-color: white; background-color: inherit" title="Primitive Data Type" class="hierarchy"/> <a href="{{[id]}}-definitions.html#MedicationStatement.dateAsserted">dateAsserted</a><a name="MedicationStatement.dateAsserted"> </a></td><td style="vertical-align: top; text-align : left; background-color: white; border: 0px #F0F0F0 solid; padding:0px 4px 0px 4px" class="hierarchy"><span style="padding-left: 3px; padding-right: 3px; color: white; background-color: red" title="This element must be supported">S</span></td><td style="vertical-align: top; text-align : left; background-color: white; border: 0px #F0F0F0 solid; padding:0px 4px 0px 4px" class="hierarchy"/><td style="vertical-align: top; text-align : left; background-color: white; border: 0px #F0F0F0 solid; padding:0px 4px 0px 4px" class="hierarchy"><a href="http://hl7.org/fhir/R4/datatypes.html#dateTime">dateTime</a></td><td style="vertical-align: top; text-align : left; background-color: white; border: 0px #F0F0F0 solid; padding:0px 4px 0px 4px" class="hierarchy">When the statement was asserted</td></tr>
<tr style="border: 0px #F0F0F0 solid; padding:0px; vertical-align: top; background-color: white;"><td style="vertical-align: top; text-align : left; background-color: white; border: 0px #F0F0F0 solid; padding:0px 4px 0px 4px; white-space: nowrap; background-image: url(tbl_bck10.png)" class="hierarchy"><img src="tbl_spacer.png" alt="." style="background-color: inherit" class="hierarchy"/><img src="tbl_vjoin.png" alt="." style="background-color: inherit" class="hierarchy"/><img src="icon_reference.png" alt="." style="background-color: white; background-color: inherit" title="Reference to another Resource" class="hierarchy"/> <a href="{{[id]}}-definitions.html#MedicationStatement.informationSource">informationSource</a><a name="MedicationStatement.informationSource"> </a></td><td style="vertical-align: top; text-align : left; background-color: white; border: 0px #F0F0F0 solid; padding:0px 4px 0px 4px" class="hierarchy"><span style="padding-left: 3px; padding-right: 3px; color: white; background-color: red" title="This element must be supported">S</span></td><td style="vertical-align: top; text-align : left; background-color: white; border: 0px #F0F0F0 solid; padding:0px 4px 0px 4px" class="hierarchy"/><td style="vertical-align: top; text-align : left; background-color: white; border: 0px #F0F0F0 solid; padding:0px 4px 0px 4px" class="hierarchy"><a href="http://hl7.org/fhir/R4/references.html">Reference</a>(<a href="http://hl7.org/fhir/R4/patient.html">Patient</a> | <a href="http://hl7.org/fhir/R4/practitioner.html">Practitioner</a> | <a href="http://hl7.org/fhir/R4/practitionerrole.html">PractitionerRole</a> | <a href="http://hl7.org/fhir/R4/relatedperson.html">RelatedPerson</a> | <a href="http://hl7.org/fhir/R4/organization.html">Organization</a>)</td><td style="vertical-align: top; text-align : left; background-color: white; border: 0px #F0F0F0 solid; padding:0px 4px 0px 4px" class="hierarchy">Person or organization that provided the information about the taking of this medication</td></tr>
<tr style="border: 0px #F0F0F0 solid; padding:0px; vertical-align: top; background-color: white;"><td style="vertical-align: top; text-align : left; background-color: white; border: 0px #F0F0F0 solid; padding:0px 4px 0px 4px; white-space: nowrap; background-image: url(tbl_bck10.png)" class="hierarchy"><img src="tbl_spacer.png" alt="." style="background-color: inherit" class="hierarchy"/><img src="tbl_vjoin.png" alt="." style="background-color: inherit" class="hierarchy"/><img src="icon_datatype.gif" alt="." style="background-color: white; background-color: inherit" title="Data Type" class="hierarchy"/> <a href="{{[id]}}-definitions.html#MedicationStatement.reasonCode">reasonCode</a><a name="MedicationStatement.reasonCode"> </a></td><td style="vertical-align: top; text-align : left; background-color: white; border: 0px #F0F0F0 solid; padding:0px 4px 0px 4px" class="hierarchy"><span style="padding-left: 3px; padding-right: 3px; color: white; background-color: red" title="This element must be supported">S</span></td><td style="vertical-align: top; text-align : left; background-color: white; border: 0px #F0F0F0 solid; padding:0px 4px 0px 4px" class="hierarchy"/><td style="vertical-align: top; text-align : left; background-color: white; border: 0px #F0F0F0 solid; padding:0px 4px 0px 4px" class="hierarchy"><a href="http://hl7.org/fhir/R4/datatypes.html#CodeableConcept">CodeableConcept</a></td><td style="vertical-align: top; text-align : left; background-color: white; border: 0px #F0F0F0 solid; padding:0px 4px 0px 4px" class="hierarchy">Reason for why the medication is being/was taken<br/><span style="font-weight:bold">Binding: </span><a href="http://hl7.org/fhir/R4/valueset-condition-code.html">Condition/Problem/DiagnosisCodes</a> (<a href="http://hl7.org/fhir/R4/terminologies.html#example" title="Instances are not expected or even encouraged to draw from the specified value set.  The value set merely provides examples of the types of concepts intended to be included.">example</a>)</td></tr>
<tr style="border: 0px #F0F0F0 solid; padding:0px; vertical-align: top; background-color: white;"><td style="vertical-align: top; text-align : left; background-color: white; border: 0px #F0F0F0 solid; padding:0px 4px 0px 4px; white-space: nowrap; background-image: url(tbl_bck00.png)" class="hierarchy"><img src="tbl_spacer.png" alt="." style="background-color: inherit" class="hierarchy"/><img src="tbl_vjoin_end.png" alt="." style="background-color: inherit" class="hierarchy"/><img src="icon_datatype.gif" alt="." style="background-color: white; background-color: inherit" title="Data Type" class="hierarchy"/> <a href="{{[id]}}-definitions.html#MedicationStatement.dosage">dosage</a><a name="MedicationStatement.dosage"> </a></td><td style="vertical-align: top; text-align : left; background-color: white; border: 0px #F0F0F0 solid; padding:0px 4px 0px 4px" class="hierarchy"/><td style="vertical-align: top; text-align : left; background-color: white; border: 0px #F0F0F0 solid; padding:0px 4px 0px 4px" class="hierarchy"/><td style="vertical-align: top; text-align : left; background-color: white; border: 0px #F0F0F0 solid; padding:0px 4px 0px 4px" class="hierarchy"><a href="http://hl7.org/fhir/R4/datatypes.html#Dosage">Dosage</a></td><td style="vertical-align: top; text-align : left; background-color: white; border: 0px #F0F0F0 solid; padding:0px 4px 0px 4px" class="hierarchy">Details of how medication is/was taken or should be taken</td></tr>
<tr><td colspan="5" class="hierarchy"><br/><a href="http://hl7.org/fhir/R4/formats.html#table" title="Legend for this format"><img src="http://hl7.org/fhir/R4/help16.png" alt="doco" style="background-color: inherit"/> Documentation for this format</a></td></tr></table></div>
  </text>
  <url value="http://infoway-inforoute.ca/fhir/StructureDefinition/access-medicationstatement-clin"/>
  <version value="0.1.0"/>
  <name value="AccessMedicationStatement-Clin"/>
  <title value="Record of medication being taken by a patient"/>
  <status value="draft"/>
  <experimental value="false"/>
  <date value="2019-03-21T00:00:00-04:00"/>
  <publisher value="Canada Health Infoway"/>
  <contact>
    <telecom>
      <system value="url"/>
      <value value="http://infoway-inforoute.ca"/>
    </telecom>
  </contact>
  <description value="Constraints on the MedicationStatement resource to reflect source data mappings for the ACCESS Health project. Focus of this profile is on display of medication statement information to clinician viewers."/>
  <fhirVersion value="4.0.0"/>
  <mapping>
    <identity value="prince-edward-island-cerx"/>
    <uri value="http://unknown.org/Prince Edward Island CeRX"/>
    <name value="Prince Edward Island CeRX"/>
  </mapping>
  <mapping>
    <identity value="newfoundland-cerx"/>
    <uri value="http://unknown.org/Newfoundland CeRX"/>
    <name value="Newfoundland CeRX"/>
  </mapping>
  <mapping>
    <identity value="new-brunswick-cerx"/>
    <uri value="http://unknown.org/New Brunswick CeRX"/>
    <name value="New Brunswick CeRX"/>
  </mapping>
  <mapping>
    <identity value="nova-scotia-cerx"/>
    <uri value="http://unknown.org/Nova Scotia CeRX"/>
    <name value="Nova Scotia CeRX"/>
  </mapping>
  <mapping>
    <identity value="workflow"/>
    <uri value="http://hl7.org/fhir/workflow"/>
    <name value="Workflow Pattern"/>
  </mapping>
  <mapping>
    <identity value="rim"/>
    <uri value="http://hl7.org/v3"/>
    <name value="RIM Mapping"/>
  </mapping>
  <mapping>
    <identity value="w5"/>
    <uri value="http://hl7.org/fhir/fivews"/>
    <name value="FiveWs Pattern Mapping"/>
  </mapping>
  <mapping>
    <identity value="v2"/>
    <uri value="http://hl7.org/v2"/>
    <name value="HL7 v2 Mapping"/>
  </mapping>
  <kind value="resource"/>
  <abstract value="false"/>
  <type value="MedicationStatement"/>
  <baseDefinition value="http://hl7.org/fhir/StructureDefinition/MedicationStatement"/>
  <derivation value="constraint"/>
  <snapshot>
    <element id="MedicationStatement">
      <path value="MedicationStatement"/>
      <short value="Record of medication being taken by a patient"/>
      <definition value="A record of a medication that is being consumed by a patient.   A MedicationStatement may indicate that the patient may be taking the medication now or has taken the medication in the past or will be taking the medication in the future.  The source of this information can be the patient, significant other (such as a family member or spouse), or a clinician.  A common scenario where this information is captured is during the history taking process during a patient visit or stay.   The medication information may come from sources such as the patient&#39;s memory, from a prescription bottle,  or from a list of medications the patient, clinician or other party maintains. &#xA;&#xA;The primary difference between a medication statement and a medication administration is that the medication administration has complete administration information and is based on actual administration information from the person who administered the medication.  A medication statement is often, if not always, less specific.  There is no required date/time when the medication was administered, in fact we only know that a source has reported the patient is taking this medication, where details such as time, quantity, or rate or even medication product may be incomplete or missing or less precise.  As stated earlier, the medication statement information may come from the patient&#39;s memory, from a prescription bottle or from a list of medications the patient, clinician or other party maintains.  Medication administration is more formal and is not missing detailed information."/>
      <comment value="When interpreting a medicationStatement, the value of the status and NotTaken needed to be considered:&#xD;MedicationStatement.status + MedicationStatement.wasNotTaken&#xD;Status=Active + NotTaken=T = Not currently taking&#xD;Status=Completed + NotTaken=T = Not taken in the past&#xD;Status=Intended + NotTaken=T = No intention of taking&#xD;Status=Active + NotTaken=F = Taking, but not as prescribed&#xD;Status=Active + NotTaken=F = Taking&#xD;Status=Intended +NotTaken= F = Will be taking (not started)&#xD;Status=Completed + NotTaken=F = Taken in past&#xD;Status=In Error + NotTaken=N/A = In Error."/>
      <min value="0"/>
      <max value="*"/>
      <base>
        <path value="MedicationStatement"/>
        <min value="0"/>
        <max value="*"/>
      </base>
      <constraint>
        <key value="dom-2"/>
        <severity value="error"/>
        <human value="If the resource is contained in another resource, it SHALL NOT contain nested Resources"/>
        <expression value="contained.contained.empty()"/>
        <xpath value="not(parent::f:contained and f:contained)"/>
        <source value="DomainResource"/>
      </constraint>
      <constraint>
        <key value="dom-4"/>
        <severity value="error"/>
        <human value="If a resource is contained in another resource, it SHALL NOT have a meta.versionId or a meta.lastUpdated"/>
        <expression value="contained.meta.versionId.empty() and contained.meta.lastUpdated.empty()"/>
        <xpath value="not(exists(f:contained/*/f:meta/f:versionId)) and not(exists(f:contained/*/f:meta/f:lastUpdated))"/>
        <source value="DomainResource"/>
      </constraint>
      <constraint>
        <key value="dom-3"/>
        <severity value="error"/>
        <human value="If the resource is contained in another resource, it SHALL be referred to from elsewhere in the resource or SHALL refer to the containing resource"/>
        <expression value="contained.where(((&#39;#&#39;+id in (%resource.descendants().reference | %resource.descendants().as(canonical) | %resource.descendants().as(uri) | %resource.descendants().as(url))) or descendants().where(reference = &#39;#&#39;).exists() or descendants().where(as(canonical) = &#39;#&#39;).exists() or descendants().where(as(canonical) = &#39;#&#39;).exists()).not()).trace(&#39;unmatched&#39;, id).empty()"/>
        <xpath value="not(exists(for $contained in f:contained return $contained[not(parent::*/descendant::f:reference/@value=concat(&#39;#&#39;, $contained/*/id/@value) or descendant::f:reference[@value=&#39;#&#39;])]))"/>
        <source value="DomainResource"/>
      </constraint>
      <constraint>
        <extension url="http://hl7.org/fhir/StructureDefinition/elementdefinition-bestpractice">
          <valueBoolean value="true"/>
        </extension>
        <extension url="http://hl7.org/fhir/StructureDefinition/elementdefinition-bestpractice-explanation">
          <valueMarkdown value="When a resource has no narrative, only systems that fully understand the data can display the resource to a human safely. Including a human readable representation in the resource makes for a much more robust eco-system and cheaper handling of resources by intermediary systems. Some ecosystems restrict distribution of resources to only those systems that do fully understand the resources, and as a consequence implementers may believe that the narrative is superfluous. However experience shows that such eco-systems often open up to new participants over time."/>
        </extension>
        <key value="dom-6"/>
        <severity value="warning"/>
        <human value="A resource should have narrative for robust management"/>
        <expression value="text.div.exists()"/>
        <xpath value="exists(f:text/h:div)"/>
        <source value="DomainResource"/>
      </constraint>
      <constraint>
        <key value="dom-5"/>
        <severity value="error"/>
        <human value="If a resource is contained in another resource, it SHALL NOT have a security label"/>
        <expression value="contained.meta.security.empty()"/>
        <xpath value="not(exists(f:contained/*/f:meta/f:security))"/>
        <source value="DomainResource"/>
      </constraint>
      <mustSupport value="false"/>
      <isModifier value="false"/>
      <isSummary value="false"/>
      <mapping>
        <identity value="rim"/>
        <map value="Entity. Role, or Act"/>
      </mapping>
      <mapping>
        <identity value="workflow"/>
        <map value="Event"/>
      </mapping>
      <mapping>
        <identity value="rim"/>
        <map value="SubstanceAdministration"/>
      </mapping>
      <mapping>
        <identity value="prince-edward-island-cerx"/>
        <map value="CeRX supports two specializations of MedicationRecord, each varies in supported data. Both mappings provided below: PORX_IN060400CA/PORX_MT060190CA/medicationRecord/combinedMedicationRequest    OR   PORX_IN060400CA/PORX_MT060190CA/medicationRecord/OtherMedication"/>
      </mapping>
      <mapping>
        <identity value="newfoundland-cerx"/>
        <map value="CeRX supports two specializations of MedicationRecord, each varies in supported data. Both mappings provided below: PORX_IN060400CA/PORX_MT060190CA/medicationRecord/combinedMedicationRequest    OR   PORX_IN060400CA/PORX_MT060190CA/medicationRecord/OtherMedication"/>
      </mapping>
      <mapping>
        <identity value="new-brunswick-cerx"/>
        <map value="NB does not currently support applicable CeRX Message Type(s)"/>
      </mapping>
      <mapping>
        <identity value="nova-scotia-cerx"/>
        <map value="CeRX supports two specializations of MedicationRecord, each varies in supported data. Both mappings provided below: PORX_IN060400CA/PORX_MT060190CA/medicationRecord/combinedMedicationRequest    OR   PORX_IN060400CA/PORX_MT060190CA/medicationRecord/OtherMedication"/>
      </mapping>
    </element>
    <element id="MedicationStatement.id">
      <path value="MedicationStatement.id"/>
      <short value="Logical id of this artifact"/>
      <definition value="The logical id of the resource, as used in the URL for the resource. Once assigned, this value never changes."/>
      <comment value="The only time that a resource does not have an id is when it is being submitted to the server using a create operation."/>
      <min value="0"/>
      <max value="1"/>
      <base>
        <path value="Resource.id"/>
        <min value="0"/>
        <max value="1"/>
      </base>
      <type>
        <code value="id"/>
      </type>
      <isModifier value="false"/>
      <isSummary value="true"/>
    </element>
    <element id="MedicationStatement.meta">
      <path value="MedicationStatement.meta"/>
      <short value="Metadata about the resource"/>
      <definition value="The metadata about the resource. This is content that is maintained by the infrastructure. Changes to the content might not always be associated with version changes to the resource."/>
      <min value="0"/>
      <max value="1"/>
      <base>
        <path value="Resource.meta"/>
        <min value="0"/>
        <max value="1"/>
      </base>
      <type>
        <code value="Meta"/>
      </type>
      <isModifier value="false"/>
      <isSummary value="true"/>
    </element>
    <element id="MedicationStatement.implicitRules">
      <path value="MedicationStatement.implicitRules"/>
      <short value="A set of rules under which this content was created"/>
      <definition value="A reference to a set of rules that were followed when the resource was constructed, and which must be understood when processing the content. Often, this is a reference to an implementation guide that defines the special rules along with other profiles etc."/>
      <comment value="Asserting this rule set restricts the content to be only understood by a limited set of trading partners. This inherently limits the usefulness of the data in the long term. However, the existing health eco-system is highly fractured, and not yet ready to define, collect, and exchange data in a generally computable sense. Wherever possible, implementers and/or specification writers should avoid using this element. Often, when used, the URL is a reference to an implementation guide that defines these special rules as part of it&#39;s narrative along with other profiles, value sets, etc."/>
      <min value="0"/>
      <max value="1"/>
      <base>
        <path value="Resource.implicitRules"/>
        <min value="0"/>
        <max value="1"/>
      </base>
      <type>
        <code value="uri"/>
      </type>
      <isModifier value="true"/>
      <isModifierReason value="This element is labeled as a modifier because the implicit rules may provide additional knowledge about the resource that modifies it&#39;s meaning or interpretation"/>
      <isSummary value="true"/>
    </element>
    <element id="MedicationStatement.language">
      <path value="MedicationStatement.language"/>
      <short value="Language of the resource content"/>
      <definition value="The base language in which the resource is written."/>
      <comment value="Language is provided to support indexing and accessibility (typically, services such as text to speech use the language tag). The html language tag in the narrative applies  to the narrative. The language tag on the resource may be used to specify the language of other presentations generated from the data in the resource. Not all the content has to be in the base language. The Resource.language should not be assumed to apply to the narrative automatically. If a language is specified, it should it also be specified on the div element in the html (see rules in HTML5 for information about the relationship between xml:lang and the html lang attribute)."/>
      <min value="0"/>
      <max value="1"/>
      <base>
        <path value="Resource.language"/>
        <min value="0"/>
        <max value="1"/>
      </base>
      <type>
        <code value="code"/>
      </type>
      <isModifier value="false"/>
      <isSummary value="false"/>
      <binding>
        <extension url="http://hl7.org/fhir/StructureDefinition/elementdefinition-maxValueSet">
          <valueCanonical value="http://hl7.org/fhir/ValueSet/all-languages"/>
        </extension>
        <extension url="http://hl7.org/fhir/StructureDefinition/elementdefinition-bindingName">
          <valueString value="Language"/>
        </extension>
        <extension url="http://hl7.org/fhir/StructureDefinition/elementdefinition-isCommonBinding">
          <valueBoolean value="true"/>
        </extension>
        <strength value="preferred"/>
        <description value="A human language."/>
        <valueSet value="http://hl7.org/fhir/ValueSet/languages"/>
      </binding>
    </element>
    <element id="MedicationStatement.text">
      <path value="MedicationStatement.text"/>
      <short value="Text summary of the resource, for human interpretation"/>
      <definition value="A human-readable narrative that contains a summary of the resource and can be used to represent the content of the resource to a human. The narrative need not encode all the structured data, but is required to contain sufficient detail to make it &quot;clinically safe&quot; for a human to just read the narrative. Resource definitions may define what content should be represented in the narrative to ensure clinical safety."/>
      <comment value="Contained resources do not have narrative. Resources that are not contained SHOULD have a narrative. In some cases, a resource may only have text with little or no additional discrete data (as long as all minOccurs=1 elements are satisfied).  This may be necessary for data from legacy systems where information is captured as a &quot;text blob&quot; or where text is additionally entered raw or narrated and encoded information is added later."/>
      <alias value="narrative"/>
      <alias value="html"/>
      <alias value="xhtml"/>
      <alias value="display"/>
      <min value="0"/>
      <max value="1"/>
      <base>
        <path value="DomainResource.text"/>
        <min value="0"/>
        <max value="1"/>
      </base>
      <type>
        <code value="Narrative"/>
      </type>
      <isModifier value="false"/>
      <isSummary value="false"/>
      <mapping>
        <identity value="rim"/>
        <map value="Act.text?"/>
      </mapping>
    </element>
    <element id="MedicationStatement.contained">
      <path value="MedicationStatement.contained"/>
      <short value="Contained, inline Resources"/>
      <definition value="These resources do not have an independent existence apart from the resource that contains them - they cannot be identified independently, and nor can they have their own independent transaction scope."/>
      <comment value="This should never be done when the content can be identified properly, as once identification is lost, it is extremely difficult (and context dependent) to restore it again. Contained resources may have profiles and tags In their meta elements, but SHALL NOT have security labels."/>
      <alias value="inline resources"/>
      <alias value="anonymous resources"/>
      <alias value="contained resources"/>
      <min value="0"/>
      <max value="*"/>
      <base>
        <path value="DomainResource.contained"/>
        <min value="0"/>
        <max value="*"/>
      </base>
      <type>
        <code value="Resource"/>
      </type>
      <isModifier value="false"/>
      <isSummary value="false"/>
      <mapping>
        <identity value="rim"/>
        <map value="N/A"/>
      </mapping>
    </element>
    <element id="MedicationStatement.extension">
      <path value="MedicationStatement.extension"/>
      <short value="Additional content defined by implementations"/>
      <definition value="May be used to represent additional information that is not part of the basic definition of the resource. To make the use of extensions safe and manageable, there is a strict set of governance  applied to the definition and use of extensions. Though any implementer can define an extension, there is a set of requirements that SHALL be met as part of the definition of the extension."/>
      <comment value="There can be no stigma associated with the use of extensions by any application, project, or standard - regardless of the institution or jurisdiction that uses or defines the extensions.  The use of extensions is what allows the FHIR specification to retain a core level of simplicity for everyone."/>
      <alias value="extensions"/>
      <alias value="user content"/>
      <min value="0"/>
      <max value="*"/>
      <base>
        <path value="DomainResource.extension"/>
        <min value="0"/>
        <max value="*"/>
      </base>
      <type>
        <code value="Extension"/>
      </type>
      <isModifier value="false"/>
      <isSummary value="false"/>
      <mapping>
        <identity value="rim"/>
        <map value="N/A"/>
      </mapping>
    </element>
    <element id="MedicationStatement.modifierExtension">
      <path value="MedicationStatement.modifierExtension"/>
      <short value="Extensions that cannot be ignored"/>
      <definition value="May be used to represent additional information that is not part of the basic definition of the resource and that modifies the understanding of the element that contains it and/or the understanding of the containing element&#39;s descendants. Usually modifier elements provide negation or qualification. To make the use of extensions safe and manageable, there is a strict set of governance applied to the definition and use of extensions. Though any implementer is allowed to define an extension, there is a set of requirements that SHALL be met as part of the definition of the extension. Applications processing a resource are required to check for modifier extensions.&#xA;&#xA;Modifier extensions SHALL NOT change the meaning of any elements on Resource or DomainResource (including cannot change the meaning of modifierExtension itself)."/>
      <comment value="There can be no stigma associated with the use of extensions by any application, project, or standard - regardless of the institution or jurisdiction that uses or defines the extensions.  The use of extensions is what allows the FHIR specification to retain a core level of simplicity for everyone."/>
      <requirements value="Modifier extensions allow for extensions that *cannot* be safely ignored to be clearly distinguished from the vast majority of extensions which can be safely ignored.  This promotes interoperability by eliminating the need for implementers to prohibit the presence of extensions. For further information, see the [definition of modifier extensions](http://hl7.org/fhir/R4/extensibility.html#modifierExtension)."/>
      <alias value="extensions"/>
      <alias value="user content"/>
      <min value="0"/>
      <max value="*"/>
      <base>
        <path value="DomainResource.modifierExtension"/>
        <min value="0"/>
        <max value="*"/>
      </base>
      <type>
        <code value="Extension"/>
      </type>
      <isModifier value="true"/>
      <isModifierReason value="Modifier extensions are expected to modify the meaning or interpretation of the resource that contains them"/>
      <isSummary value="false"/>
      <mapping>
        <identity value="rim"/>
        <map value="N/A"/>
      </mapping>
    </element>
    <element id="MedicationStatement.identifier">
      <path value="MedicationStatement.identifier"/>
      <short value="External identifier"/>
      <definition value="Identifiers associated with this Medication Statement that are defined by business processes and/or used to refer to it when a direct URL reference to the resource itself is not appropriate. They are business identifiers assigned to this resource by the performer or other systems and remain constant as the resource is updated and propagates from server to server."/>
      <comment value="This is a business identifier, not a resource identifier."/>
      <min value="0"/>
      <max value="*"/>
      <base>
        <path value="MedicationStatement.identifier"/>
        <min value="0"/>
        <max value="*"/>
      </base>
      <type>
        <code value="Identifier"/>
      </type>
      <mustSupport value="false"/>
      <isModifier value="false"/>
      <isSummary value="true"/>
      <mapping>
        <identity value="workflow"/>
        <map value="Event.identifier"/>
      </mapping>
      <mapping>
        <identity value="w5"/>
        <map value="FiveWs.identifier"/>
      </mapping>
      <mapping>
        <identity value="rim"/>
        <map value=".id"/>
      </mapping>
      <mapping>
        <identity value="prince-edward-island-cerx"/>
        <map value="PORX_IN060400CA/PORX_MT060190CA/medicationRecord/combinedMedicationRequest/id"/>
      </mapping>
      <mapping>
        <identity value="newfoundland-cerx"/>
        <map value="PORX_IN060400CA/PORX_MT060190CA/medicationRecord/combinedMedicationRequest/id"/>
      </mapping>
      <mapping>
        <identity value="nova-scotia-cerx"/>
        <map value="PORX_IN060400CA/PORX_MT060190CA/medicationRecord/combinedMedicationRequest/id"/>
      </mapping>
    </element>
    <element id="MedicationStatement.basedOn">
      <path value="MedicationStatement.basedOn"/>
      <short value="Fulfils plan, proposal or order"/>
      <definition value="A plan, proposal or order that is fulfilled in whole or in part by this event."/>
      <requirements value="Allows tracing of authorization for the event and tracking whether proposals/recommendations were acted upon."/>
      <min value="0"/>
      <max value="*"/>
      <base>
        <path value="MedicationStatement.basedOn"/>
        <min value="0"/>
        <max value="*"/>
      </base>
      <type>
        <code value="Reference"/>
        <targetProfile value="http://hl7.org/fhir/StructureDefinition/MedicationRequest"/>
        <targetProfile value="http://hl7.org/fhir/StructureDefinition/CarePlan"/>
        <targetProfile value="http://hl7.org/fhir/StructureDefinition/ServiceRequest"/>
      </type>
      <isModifier value="false"/>
      <isSummary value="true"/>
      <mapping>
        <identity value="workflow"/>
        <map value="Event.basedOn"/>
      </mapping>
      <mapping>
        <identity value="rim"/>
        <map value=".outboundRelationship[typeCode=FLFS].target[classCode=SBADM or PROC or PCPR or OBS, moodCode=RQO orPLAN or PRP]"/>
      </mapping>
    </element>
    <element id="MedicationStatement.partOf">
      <path value="MedicationStatement.partOf"/>
      <short value="Part of referenced event"/>
      <definition value="A larger event of which this particular event is a component or step."/>
      <requirements value="This should not be used when indicating which resource a MedicationStatement has been derived from.  If that is the use case, then MedicationStatement.derivedFrom should be used."/>
      <min value="0"/>
      <max value="*"/>
      <base>
        <path value="MedicationStatement.partOf"/>
        <min value="0"/>
        <max value="*"/>
      </base>
      <type>
        <code value="Reference"/>
        <targetProfile value="http://hl7.org/fhir/StructureDefinition/MedicationAdministration"/>
        <targetProfile value="http://hl7.org/fhir/StructureDefinition/MedicationDispense"/>
        <targetProfile value="http://hl7.org/fhir/StructureDefinition/MedicationStatement"/>
        <targetProfile value="http://hl7.org/fhir/StructureDefinition/Procedure"/>
        <targetProfile value="http://hl7.org/fhir/StructureDefinition/Observation"/>
      </type>
      <isModifier value="false"/>
      <isSummary value="true"/>
      <mapping>
        <identity value="workflow"/>
        <map value="Event.partOf"/>
      </mapping>
      <mapping>
        <identity value="rim"/>
        <map value=".outboundRelationship[typeCode=COMP]/target[classCode=SPLY or SBADM or PROC or OBS,moodCode=EVN]"/>
      </mapping>
    </element>
    <element id="MedicationStatement.status">
      <path value="MedicationStatement.status"/>
      <short value="active | completed | entered-in-error | intended | stopped | on-hold | unknown | not-taken | normal | aborted | cancelled  | held | new | suspended | nullified | obsolete"/>
      <definition value="A code representing the patient or other source&#39;s judgment about the state of the medication used that this statement is about.  Generally, this will be active or completed."/>
      <comment value="This element is labeled as a modifier because the status contains codes that mark the resource as not currently valid. Atlantic Implementors need to be aware that the Act Status Codes recommended by CeRX only partially match the codes to the MedicationRequest status (required) value set."/>
      <min value="1"/>
      <max value="1"/>
      <base>
        <path value="MedicationStatement.status"/>
        <min value="1"/>
        <max value="1"/>
      </base>
      <type>
        <code value="code"/>
      </type>
      <example>
        <label value="General"/>
        <valueCode value="ACTIVE"/>
      </example>
      <mustSupport value="true"/>
      <isModifier value="true"/>
      <isModifierReason value="This element is labelled as a modifier because it is a status element that contains status entered-in-error which means that the resource should not be treated as valid"/>
      <isSummary value="true"/>
      <binding>
        <strength value="required"/>
        <description value="MedicationStatement Status Codes"/>
        <valueSet value="http://hl7.org/fhir/ValueSet/medication-statement-status"/>
      </binding>
      <mapping>
        <identity value="workflow"/>
        <map value="Event.status"/>
      </mapping>
      <mapping>
        <identity value="w5"/>
        <map value="FiveWs.status"/>
      </mapping>
      <mapping>
        <identity value="rim"/>
        <map value=".statusCode"/>
      </mapping>
      <mapping>
        <identity value="prince-edward-island-cerx"/>
        <map value="PORX_IN060400CA/PORX_MT060190CA/medicationRecord/combinedMedicationRequest/statusCode"/>
      </mapping>
      <mapping>
        <identity value="newfoundland-cerx"/>
        <map value="PORX_IN060400CA/PORX_MT060190CA/medicationRecord/combinedMedicationRequest/statusCode"/>
      </mapping>
      <mapping>
        <identity value="nova-scotia-cerx"/>
        <map value="PORX_IN060400CA/PORX_MT060190CA/medicationRecord/combinedMedicationRequest/statusCode"/>
      </mapping>
    </element>
    <element id="MedicationStatement.statusReason">
      <path value="MedicationStatement.statusReason"/>
      <short value="Reason for current status"/>
      <definition value="Captures the reason for the current state of the MedicationStatement."/>
      <comment value="This is generally only used for &quot;exception&quot; statuses such as &quot;not-taken&quot;, &quot;on-hold&quot;, &quot;cancelled&quot; or &quot;entered-in-error&quot;. The reason for performing the event at all is captured in reasonCode, not here."/>
      <min value="0"/>
      <max value="*"/>
      <base>
        <path value="MedicationStatement.statusReason"/>
        <min value="0"/>
        <max value="*"/>
      </base>
      <type>
        <code value="CodeableConcept"/>
      </type>
      <isModifier value="false"/>
      <isSummary value="false"/>
      <binding>
        <extension url="http://hl7.org/fhir/StructureDefinition/elementdefinition-bindingName">
          <valueString value="MedicationStatementStatusReason"/>
        </extension>
        <strength value="example"/>
        <description value="A coded concept indicating the reason for the status of the statement."/>
        <valueSet value="http://hl7.org/fhir/ValueSet/reason-medication-status-codes"/>
      </binding>
      <mapping>
        <identity value="workflow"/>
        <map value="Event.statusReason"/>
      </mapping>
      <mapping>
        <identity value="rim"/>
        <map value=".inboundRelationship[typeCode=SUBJ].source[classCode=CACT, moodCode=EVN].reasonCOde"/>
      </mapping>
    </element>
    <element id="MedicationStatement.category">
      <path value="MedicationStatement.category"/>
      <short value="Type of medication usage"/>
      <definition value="Indicates where the medication is expected to be consumed or administered."/>
      <min value="0"/>
      <max value="1"/>
      <base>
        <path value="MedicationStatement.category"/>
        <min value="0"/>
        <max value="1"/>
      </base>
      <type>
        <code value="CodeableConcept"/>
      </type>
      <isModifier value="false"/>
      <isSummary value="true"/>
      <binding>
        <extension url="http://hl7.org/fhir/StructureDefinition/elementdefinition-bindingName">
          <valueString value="MedicationStatementCategory"/>
        </extension>
        <strength value="preferred"/>
        <description value="A coded concept identifying where the medication included in the MedicationStatement is expected to be consumed or administered."/>
        <valueSet value="http://hl7.org/fhir/ValueSet/medication-statement-category"/>
      </binding>
      <mapping>
        <identity value="w5"/>
        <map value="FiveWs.class"/>
      </mapping>
      <mapping>
        <identity value="rim"/>
        <map value=".inboundRelationship[typeCode=COMP].source[classCode=OBS, moodCode=EVN, code=&quot;type of medication usage&quot;].value"/>
      </mapping>
    </element>
    <element id="MedicationStatement.medication[x]">
      <path value="MedicationStatement.medication[x]"/>
      <short value="What medication was taken"/>
      <definition value="Identifies the medication being administered. This is either a link to a resource representing the details of the medication or a simple attribute carrying a code that identifies the medication from a known list of medications."/>
      <comment value="If only a code is specified, then it needs to be a code for a specific product. If more information is required, then the use of the Medication resource is recommended. For example, if you require form or lot number or if the medication is compounded or extemporaneously prepared, then you must reference the Medication resource.&#xA;&#xA;Implementors need to be aware that the medication codes utilized by the source DIS will likely come from the Clinical Drug CeRX value set (https://infocentral.infoway-inforoute.ca/extra/ns/cerx43-html/html/vocabulary.html?type=vs&amp;id=ClinicalDrug) which draws in codes from various other code systems (HC-DIN, HC-NPN, HC-AIGC, etc.). There is currently no equivilant FHIR value set that supports this superset to recommend when binding."/>
      <min value="1"/>
      <max value="1"/>
      <base>
        <path value="MedicationStatement.medication[x]"/>
        <min value="1"/>
        <max value="1"/>
      </base>
      <type>
        <code value="CodeableConcept"/>
      </type>
      <type>
        <code value="Reference"/>
        <targetProfile value="http://hl7.org/fhir/ca/core/StructureDefinition/profile-medication"/>
      </type>
      <mustSupport value="true"/>
      <isModifier value="false"/>
      <isSummary value="true"/>
      <binding>
        <strength value="preferred"/>
        <description value="Canadian Clinical Drug Data (CCDD) Medicinal Products"/>
        <valueSet value="https://fhir.infoway-inforoute.ca/ValueSet/prescriptionmedicinalproduct"/>
      </binding>
      <mapping>
        <identity value="workflow"/>
        <map value="Event.code"/>
      </mapping>
      <mapping>
        <identity value="w5"/>
        <map value="FiveWs.what[x]"/>
      </mapping>
      <mapping>
        <identity value="rim"/>
        <map value=".participation[typeCode=CSM].role[classCode=ADMM or MANU]"/>
      </mapping>
      <mapping>
        <identity value="prince-edward-island-cerx"/>
        <map value="PORX_IN060400CA/PORX_MT060190CA/medicationRecord/combinedMedicationRequest/directTarget/COCT_MT220110CA/medication/player"/>
      </mapping>
      <mapping>
        <identity value="newfoundland-cerx"/>
        <map value="PORX_IN060400CA/PORX_MT060190CA/medicationRecord/combinedMedicationRequest/directTarget/COCT_MT220110CA/medication/player"/>
      </mapping>
      <mapping>
        <identity value="nova-scotia-cerx"/>
        <map value="PORX_IN060400CA/PORX_MT060190CA/medicationRecord/combinedMedicationRequest/directTarget/COCT_MT220110CA/medication/player"/>
      </mapping>
    </element>
    <element id="MedicationStatement.subject">
      <path value="MedicationStatement.subject"/>
      <short value="Who is/was taking the medication"/>
      <definition value="The person, animal or group who is/was taking the medication."/>
      <min value="1"/>
      <max value="1"/>
      <base>
        <path value="MedicationStatement.subject"/>
        <min value="1"/>
        <max value="1"/>
      </base>
      <type>
        <code value="Reference"/>
        <targetProfile value="http://hl7.org/fhir/ca/core/StructureDefinition/profile-patient"/>
      </type>
      <mustSupport value="true"/>
      <isModifier value="false"/>
      <isSummary value="true"/>
      <mapping>
        <identity value="workflow"/>
        <map value="Event.subject"/>
      </mapping>
      <mapping>
        <identity value="w5"/>
        <map value="FiveWs.subject[x]"/>
      </mapping>
      <mapping>
        <identity value="v2"/>
        <map value="PID-3-Patient ID List"/>
      </mapping>
      <mapping>
        <identity value="rim"/>
        <map value=".participation[typeCode=SBJ].role[classCode=PAT]"/>
      </mapping>
      <mapping>
        <identity value="w5"/>
        <map value="FiveWs.subject"/>
      </mapping>
      <mapping>
        <identity value="prince-edward-island-cerx"/>
        <map value="PORX_IN060400CA/PORX_MT060190CA/medicationRecord/combinedMedicationRequest/subject/COCT_MT050203CA/patient/id"/>
      </mapping>
      <mapping>
        <identity value="newfoundland-cerx"/>
        <map value="PORX_IN060400CA/PORX_MT060190CA/medicationRecord/combinedMedicationRequest/subject/COCT_MT050203CA/patient/id"/>
      </mapping>
      <mapping>
        <identity value="nova-scotia-cerx"/>
        <map value="PORX_IN060400CA/PORX_MT060190CA/medicationRecord/combinedMedicationRequest/subject/COCT_MT050203CA/patient/id"/>
      </mapping>
    </element>
    <element id="MedicationStatement.context">
      <path value="MedicationStatement.context"/>
      <short value="Encounter / Episode associated with MedicationStatement"/>
      <definition value="The encounter or episode of care that establishes the context for this MedicationStatement."/>
      <min value="0"/>
      <max value="1"/>
      <base>
        <path value="MedicationStatement.context"/>
        <min value="0"/>
        <max value="1"/>
      </base>
      <type>
        <code value="Reference"/>
        <targetProfile value="http://hl7.org/fhir/StructureDefinition/Encounter"/>
        <targetProfile value="http://hl7.org/fhir/StructureDefinition/EpisodeOfCare"/>
      </type>
      <isModifier value="false"/>
      <isSummary value="true"/>
      <mapping>
        <identity value="workflow"/>
        <map value="Event.context"/>
      </mapping>
      <mapping>
        <identity value="rim"/>
        <map value=".inboundRelationship[typeCode=COMP].source[classCode=ENC, moodCode=EVN, code=&quot;type of encounter or episode&quot;]"/>
      </mapping>
    </element>
    <element id="MedicationStatement.effective[x]">
      <path value="MedicationStatement.effective[x]"/>
      <short value="The date/time or intervel when the medication is/was/will be taken"/>
      <definition value="The interval of time during which it is being asserted that the patient is/was/will be taking the medication (or was not taking, when the MedicationStatement.taken element is No)."/>
      <comment value="This attribute reflects the period over which the patient consumed the medication and is expected to be populated on the majority of Medication Statements. If the medication is still being taken at the time the statement is recorded, the &quot;end&quot; date will be omitted.  The date/time attribute supports a variety of dates - year, year/month and exact date.  If something more than this is required, this should be conveyed as text."/>
      <min value="0"/>
      <max value="1"/>
      <base>
        <path value="MedicationStatement.effective[x]"/>
        <min value="0"/>
        <max value="1"/>
      </base>
      <type>
        <code value="dateTime"/>
      </type>
      <type>
        <code value="Period"/>
      </type>
      <mustSupport value="true"/>
      <isModifier value="false"/>
      <isSummary value="true"/>
      <mapping>
        <identity value="workflow"/>
        <map value="Event.occurrence[x]"/>
      </mapping>
      <mapping>
        <identity value="w5"/>
        <map value="FiveWs.done[x]"/>
      </mapping>
      <mapping>
        <identity value="rim"/>
        <map value=".effectiveTime"/>
      </mapping>
      <mapping>
        <identity value="prince-edward-island-cerx"/>
        <map value="PORX_IN060400CA/PORX_MT060190CA/medicationRecord/combinedMedicationRequest/fulfillment2/supplyEventFirstSummary/effectiveTime, INCLUDE End Date PORX_IN060400CA/PORX_MT060190CA/medicationRecord/combinedMedicationRequest/fulfillment3/supplyEventLastSummary/effectiveTime (if medication is no longer active) OR if OTC medication: PORX_IN060400CA/PORX_MT060190CA/medicationRecord/otherMedication/effectiveTime"/>
      </mapping>
      <mapping>
        <identity value="newfoundland-cerx"/>
        <map value="PORX_IN060400CA/PORX_MT060190CA/medicationRecord/combinedMedicationRequest/fulfillment2/supplyEventFirstSummary/effectiveTime, INCLUDE End Date PORX_IN060400CA/PORX_MT060190CA/medicationRecord/combinedMedicationRequest/fulfillment3/supplyEventLastSummary/effectiveTime (if medication is no longer active) OR if OTC medication: PORX_IN060400CA/PORX_MT060190CA/medicationRecord/otherMedication/effectiveTime"/>
      </mapping>
      <mapping>
        <identity value="nova-scotia-cerx"/>
        <map value="PORX_IN060400CA/PORX_MT060190CA/medicationRecord/combinedMedicationRequest/fulfillment2/supplyEventFirstSummary/effectiveTime, INCLUDE End Date PORX_IN060400CA/PORX_MT060190CA/medicationRecord/combinedMedicationRequest/fulfillment3/supplyEventLastSummary/effectiveTime (if medication is no longer active) OR if OTC medication: PORX_IN060400CA/PORX_MT060190CA/medicationRecord/otherMedication/effectiveTime"/>
      </mapping>
    </element>
    <element id="MedicationStatement.dateAsserted">
      <path value="MedicationStatement.dateAsserted"/>
      <short value="When the statement was asserted"/>
      <definition value="The date when the medication statement was asserted by the information source."/>
      <min value="0"/>
      <max value="1"/>
      <base>
        <path value="MedicationStatement.dateAsserted"/>
        <min value="0"/>
        <max value="1"/>
      </base>
      <type>
        <code value="dateTime"/>
      </type>
      <mustSupport value="true"/>
      <isModifier value="false"/>
      <isSummary value="true"/>
      <mapping>
        <identity value="w5"/>
        <map value="FiveWs.recorded"/>
      </mapping>
      <mapping>
        <identity value="rim"/>
        <map value=".participation[typeCode=AUT].time"/>
      </mapping>
      <mapping>
        <identity value="prince-edward-island-cerx"/>
        <map value="One potential but not semantically airtight mapping is PORX_IN060400CA/MCCI_MT000300CA/creationTime"/>
      </mapping>
      <mapping>
        <identity value="newfoundland-cerx"/>
        <map value="One potential but not semantically airtight mapping is PORX_IN060400CA/MCCI_MT000300CA/creationTime"/>
      </mapping>
      <mapping>
        <identity value="nova-scotia-cerx"/>
        <map value="One potential but not semantically airtight mapping is PORX_IN060400CA/MCCI_MT000300CA/creationTime"/>
      </mapping>
    </element>
    <element id="MedicationStatement.informationSource">
      <path value="MedicationStatement.informationSource"/>
      <short value="Person or organization that provided the information about the taking of this medication"/>
      <definition value="The person or organization that provided the information about the taking of this medication. Note: Use derivedFrom when a MedicationStatement is derived from other resources, e.g. Claim or MedicationRequest."/>
      <min value="0"/>
      <max value="1"/>
      <base>
        <path value="MedicationStatement.informationSource"/>
        <min value="0"/>
        <max value="1"/>
      </base>
      <type>
        <code value="Reference"/>
        <targetProfile value="http://hl7.org/fhir/StructureDefinition/Patient"/>
        <targetProfile value="http://hl7.org/fhir/StructureDefinition/Practitioner"/>
        <targetProfile value="http://hl7.org/fhir/StructureDefinition/PractitionerRole"/>
        <targetProfile value="http://hl7.org/fhir/StructureDefinition/RelatedPerson"/>
        <targetProfile value="http://hl7.org/fhir/StructureDefinition/Organization"/>
      </type>
      <mustSupport value="true"/>
      <isModifier value="false"/>
      <isSummary value="false"/>
      <mapping>
        <identity value="w5"/>
        <map value="FiveWs.source"/>
      </mapping>
      <mapping>
        <identity value="rim"/>
        <map value=".participation[typeCode=INF].role[classCode=PAT, or codes for Practioner or Related Person (if PAT is the informer, then syntax for self-reported =true)"/>
      </mapping>
      <mapping>
        <identity value="prince-edward-island-cerx"/>
        <map value="PORX_IN060400CA/PORX_MT060190CA/medicationRecord/combinedMedicationRequest/author/COCT_MT090107CA/assignedPerson"/>
      </mapping>
      <mapping>
        <identity value="newfoundland-cerx"/>
        <map value="PORX_IN060400CA/PORX_MT060190CA/medicationRecord/combinedMedicationRequest/author/COCT_MT090107CA/assignedPerson"/>
      </mapping>
      <mapping>
        <identity value="nova-scotia-cerx"/>
        <map value="PORX_IN060400CA/PORX_MT060190CA/medicationRecord/combinedMedicationRequest/author/COCT_MT090107CA/assignedPerson"/>
      </mapping>
    </element>
    <element id="MedicationStatement.derivedFrom">
      <path value="MedicationStatement.derivedFrom"/>
      <short value="Additional supporting information"/>
      <definition value="Allows linking the MedicationStatement to the underlying MedicationRequest, or to other information that supports or is used to derive the MedicationStatement."/>
      <comment value="Likely references would be to MedicationRequest, MedicationDispense, Claim, Observation or QuestionnaireAnswers.  The most common use cases for deriving a MedicationStatement comes from creating a MedicationStatement from a MedicationRequest or from a lab observation or a claim.  it should be noted that the amount of information that is available varies from the type resource that you derive the MedicationStatement from."/>
      <min value="0"/>
      <max value="*"/>
      <base>
        <path value="MedicationStatement.derivedFrom"/>
        <min value="0"/>
        <max value="*"/>
      </base>
      <type>
        <code value="Reference"/>
        <targetProfile value="http://hl7.org/fhir/StructureDefinition/Resource"/>
      </type>
      <isModifier value="false"/>
      <isSummary value="false"/>
      <mapping>
        <identity value="rim"/>
        <map value=".outboundRelationship[typeCode=SPRT]/target[classCode=ACT,moodCode=EVN]"/>
      </mapping>
    </element>
    <element id="MedicationStatement.reasonCode">
      <path value="MedicationStatement.reasonCode"/>
      <short value="Reason for why the medication is being/was taken"/>
      <definition value="A reason for why the medication is being/was taken."/>
      <comment value="This could be a diagnosis code. If a full condition record exists or additional detail is needed, use reasonForUseReference."/>
      <min value="0"/>
      <max value="*"/>
      <base>
        <path value="MedicationStatement.reasonCode"/>
        <min value="0"/>
        <max value="*"/>
      </base>
      <type>
        <code value="CodeableConcept"/>
      </type>
      <mustSupport value="true"/>
      <isModifier value="false"/>
      <isSummary value="false"/>
      <binding>
        <strength value="example"/>
        <description value="Condition/Problem/DiagnosisCodes"/>
        <valueSet value="http://hl7.org/fhir/ValueSet/condition-code"/>
      </binding>
      <mapping>
        <identity value="workflow"/>
        <map value="Event.reasonCode"/>
      </mapping>
      <mapping>
        <identity value="w5"/>
        <map value="FiveWs.why[x]"/>
      </mapping>
      <mapping>
        <identity value="rim"/>
        <map value=".reasonCode"/>
      </mapping>
      <mapping>
        <identity value="prince-edward-island-cerx"/>
        <map value="PORX_IN060400CA/PORX_MT060190CA/medicationRecord/combinedMedicationRequest/reason/PORX_MT980050CA/indications/observationDiagnosis"/>
      </mapping>
      <mapping>
        <identity value="newfoundland-cerx"/>
        <map value="PORX_IN060400CA/PORX_MT060190CA/medicationRecord/combinedMedicationRequest/reason/PORX_MT980050CA/indications/observationDiagnosis"/>
      </mapping>
      <mapping>
        <identity value="nova-scotia-cerx"/>
        <map value="PORX_IN060400CA/PORX_MT060190CA/medicationRecord/combinedMedicationRequest/reason/PORX_MT980050CA/indications/observationDiagnosis"/>
      </mapping>
    </element>
    <element id="MedicationStatement.reasonCode.id">
      <path value="MedicationStatement.reasonCode.id"/>
      <representation value="xmlAttr"/>
      <short value="Unique id for inter-element referencing"/>
      <definition value="Unique id for the element within a resource (for internal references). This may be any string value that does not contain spaces."/>
      <min value="0"/>
      <max value="1"/>
      <base>
        <path value="Element.id"/>
        <min value="0"/>
        <max value="1"/>
      </base>
      <type>
        <code value="string"/>
      </type>
      <isModifier value="false"/>
      <isSummary value="false"/>
      <mapping>
        <identity value="rim"/>
        <map value="n/a"/>
      </mapping>
    </element>
    <element id="MedicationStatement.reasonCode.extension">
      <path value="MedicationStatement.reasonCode.extension"/>
      <slicing>
        <discriminator>
          <type value="value"/>
          <path value="url"/>
        </discriminator>
        <description value="Extensions are always sliced by (at least) url"/>
        <rules value="open"/>
      </slicing>
      <short value="Additional content defined by implementations"/>
      <definition value="May be used to represent additional information that is not part of the basic definition of the element. To make the use of extensions safe and manageable, there is a strict set of governance  applied to the definition and use of extensions. Though any implementer can define an extension, there is a set of requirements that SHALL be met as part of the definition of the extension."/>
      <comment value="There can be no stigma associated with the use of extensions by any application, project, or standard - regardless of the institution or jurisdiction that uses or defines the extensions.  The use of extensions is what allows the FHIR specification to retain a core level of simplicity for everyone."/>
      <alias value="extensions"/>
      <alias value="user content"/>
      <min value="0"/>
      <max value="*"/>
      <base>
        <path value="Element.extension"/>
        <min value="0"/>
        <max value="*"/>
      </base>
      <type>
        <code value="Extension"/>
      </type>
      <isModifier value="false"/>
      <isSummary value="false"/>
      <mapping>
        <identity value="rim"/>
        <map value="n/a"/>
      </mapping>
    </element>
    <element id="MedicationStatement.reasonCode.coding">
      <path value="MedicationStatement.reasonCode.coding"/>
      <short value="Code defined by a terminology system"/>
      <definition value="A reference to a code defined by a terminology system."/>
      <comment value="Codes may be defined very casually in enumerations, or code lists, up to very formal definitions such as SNOMED CT - see the HL7 v3 Core Principles for more information.  Ordering of codings is undefined and SHALL NOT be used to infer meaning. Generally, at most only one of the coding values will be labeled as UserSelected = true."/>
      <requirements value="Allows for alternative encodings within a code system, and translations to other code systems."/>
      <min value="0"/>
      <max value="*"/>
      <base>
        <path value="CodeableConcept.coding"/>
        <min value="0"/>
        <max value="*"/>
      </base>
      <type>
        <code value="Coding"/>
      </type>
      <isModifier value="false"/>
      <isSummary value="true"/>
      <mapping>
        <identity value="v2"/>
        <map value="C*E.1-8, C*E.10-22"/>
      </mapping>
      <mapping>
        <identity value="rim"/>
        <map value="union(., ./translation)"/>
      </mapping>
      <mapping>
        <identity value="orim"/>
        <map value="fhir:CodeableConcept.coding rdfs:subPropertyOf dt:CD.coding"/>
      </mapping>
    </element>
    <element id="MedicationStatement.reasonCode.text">
      <extension url="http://hl7.org/fhir/StructureDefinition/elementdefinition-translatable">
        <valueBoolean value="true"/>
      </extension>
      <path value="MedicationStatement.reasonCode.text"/>
      <short value="Plain text representation of the concept"/>
      <definition value="A human language representation of the concept as seen/selected/uttered by the user who entered the data and/or which represents the intended meaning of the user."/>
      <comment value="Very often the text is the same as a displayName of one of the codings."/>
      <requirements value="The codes from the terminologies do not always capture the correct meaning with all the nuances of the human using them, or sometimes there is no appropriate code at all. In these cases, the text is used to capture the full meaning of the source."/>
      <min value="0"/>
      <max value="1"/>
      <base>
        <path value="CodeableConcept.text"/>
        <min value="0"/>
        <max value="1"/>
      </base>
      <type>
        <code value="string"/>
      </type>
      <isModifier value="false"/>
      <isSummary value="true"/>
      <mapping>
        <identity value="v2"/>
        <map value="C*E.9. But note many systems use C*E.2 for this"/>
      </mapping>
      <mapping>
        <identity value="rim"/>
        <map value="./originalText[mediaType/code=&quot;text/plain&quot;]/data"/>
      </mapping>
      <mapping>
        <identity value="orim"/>
        <map value="fhir:CodeableConcept.text rdfs:subPropertyOf dt:CD.originalText"/>
      </mapping>
    </element>
    <element id="MedicationStatement.reasonReference">
      <path value="MedicationStatement.reasonReference"/>
      <short value="Condition or observation that supports why the medication is being/was taken"/>
      <definition value="Condition or observation that supports why the medication is being/was taken."/>
      <comment value="This is a reference to a condition that is the reason why the medication is being/was taken.  If only a code exists, use reasonForUseCode."/>
      <min value="0"/>
      <max value="*"/>
      <base>
        <path value="MedicationStatement.reasonReference"/>
        <min value="0"/>
        <max value="*"/>
      </base>
      <type>
        <code value="Reference"/>
        <targetProfile value="http://hl7.org/fhir/StructureDefinition/Condition"/>
        <targetProfile value="http://hl7.org/fhir/StructureDefinition/Observation"/>
        <targetProfile value="http://hl7.org/fhir/StructureDefinition/DiagnosticReport"/>
      </type>
      <isModifier value="false"/>
      <isSummary value="false"/>
      <mapping>
        <identity value="workflow"/>
        <map value="Event.reasonReference"/>
      </mapping>
      <mapping>
        <identity value="w5"/>
        <map value="FiveWs.why[x]"/>
      </mapping>
      <mapping>
        <identity value="rim"/>
        <map value=".outboundRelationship[typeCode=RSON]/target[classCode=OBS,moodCode=EVN, code=&quot;reason for use&quot;].value"/>
      </mapping>
    </element>
    <element id="MedicationStatement.note">
      <path value="MedicationStatement.note"/>
      <short value="Further information about the statement"/>
      <definition value="Provides extra information about the medication statement that is not conveyed by the other attributes."/>
      <min value="0"/>
      <max value="*"/>
      <base>
        <path value="MedicationStatement.note"/>
        <min value="0"/>
        <max value="*"/>
      </base>
      <type>
        <code value="Annotation"/>
      </type>
      <isModifier value="false"/>
      <isSummary value="false"/>
      <mapping>
        <identity value="workflow"/>
        <map value="Event.note"/>
      </mapping>
      <mapping>
        <identity value="rim"/>
        <map value=".inboundRelationship[typeCode=SUBJ]/source[classCode=OBS,moodCode=EVN,code=&quot;annotation&quot;].value"/>
      </mapping>
    </element>
    <element id="MedicationStatement.dosage">
      <path value="MedicationStatement.dosage"/>
      <short value="Details of how medication is/was taken or should be taken"/>
      <definition value="Indicates how the medication is/was or should be taken by the patient."/>
      <comment value="The dates included in the dosage on a Medication Statement reflect the dates for a given dose.  For example, &quot;from November 1, 2016 to November 3, 2016, take one tablet daily and from November 4, 2016 to November 7, 2016, take two tablets daily.&quot;  It is expected that this specificity may only be populated where the patient brings in their labeled container or where the Medication Statement is derived from a MedicationRequest."/>
      <min value="0"/>
      <max value="*"/>
      <base>
        <path value="MedicationStatement.dosage"/>
        <min value="0"/>
        <max value="*"/>
      </base>
      <type>
        <code value="Dosage"/>
      </type>
      <mustSupport value="false"/>
      <isModifier value="false"/>
      <isSummary value="false"/>
      <mapping>
        <identity value="rim"/>
        <map value="refer dosageInstruction mapping"/>
      </mapping>
      <mapping>
        <identity value="prince-edward-island-cerx"/>
        <map value="PORX_IN060400CA/PORX_MT060190CA/medicationRecord/combinedMedicationRequest/component1/administrationInstructions/text"/>
      </mapping>
      <mapping>
        <identity value="newfoundland-cerx"/>
        <map value="PORX_IN060400CA/PORX_MT060190CA/medicationRecord/combinedMedicationRequest/component1/administrationInstructions/text"/>
      </mapping>
      <mapping>
        <identity value="nova-scotia-cerx"/>
        <map value="PORX_IN060400CA/PORX_MT060190CA/medicationRecord/combinedMedicationRequest/component1/administrationInstructions/text"/>
      </mapping>
    </element>
  </snapshot>
  <differential>
    <element id="MedicationStatement">
      <path value="MedicationStatement"/>
      <short value="Record of medication being taken by a patient"/>
      <mustSupport value="false"/>
      <isModifier value="false"/>
      <mapping>
        <identity value="prince-edward-island-cerx"/>
        <map value="CeRX supports two specializations of MedicationRecord, each varies in supported data. Both mappings provided below: PORX_IN060400CA/PORX_MT060190CA/medicationRecord/combinedMedicationRequest    OR   PORX_IN060400CA/PORX_MT060190CA/medicationRecord/OtherMedication"/>
      </mapping>
      <mapping>
        <identity value="newfoundland-cerx"/>
        <map value="CeRX supports two specializations of MedicationRecord, each varies in supported data. Both mappings provided below: PORX_IN060400CA/PORX_MT060190CA/medicationRecord/combinedMedicationRequest    OR   PORX_IN060400CA/PORX_MT060190CA/medicationRecord/OtherMedication"/>
      </mapping>
      <mapping>
        <identity value="new-brunswick-cerx"/>
        <map value="NB does not currently support applicable CeRX Message Type(s)"/>
      </mapping>
      <mapping>
        <identity value="nova-scotia-cerx"/>
        <map value="CeRX supports two specializations of MedicationRecord, each varies in supported data. Both mappings provided below: PORX_IN060400CA/PORX_MT060190CA/medicationRecord/combinedMedicationRequest    OR   PORX_IN060400CA/PORX_MT060190CA/medicationRecord/OtherMedication"/>
      </mapping>
    </element>
    <element id="MedicationStatement.identifier">
      <path value="MedicationStatement.identifier"/>
      <short value="External identifier"/>
      <type>
        <code value="Identifier"/>
      </type>
      <mustSupport value="false"/>
      <isModifier value="false"/>
      <mapping>
        <identity value="prince-edward-island-cerx"/>
        <map value="PORX_IN060400CA/PORX_MT060190CA/medicationRecord/combinedMedicationRequest/id"/>
      </mapping>
      <mapping>
        <identity value="newfoundland-cerx"/>
        <map value="PORX_IN060400CA/PORX_MT060190CA/medicationRecord/combinedMedicationRequest/id"/>
      </mapping>
      <mapping>
        <identity value="nova-scotia-cerx"/>
        <map value="PORX_IN060400CA/PORX_MT060190CA/medicationRecord/combinedMedicationRequest/id"/>
      </mapping>
    </element>
    <element id="MedicationStatement.status">
      <path value="MedicationStatement.status"/>
      <short value="active | completed | entered-in-error | intended | stopped | on-hold | unknown | not-taken | normal | aborted | cancelled  | held | new | suspended | nullified | obsolete"/>
      <comment value="This element is labeled as a modifier because the status contains codes that mark the resource as not currently valid. Atlantic Implementors need to be aware that the Act Status Codes recommended by CeRX only partially match the codes to the MedicationRequest status (required) value set."/>
      <type>
        <code value="code"/>
      </type>
      <example>
        <label value="General"/>
        <valueCode value="ACTIVE"/>
      </example>
      <mustSupport value="true"/>
      <isModifier value="false"/>
      <binding>
        <strength value="required"/>
        <description value="MedicationStatement Status Codes"/>
        <valueSet value="http://hl7.org/fhir/ValueSet/medication-statement-status"/>
      </binding>
      <mapping>
        <identity value="prince-edward-island-cerx"/>
        <map value="PORX_IN060400CA/PORX_MT060190CA/medicationRecord/combinedMedicationRequest/statusCode"/>
      </mapping>
      <mapping>
        <identity value="newfoundland-cerx"/>
        <map value="PORX_IN060400CA/PORX_MT060190CA/medicationRecord/combinedMedicationRequest/statusCode"/>
      </mapping>
      <mapping>
        <identity value="nova-scotia-cerx"/>
        <map value="PORX_IN060400CA/PORX_MT060190CA/medicationRecord/combinedMedicationRequest/statusCode"/>
      </mapping>
    </element>
    <element id="MedicationStatement.medication[x]">
      <path value="MedicationStatement.medication[x]"/>
      <short value="What medication was taken"/>
      <comment value="If only a code is specified, then it needs to be a code for a specific product. If more information is required, then the use of the Medication resource is recommended. For example, if you require form or lot number or if the medication is compounded or extemporaneously prepared, then you must reference the Medication resource.&#xA;&#xA;Implementors need to be aware that the medication codes utilized by the source DIS will likely come from the Clinical Drug CeRX value set (https://infocentral.infoway-inforoute.ca/extra/ns/cerx43-html/html/vocabulary.html?type=vs&amp;id=ClinicalDrug) which draws in codes from various other code systems (HC-DIN, HC-NPN, HC-AIGC, etc.). There is currently no equivilant FHIR value set that supports this superset to recommend when binding."/>
      <type>
        <code value="CodeableConcept"/>
      </type>
      <type>
        <code value="Reference"/>
        <targetProfile value="http://hl7.org/fhir/ca/core/StructureDefinition/profile-medication"/>
      </type>
      <mustSupport value="true"/>
      <isModifier value="false"/>
      <binding>
        <strength value="preferred"/>
        <description value="Canadian Clinical Drug Data (CCDD) Medicinal Products"/>
        <valueSet value="https://fhir.infoway-inforoute.ca/ValueSet/prescriptionmedicinalproduct"/>
      </binding>
      <mapping>
        <identity value="prince-edward-island-cerx"/>
        <map value="PORX_IN060400CA/PORX_MT060190CA/medicationRecord/combinedMedicationRequest/directTarget/COCT_MT220110CA/medication/player"/>
      </mapping>
      <mapping>
        <identity value="newfoundland-cerx"/>
        <map value="PORX_IN060400CA/PORX_MT060190CA/medicationRecord/combinedMedicationRequest/directTarget/COCT_MT220110CA/medication/player"/>
      </mapping>
      <mapping>
        <identity value="nova-scotia-cerx"/>
        <map value="PORX_IN060400CA/PORX_MT060190CA/medicationRecord/combinedMedicationRequest/directTarget/COCT_MT220110CA/medication/player"/>
      </mapping>
    </element>
    <element id="MedicationStatement.subject">
      <path value="MedicationStatement.subject"/>
      <short value="Who is/was taking the medication"/>
      <type>
        <code value="Reference"/>
        <targetProfile value="http://hl7.org/fhir/ca/core/StructureDefinition/profile-patient"/>
      </type>
      <mustSupport value="true"/>
      <isModifier value="false"/>
      <mapping>
        <identity value="prince-edward-island-cerx"/>
        <map value="PORX_IN060400CA/PORX_MT060190CA/medicationRecord/combinedMedicationRequest/subject/COCT_MT050203CA/patient/id"/>
      </mapping>
      <mapping>
        <identity value="newfoundland-cerx"/>
        <map value="PORX_IN060400CA/PORX_MT060190CA/medicationRecord/combinedMedicationRequest/subject/COCT_MT050203CA/patient/id"/>
      </mapping>
      <mapping>
        <identity value="nova-scotia-cerx"/>
        <map value="PORX_IN060400CA/PORX_MT060190CA/medicationRecord/combinedMedicationRequest/subject/COCT_MT050203CA/patient/id"/>
      </mapping>
    </element>
    <element id="MedicationStatement.effective[x]">
      <path value="MedicationStatement.effective[x]"/>
      <short value="The date/time or intervel when the medication is/was/will be taken"/>
      <type>
        <code value="dateTime"/>
      </type>
      <type>
        <code value="Period"/>
      </type>
      <mustSupport value="true"/>
      <isModifier value="false"/>
      <mapping>
        <identity value="prince-edward-island-cerx"/>
        <map value="PORX_IN060400CA/PORX_MT060190CA/medicationRecord/combinedMedicationRequest/fulfillment2/supplyEventFirstSummary/effectiveTime, INCLUDE End Date PORX_IN060400CA/PORX_MT060190CA/medicationRecord/combinedMedicationRequest/fulfillment3/supplyEventLastSummary/effectiveTime (if medication is no longer active) OR if OTC medication: PORX_IN060400CA/PORX_MT060190CA/medicationRecord/otherMedication/effectiveTime"/>
      </mapping>
      <mapping>
        <identity value="newfoundland-cerx"/>
        <map value="PORX_IN060400CA/PORX_MT060190CA/medicationRecord/combinedMedicationRequest/fulfillment2/supplyEventFirstSummary/effectiveTime, INCLUDE End Date PORX_IN060400CA/PORX_MT060190CA/medicationRecord/combinedMedicationRequest/fulfillment3/supplyEventLastSummary/effectiveTime (if medication is no longer active) OR if OTC medication: PORX_IN060400CA/PORX_MT060190CA/medicationRecord/otherMedication/effectiveTime"/>
      </mapping>
      <mapping>
        <identity value="nova-scotia-cerx"/>
        <map value="PORX_IN060400CA/PORX_MT060190CA/medicationRecord/combinedMedicationRequest/fulfillment2/supplyEventFirstSummary/effectiveTime, INCLUDE End Date PORX_IN060400CA/PORX_MT060190CA/medicationRecord/combinedMedicationRequest/fulfillment3/supplyEventLastSummary/effectiveTime (if medication is no longer active) OR if OTC medication: PORX_IN060400CA/PORX_MT060190CA/medicationRecord/otherMedication/effectiveTime"/>
      </mapping>
    </element>
    <element id="MedicationStatement.dateAsserted">
      <path value="MedicationStatement.dateAsserted"/>
      <short value="When the statement was asserted"/>
      <type>
        <code value="dateTime"/>
      </type>
      <mustSupport value="true"/>
      <isModifier value="false"/>
      <mapping>
        <identity value="prince-edward-island-cerx"/>
        <map value="One potential but not semantically airtight mapping is PORX_IN060400CA/MCCI_MT000300CA/creationTime"/>
      </mapping>
      <mapping>
        <identity value="newfoundland-cerx"/>
        <map value="One potential but not semantically airtight mapping is PORX_IN060400CA/MCCI_MT000300CA/creationTime"/>
      </mapping>
      <mapping>
        <identity value="nova-scotia-cerx"/>
        <map value="One potential but not semantically airtight mapping is PORX_IN060400CA/MCCI_MT000300CA/creationTime"/>
      </mapping>
    </element>
    <element id="MedicationStatement.informationSource">
      <path value="MedicationStatement.informationSource"/>
      <short value="Person or organization that provided the information about the taking of this medication"/>
      <type>
        <code value="Reference"/>
        <targetProfile value="http://hl7.org/fhir/StructureDefinition/Patient"/>
        <targetProfile value="http://hl7.org/fhir/StructureDefinition/Practitioner"/>
        <targetProfile value="http://hl7.org/fhir/StructureDefinition/PractitionerRole"/>
        <targetProfile value="http://hl7.org/fhir/StructureDefinition/RelatedPerson"/>
        <targetProfile value="http://hl7.org/fhir/StructureDefinition/Organization"/>
      </type>
      <mustSupport value="true"/>
      <isModifier value="false"/>
      <mapping>
        <identity value="prince-edward-island-cerx"/>
        <map value="PORX_IN060400CA/PORX_MT060190CA/medicationRecord/combinedMedicationRequest/author/COCT_MT090107CA/assignedPerson"/>
      </mapping>
      <mapping>
        <identity value="newfoundland-cerx"/>
        <map value="PORX_IN060400CA/PORX_MT060190CA/medicationRecord/combinedMedicationRequest/author/COCT_MT090107CA/assignedPerson"/>
      </mapping>
      <mapping>
        <identity value="nova-scotia-cerx"/>
        <map value="PORX_IN060400CA/PORX_MT060190CA/medicationRecord/combinedMedicationRequest/author/COCT_MT090107CA/assignedPerson"/>
      </mapping>
    </element>
    <element id="MedicationStatement.reasonCode">
      <path value="MedicationStatement.reasonCode"/>
      <short value="Reason for why the medication is being/was taken"/>
      <type>
        <code value="CodeableConcept"/>
      </type>
      <mustSupport value="true"/>
      <isModifier value="false"/>
      <binding>
        <strength value="example"/>
        <description value="Condition/Problem/DiagnosisCodes"/>
        <valueSet value="http://hl7.org/fhir/ValueSet/condition-code"/>
      </binding>
      <mapping>
        <identity value="prince-edward-island-cerx"/>
        <map value="PORX_IN060400CA/PORX_MT060190CA/medicationRecord/combinedMedicationRequest/reason/PORX_MT980050CA/indications/observationDiagnosis"/>
      </mapping>
      <mapping>
        <identity value="newfoundland-cerx"/>
        <map value="PORX_IN060400CA/PORX_MT060190CA/medicationRecord/combinedMedicationRequest/reason/PORX_MT980050CA/indications/observationDiagnosis"/>
      </mapping>
      <mapping>
        <identity value="nova-scotia-cerx"/>
        <map value="PORX_IN060400CA/PORX_MT060190CA/medicationRecord/combinedMedicationRequest/reason/PORX_MT980050CA/indications/observationDiagnosis"/>
      </mapping>
    </element>
    <element id="MedicationStatement.reasonCode.CodeableConcept.code">
      <path value="MedicationStatement.reasonCode.CodeableConcept.code"/>
      <short value="Symbol in syntax defined by the system"/>
      <type>
        <code value="code"/>
      </type>
      <mustSupport value="false"/>
      <isModifier value="false"/>
      <mapping>
        <identity value="prince-edward-island-cerx"/>
        <map value="PORX_IN060400CA/PORX_MT060190CA/medicationRecord/combinedMedicationRequest/reason/PORX_MT980050CA/indications/observationDiagnosis/value"/>
      </mapping>
      <mapping>
        <identity value="newfoundland-cerx"/>
        <map value="PORX_IN060400CA/PORX_MT060190CA/medicationRecord/combinedMedicationRequest/reason/PORX_MT980050CA/indications/observationDiagnosis/value"/>
      </mapping>
      <mapping>
        <identity value="nova-scotia-cerx"/>
        <map value="PORX_IN060400CA/PORX_MT060190CA/medicationRecord/combinedMedicationRequest/reason/PORX_MT980050CA/indications/observationDiagnosis/value"/>
      </mapping>
    </element>
    <element id="MedicationStatement.reasonCode.CodeableConcept.display">
      <path value="MedicationStatement.reasonCode.CodeableConcept.display"/>
      <short value="Representation defined by the system"/>
      <type>
        <code value="string"/>
      </type>
      <mustSupport value="false"/>
      <isModifier value="false"/>
      <mapping>
        <identity value="prince-edward-island-cerx"/>
        <map value="PORX_IN060400CA/PORX_MT060190CA/medicationRecord/combinedMedicationRequest/reason/PORX_MT980050CA/indications/observationDiagnosis/text"/>
      </mapping>
      <mapping>
        <identity value="newfoundland-cerx"/>
        <map value="PORX_IN060400CA/PORX_MT060190CA/medicationRecord/combinedMedicationRequest/reason/PORX_MT980050CA/indications/observationDiagnosis/text"/>
      </mapping>
      <mapping>
        <identity value="nova-scotia-cerx"/>
        <map value="PORX_IN060400CA/PORX_MT060190CA/medicationRecord/combinedMedicationRequest/reason/PORX_MT980050CA/indications/observationDiagnosis/text"/>
      </mapping>
    </element>
    <element id="MedicationStatement.reasonCode.CodeableConcept.system">
      <path value="MedicationStatement.reasonCode.CodeableConcept.system"/>
      <short value="Identity of the terminology system"/>
      <type>
        <code value="uri"/>
      </type>
      <mustSupport value="false"/>
      <isModifier value="false"/>
      <mapping>
        <identity value="prince-edward-island-cerx"/>
        <map value="PORX_IN060400CA/PORX_MT060190CA/medicationRecord/combinedMedicationRequest/reason/PORX_MT980050CA/indications/observationDiagnosis"/>
      </mapping>
      <mapping>
        <identity value="newfoundland-cerx"/>
        <map value="PORX_IN060400CA/PORX_MT060190CA/medicationRecord/combinedMedicationRequest/reason/PORX_MT980050CA/indications/observationDiagnosis"/>
      </mapping>
      <mapping>
        <identity value="nova-scotia-cerx"/>
        <map value="PORX_IN060400CA/PORX_MT060190CA/medicationRecord/combinedMedicationRequest/reason/PORX_MT980050CA/indications/observationDiagnosis"/>
      </mapping>
    </element>
    <element id="MedicationStatement.reasonCode.CodeableConcept.text">
      <path value="MedicationStatement.reasonCode.CodeableConcept.text"/>
      <short value="Plain text representation of the concept"/>
      <type>
        <code value="string"/>
      </type>
      <mustSupport value="false"/>
      <isModifier value="false"/>
      <mapping>
        <identity value="prince-edward-island-cerx"/>
        <map value="PORX_IN060400CA/PORX_MT060190CA/medicationRecord/combinedMedicationRequest/reason/PORX_MT980050CA/indications/observationDiagnosis/text"/>
      </mapping>
      <mapping>
        <identity value="newfoundland-cerx"/>
        <map value="PORX_IN060400CA/PORX_MT060190CA/medicationRecord/combinedMedicationRequest/reason/PORX_MT980050CA/indications/observationDiagnosis/text"/>
      </mapping>
      <mapping>
        <identity value="nova-scotia-cerx"/>
        <map value="PORX_IN060400CA/PORX_MT060190CA/medicationRecord/combinedMedicationRequest/reason/PORX_MT980050CA/indications/observationDiagnosis/text"/>
      </mapping>
    </element>
    <element id="MedicationStatement.dosage">
      <path value="MedicationStatement.dosage"/>
      <short value="Details of how medication is/was taken or should be taken"/>
      <type>
        <code value="Dosage"/>
      </type>
      <mustSupport value="false"/>
      <isModifier value="false"/>
      <mapping>
        <identity value="prince-edward-island-cerx"/>
        <map value="PORX_IN060400CA/PORX_MT060190CA/medicationRecord/combinedMedicationRequest/component1/administrationInstructions/text"/>
      </mapping>
      <mapping>
        <identity value="newfoundland-cerx"/>
        <map value="PORX_IN060400CA/PORX_MT060190CA/medicationRecord/combinedMedicationRequest/component1/administrationInstructions/text"/>
      </mapping>
      <mapping>
        <identity value="nova-scotia-cerx"/>
        <map value="PORX_IN060400CA/PORX_MT060190CA/medicationRecord/combinedMedicationRequest/component1/administrationInstructions/text"/>
      </mapping>
    </element>
  </differential>
</StructureDefinition>