"Path","Slice Name","Alias(s)","Label","Min","Max","Must Support?","Is Modifier?","Is Summary?","Type(s)","Short","Definition","Comments","Requirements","Default Value","Meaning When Missing","Fixed Value","Pattern","Example","Minimum Value","Maximum Value","Maximum Length","Binding Strength","Binding Description","Binding Value Set","Code","Slicing Discriminator","Slicing Description","Slicing Ordered","Slicing Rules","Base Path","Base Min","Base Max","Condition(s)","Constraint(s)","Mapping: Prince Edward Island CeRX","Mapping: Newfoundland CeRX","Mapping: New Brunswick CeRX","Mapping: Nova Scotia CeRX","Mapping: Workflow Pattern","Mapping: Mapping to NCPDP SCRIPT 10.6","Mapping: RIM Mapping","Mapping: FiveWs Pattern Mapping","Mapping: HL7 v2 Mapping"
"MedicationRequest","","Prescription
Order","",0,*,"","","","","Ordering of medication for patient or group","An order or request for both supply of the medication and the instructions for administration of the medication to a patient. The resource is called ""MedicationRequest"" rather than ""MedicationPrescription"" or ""MedicationOrder"" to generalize the use across inpatient and outpatient settings, including care plans, etc., and to harmonize with workflow patterns.","","","","","","","","","",,,,,"",,,,"MedicationRequest",0,*,"","dom-2:If the resource is contained in another resource, it SHALL NOT contain nested Resources {contained.contained.empty()}
dom-4:If a resource is contained in another resource, it SHALL NOT have a meta.versionId or a meta.lastUpdated {contained.meta.versionId.empty() and contained.meta.lastUpdated.empty()}dom-3:If the resource is contained in another resource, it SHALL be referred to from elsewhere in the resource or SHALL refer to the containing resource {contained.where((('#'+id in (%resource.descendants().reference | %resource.descendants().as(canonical) | %resource.descendants().as(uri) | %resource.descendants().as(url))) or descendants().where(reference = '#').exists() or descendants().where(as(canonical) = '#').exists() or descendants().where(as(canonical) = '#').exists()).not()).trace('unmatched', id).empty()}dom-6:A resource should have narrative for robust management {text.div.exists()}dom-5:If a resource is contained in another resource, it SHALL NOT have a security label {contained.meta.security.empty()}","PORX_IN060260CA/PORX_MT060340CA/combinedMedicationRequest","PORX_IN060260CA/PORX_MT060340CA/combinedMedicationRequest","NB Implementation Guide does not have separate Medication Request CeRX Message type, prescription is inferred when available from dispense message: PORX_IN020190CA/PORX_MT020070CA/medicationDispense/component3/supplyEvent/product/COCT_MT220200CA/medication","PORX_IN060260CA/PORX_MT060340CA/combinedMedicationRequest","Request","Message/Body/NewRx","Entity. Role, or Act","CombinedMedicationRequest"
"MedicationRequest.id","","","",0,1,"","","Y","id {[]} {[]}
","Logical id of this artifact","The logical id of the resource, as used in the URL for the resource. Once assigned, this value never changes.","The only time that a resource does not have an id is when it is being submitted to the server using a create operation.","","","","","","","","",,,,,"",,,,"Resource.id",0,1,"",""
"MedicationRequest.meta","","","",0,1,"","","Y","Meta {[]} {[]}
","Metadata about the resource","The metadata about the resource. This is content that is maintained by the infrastructure. Changes to the content might not always be associated with version changes to the resource.","","","","","","","","","",,,,,"",,,,"Resource.meta",0,1,"",""
"MedicationRequest.implicitRules","","","",0,1,"","Y","Y","uri {[]} {[]}
","A set of rules under which this content was created","A reference to a set of rules that were followed when the resource was constructed, and which must be understood when processing the content. Often, this is a reference to an implementation guide that defines the special rules along with other profiles etc.","Asserting this rule set restricts the content to be only understood by a limited set of trading partners. This inherently limits the usefulness of the data in the long term. However, the existing health eco-system is highly fractured, and not yet ready to define, collect, and exchange data in a generally computable sense. Wherever possible, implementers and/or specification writers should avoid using this element. Often, when used, the URL is a reference to an implementation guide that defines these special rules as part of it's narrative along with other profiles, value sets, etc.","","","","","","","","",,,,,"",,,,"Resource.implicitRules",0,1,"",""
"MedicationRequest.language","","","",0,1,"","","","code {[]} {[]}
","Language of the resource content","The base language in which the resource is written.","Language is provided to support indexing and accessibility (typically, services such as text to speech use the language tag). The html language tag in the narrative applies  to the narrative. The language tag on the resource may be used to specify the language of other presentations generated from the data in the resource. Not all the content has to be in the base language. The Resource.language should not be assumed to apply to the narrative automatically. If a language is specified, it should it also be specified on the div element in the html (see rules in HTML5 for information about the relationship between xml:lang and the html lang attribute).","","","","","","","","",,"preferred","A human language.","http://hl7.org/fhir/ValueSet/languages","",,,,"Resource.language",0,1,"",""
"MedicationRequest.text","","narrative
htmlxhtmldisplay","",0,1,"","","","Narrative {[]} {[]}
","Text summary of the resource, for human interpretation","A human-readable narrative that contains a summary of the resource and can be used to represent the content of the resource to a human. The narrative need not encode all the structured data, but is required to contain sufficient detail to make it ""clinically safe"" for a human to just read the narrative. Resource definitions may define what content should be represented in the narrative to ensure clinical safety.","Contained resources do not have narrative. Resources that are not contained SHOULD have a narrative. In some cases, a resource may only have text with little or no additional discrete data (as long as all minOccurs=1 elements are satisfied).  This may be necessary for data from legacy systems where information is captured as a ""text blob"" or where text is additionally entered raw or narrated and encoded information is added later.","","","","","","","","",,,,,"",,,,"DomainResource.text",0,1,"","","Act.text?"
"MedicationRequest.contained","","inline resources
anonymous resourcescontained resources","",0,*,"","","","Resource {[]} {[]}
","Contained, inline Resources","These resources do not have an independent existence apart from the resource that contains them - they cannot be identified independently, and nor can they have their own independent transaction scope.","This should never be done when the content can be identified properly, as once identification is lost, it is extremely difficult (and context dependent) to restore it again. Contained resources may have profiles and tags In their meta elements, but SHALL NOT have security labels.","","","","","","","","",,,,,"",,,,"DomainResource.contained",0,*,"","","N/A"
"MedicationRequest.extension","","extensions
user content","",0,*,"","","","Extension {[]} {[]}
","Additional content defined by implementations","May be used to represent additional information that is not part of the basic definition of the resource. To make the use of extensions safe and manageable, there is a strict set of governance  applied to the definition and use of extensions. Though any implementer can define an extension, there is a set of requirements that SHALL be met as part of the definition of the extension.","There can be no stigma associated with the use of extensions by any application, project, or standard - regardless of the institution or jurisdiction that uses or defines the extensions.  The use of extensions is what allows the FHIR specification to retain a core level of simplicity for everyone.","","","","","","","","",,,,,"",,,,"DomainResource.extension",0,*,"","","N/A"
"MedicationRequest.modifierExtension","","extensions
user content","",0,*,"","Y","","Extension {[]} {[]}
","Extensions that cannot be ignored","May be used to represent additional information that is not part of the basic definition of the resource and that modifies the understanding of the element that contains it and/or the understanding of the containing element's descendants. Usually modifier elements provide negation or qualification. To make the use of extensions safe and manageable, there is a strict set of governance applied to the definition and use of extensions. Though any implementer is allowed to define an extension, there is a set of requirements that SHALL be met as part of the definition of the extension. Applications processing a resource are required to check for modifier extensions.

Modifier extensions SHALL NOT change the meaning of any elements on Resource or DomainResource (including cannot change the meaning of modifierExtension itself).","There can be no stigma associated with the use of extensions by any application, project, or standard - regardless of the institution or jurisdiction that uses or defines the extensions.  The use of extensions is what allows the FHIR specification to retain a core level of simplicity for everyone.","Modifier extensions allow for extensions that *cannot* be safely ignored to be clearly distinguished from the vast majority of extensions which can be safely ignored.  This promotes interoperability by eliminating the need for implementers to prohibit the presence of extensions. For further information, see the [definition of modifier extensions](http://hl7.org/fhir/R4/extensibility.html#modifierExtension).","","","","","","","",,,,,"",,,,"DomainResource.modifierExtension",0,*,"","","N/A"
"MedicationRequest.identifier","","","",0,*,"","","","Identifier {[]} {[]}
","External ids for this request","Identifiers associated with this medication request that are defined by business processes and/or used to refer to it when a direct URL reference to the resource itself is not appropriate. They are business identifiers assigned to this resource by the performer or other systems and remain constant as the resource is updated and propagates from server to server.","This is a business identifier, not a resource identifier.","","","","","","","","",,,,,"",,,,"MedicationRequest.identifier",0,*,"","","PORX_IN060260CA/PORX_MT060340CA/combinedMedicationRequest/id","PORX_IN060260CA/PORX_MT060340CA/combinedMedicationRequest/id","PORX_IN020190CA/PORX_MT020070CA/medicationDispense/inFulfillmentOf/substanceAdministrationRequest/id","PORX_IN060260CA/PORX_MT060340CA/combinedMedicationRequest/id","Request.identifier","Message/Header/PrescriberOrderNumber",".id","FiveWs.identifier","ORC-2-Placer Order Number / ORC-3-Filler Order Number"
"MedicationRequest.status","","","",1,1,"Y","Y","Y","code {[]} {[]}
","active | on-hold | cancelled | completed | entered-in-error | stopped | draft | unknown","A code specifying the current state of the order.  Generally, this will be active or completed state.","This element is labeled as a modifier because the status contains codes that mark the resource as not currently valid. 

Mapping Note: Implementors need to be aware that the Act Status Codes recommended by CeRX only partially match the codes to the MedicationRequest status (required) value set.","","","","","","","","",,"required","MedicationRequest Status Codes","http://hl7.org/fhir/ValueSet/medicationrequest-status","",,,,"MedicationRequest.status",1,1,"","","PORX_IN060260CA/PORX_MT060340CA/combinedMedicationRequest/statusCode","PORX_IN060260CA/PORX_MT060340CA/combinedMedicationRequest/statusCode","PORX_IN060260CA/PORX_MT060340CA/combinedMedicationRequest/statusCode","Request.status","no mapping",".statusCode","FiveWs.status"
"MedicationRequest.statusReason","","","",0,1,"","","","CodeableConcept {[]} {[]}
","Reason for current status","Captures the reason for the current state of the MedicationRequest.","Mapping Note: The mappable value from CeRX ActDetectedIssueCode value set is not semantically perfect. Conversion for this FHIR element should be limited to non-active statuses because the only semantic similar CeRX field that was found relates to reasons for refusal to fill or detected issue statuses.","","","","","","","","",,"example","MedicationRequest Status Reason Codes","http://hl7.org/fhir/ValueSet/medicationrequest-status-reason","",,,,"MedicationRequest.statusReason",0,1,"","","PORX_IN060260CA/QUQI_MT120000CA/controlActEvent/subjectOf/PORX_MT980020CA/detectedIssueEvent/code OR PORX_IN060260CA/PORX_MT060340CA/combinedMedicationRequest/subjectOf6/refusalToFill/reason/detectedIssueEvent/code","PORX_IN060260CA/QUQI_MT120000CA/controlActEvent/subjectOf/PORX_MT980020CA/detectedIssueEvent/code OR PORX_IN060260CA/PORX_MT060340CA/combinedMedicationRequest/subjectOf6/refusalToFill/reason/detectedIssueEvent/code","PORX_IN060260CA/QUQI_MT120000CA/controlActEvent/subjectOf/PORX_MT980020CA/detectedIssueEvent/code OR PORX_IN060260CA/PORX_MT060340CA/combinedMedicationRequest/subjectOf6/refusalToFill/reason/detectedIssueEvent/code","Request.statusReason",".inboundRelationship[typeCode=SUBJ].source[classCode=CACT, moodCode=EVN].reasonCOde"
"MedicationRequest.intent","","","",1,1,"Y","Y","Y","code {[]} {[]}
","proposal | plan | order | original-order | instance-order | option","Whether the request is a proposal, plan, or an original order.","SME Note: From a mapping perspective, the requests that exist in V3 systems today would have RQO as the mood code.  This would map to ""order"" for MedicationRequest.intent.

Given that this profile focuses on FHIR resources generated from CeRX messages by Canadian Drug Information Systems,  the codes most likely applicable from the required value set are: ""order"", ""plan"", and ""proposal"" 

SME Note: From a mapping perspective, the requests that exist in V3 systems today would have RQO as the mood code.  This would map to ""order"" for MedicationRequest.intent.
If patient requests are supported in the future, these would be an intent of ""proposal"".","","","","","","","","",,"required","MedicationRequest Intent","http://hl7.org/fhir/ValueSet/medicationrequest-intent","",,,,"MedicationRequest.intent",1,1,"","","PORX_IN060260CA/ PORX_MT060340CA/ combinedMedicationRequest/ component1/ PORX_MT980040CA/ dosageInstruction/component2/dosageLine/moodCode","PORX_IN060260CA/ PORX_MT060340CA/ combinedMedicationRequest/ component1/ PORX_MT980040CA/ dosageInstruction/component2/dosageLine/moodCode","PORX_IN020190CA/PORX_MT020070CA/medicationDispense/inFulfillmentOf/substanceAdministrationRequest/moodCode","PORX_IN060260CA/ PORX_MT060340CA/ combinedMedicationRequest/ component1/ PORX_MT980040CA/ dosageInstruction/component2/dosageLine/moodCode","Request.intent",".moodCode (nuances beyond PRP/PLAN/RQO would need to be elsewhere)","FiveWs.class"
"MedicationRequest.category","","","",0,*,"","","","CodeableConcept {[]} {[]}
","Type of medication usage","Indicates the type of medication request (for example, where the medication is expected to be consumed or administered (i.e. inpatient or outpatient)).","The category can be used to include where the medication is expected to be consumed or other types of requests.","","","","","","","","",,"example","A coded concept identifying the category of medication request.  For example, where the medication is to be consumed or administered, or the type of medication treatment.","http://hl7.org/fhir/ValueSet/medicationrequest-category","",,,,"MedicationRequest.category",0,*,"","","Message/Body/NewRx/MedicationPrescribed/Directionsor Message/Body/NewRx/MedicationPrescribed/StructuredSIG",".inboundRelationship[typeCode=COMP].source[classCode=OBS, moodCode=EVN, code=""type of medication usage""].value","FiveWs.class"
"MedicationRequest.priority","","","",0,1,"","","Y","code {[]} {[]}
","routine | urgent | asap | stat","Indicates how quickly the Medication Request should be addressed with respect to other requests.","","","","","","","","","",,"required","Identifies the level of importance to be assigned to actioning the request.","http://hl7.org/fhir/ValueSet/request-priority|4.0.0","",,,,"MedicationRequest.priority",0,1,"","","Request.priority",".priorityCode","FiveWs.grade"
"MedicationRequest.doNotPerform","","","",0,1,"","Y","Y","boolean {[]} {[]}
","True if request is prohibiting action","If true indicates that the provider is asking for the medication request not to occur.","If do not perform is not specified, the request is a positive request e.g. ""do perform"".","","","","","","","","",,,,,"",,,,"MedicationRequest.doNotPerform",0,1,"","","SubstanceAdministration.actionNegationInd"
"MedicationRequest.reported[x]","","","",0,1,"","","Y","boolean {[]} {[]}
Reference {[]} {[CanonicalType[http://hl7.org/fhir/StructureDefinition/Patient], CanonicalType[http://hl7.org/fhir/StructureDefinition/Practitioner], CanonicalType[http://hl7.org/fhir/StructureDefinition/PractitionerRole], CanonicalType[http://hl7.org/fhir/StructureDefinition/RelatedPerson], CanonicalType[http://hl7.org/fhir/StructureDefinition/Organization]]}","Reported rather than primary record","Indicates if this record was captured as a secondary 'reported' record rather than as an original primary source-of-truth record.  It may also indicate the source of the report.","","","","","","","","","",,,,,"",,,,"MedicationRequest.reported[x]",0,1,"","",".participation[typeCode=INF].role"
"MedicationRequest.medication[x]","","","",1,1,"Y","","Y","CodeableConcept {[]} {[]}
Reference {[]} {[CanonicalType[http://hl7.org/fhir/ca/core/StructureDefinition/profile-medication]]}","Medication to be taken","Identifies the medication being requested. This is a link to a resource that represents the medication which may be the details of the medication or simply an attribute carrying a code that identifies the medication from a known list of medications.","If only a code is specified, then it needs to be a code for a specific product. If more information is required, then the use of the Medication resource is recommended. For example, if you require form or lot number or if the medication is compounded or extemporaneously prepared, then you must reference the Medication resource.

Implementors need to be aware that the medication codes utilized by the source DIS will likely come from the Clinical Drug CeRX value set (https://infocentral.infoway-inforoute.ca/extra/ns/cerx43-html/html/vocabulary.html?type=vs&id=ClinicalDrug) which draws in codes from various other code systems (HC-DIN, HC-NPN, HC-AIGC, etc.). There is currently no equivalent FHIR value set that supports this superset to recommend when binding.
Implementors need to be aware that the medication codes utilized by the source DIS will likely come from the Clinical Drug CeRX value set (https://infocentral.infoway-inforoute.ca/extra/ns/cerx43-html/html/vocabulary.html?type=vs&id=ClinicalDrug) which draws in codes from various other code systems (HC-DIN, HC-NPN, HC-AIGC, etc.). There is currently no equivalent FHIR value set that supports this superset to recommend when binding.","","","","","","","","",,"preferred","Canadian Clinical Drug Data (CCDD) Medicinal Products","https://fhir.infoway-inforoute.ca/ValueSet/prescriptionmedicinalproduct","",,,,"MedicationRequest.medication[x]",1,1,"","","PORX_IN060260CA/PORX_MT060340CA/combinedMedicationRequest/directTarget/COCT_MT220110CA/medication/player","PORX_IN060260CA/PORX_MT060340CA/combinedMedicationRequest/directTarget/COCT_MT220110CA/medication/player","PORX_IN020190CA/PORX_MT020070CA/medicationDispense/component3/supplyEvent/product/COCT_MT220200CA/medication/player","PORX_IN060260CA/PORX_MT060340CA/combinedMedicationRequest/directTarget/COCT_MT220110CA/medication/player","Request.code","Message/Body/NewRx/MedicationPrescribedMedication.code.coding.code = Message/Body/NewRx/MedicationPrescribed/DrugCoded/ProductCodeMedication.code.coding.system = Message/Body/NewRx/MedicationPrescribed/DrugCoded/ProductCodeQualifierMedication.code.coding.display = Message/Body/NewRx/MedicationPrescribed/DrugDescription","consumable.administrableMedication","FiveWs.what[x]","RXE-2-Give Code / RXO-1-Requested Give Code / RXC-2-Component Code"
"MedicationRequest.subject","","","",1,1,"Y","","Y","Reference {[]} {[CanonicalType[http://hl7.org/fhir/ca/core/StructureDefinition/profile-patient]]}
","Who medication request is for","A link to a resource representing the person or set of individuals to whom the medication will be given.","The subject on a medication request is mandatory.  For the secondary use case where the actual subject is not provided, there still must be an anonymized subject specified.","","","","","","","","",,,,,"",,,,"MedicationRequest.subject",1,1,"","","PORX_IN060260CA/PORX_MT060340CA/combinedMedicationRequest/subject/COCT_MT050203CA/patient/id","PORX_IN060260CA/PORX_MT060340CA/combinedMedicationRequest/subject/COCT_MT050203CA/patient/id","PORX_IN020190CA/PORX_MT020070CA/medicationDispense/subject/COCT_MT050203CA/patient/id","PORX_IN060260CA/PORX_MT060340CA/combinedMedicationRequest/subject/COCT_MT050203CA/patient/id","Request.subject","Message/Body/NewRx/Patient(need detail to link to specific patient … Patient.Identification in SCRIPT)",".participation[typeCode=AUT].role","FiveWs.subject[x]","FiveWs.subject","PID-3-Patient ID List"
"MedicationRequest.encounter","","","",0,1,"","","","Reference {[]} {[CanonicalType[http://hl7.org/fhir/StructureDefinition/Encounter]]}
","Encounter created as part of encounter/admission/stay","The Encounter during which this [x] was created or to which the creation of this record is tightly associated.","This will typically be the encounter the event occurred within, but some activities may be initiated prior to or after the official completion of an encounter but still be tied to the context of the encounter.""    If there is a need to link to episodes of care they will be handled with an extension.","","","","","","","","",,,,,"",,,,"MedicationRequest.encounter",0,1,"","","Request.context","no mapping",".inboundRelationship[typeCode=COMP].source[classCode=ENC, moodCode=EVN, code=""type of encounter or episode""]","FiveWs.context","PV1-19-Visit Number"
"MedicationRequest.supportingInformation","","","",0,*,"","","","Reference {[]} {[CanonicalType[http://hl7.org/fhir/StructureDefinition/Resource]]}
","Information to support ordering of the medication","Include additional information (for example, patient height and weight) that supports the ordering of the medication.","","","","","","","","","",,,,,"",,,,"MedicationRequest.supportingInformation",0,*,"","","Request.supportingInfo",".outboundRelationship[typeCode=PERT].target[A_SupportingClinicalStatement CMET minimal with many different choices of classCodes(ORG, ENC, PROC, SPLY, SBADM, OBS) and each of the act class codes draws from one or more of the following moodCodes (EVN, DEF, INT PRMS, RQO, PRP, APT, ARQ, GOL)]","FiveWs.context"
"MedicationRequest.authoredOn","","","",0,1,"Y","","Y","dateTime {[]} {[]}
","When request was initially authored","The date (and perhaps time) when the prescription was initially written or authored on.","","","","","","","","","",,,,,"",,,,"MedicationRequest.authoredOn",0,1,"","","PORX_IN060260CA/PORX_MT060340CA/combinedMedicationRequest/author/time","PORX_IN060260CA/PORX_MT060340CA/combinedMedicationRequest/author/time","PORX_IN020190CA/PORX_MT020070CA/medicationDispense/inFulfillmentOf/substanceAdministrationRequest/author/time","PORX_IN060260CA/PORX_MT060340CA/combinedMedicationRequest/author/time","Request.authoredOn","Message/Body/NewRx/MedicationPrescribed/WrittenDate","author.time","FiveWs.recorded","RXE-32-Original Order Date/Time / ORC-9-Date/Time of Transaction"
"MedicationRequest.requester","","","",0,1,"Y","","Y","Reference {[]} {[CanonicalType[http://hl7.org/fhir/ca/core/StructureDefinition/profile-practitioner]]}
","Who/What requested the MedicationRequest","The individual, organization, or device that initiated the request and has responsibility for its activation.","","","","","","","","","",,,,,"",,,,"MedicationRequest.requester",0,1,"","","PORX_IN060260CA/PORX_MT060340CA/combinedMedicationRequest/author/COCT_MT090107CA/assignedPerson/id","PORX_IN060260CA/PORX_MT060340CA/combinedMedicationRequest/author/COCT_MT090107CA/assignedPerson/id","PORX_IN060260CA/PORX_MT060340CA/combinedMedicationRequest/author/COCT_MT090107CA/assignedPerson/id","Request.requester",".participation[typeCode=AUT].role","FiveWs.author"
"MedicationRequest.performer","","","",0,1,"","","","Reference {[]} {[CanonicalType[http://hl7.org/fhir/ca/core/StructureDefinition/profile-practitioner], CanonicalType[http://hl7.org/fhir/ca/core/StructureDefinition/profile-organization]]}
","Intended performer of administration or dispense","The specified desired performer of the medication treatment (e.g. the performer of the medication administration).","SME Note: While this is allowed as optional and the CeRX specification supports the mappable data element, it is unlikely to be frequently populated since most prescribers don't specify who should administer or what their role is.","","","","","","","","",,,,,"",,,,"MedicationRequest.performer",0,1,"","","PORX_IN060260CA/PORX_MT060340CA/combinedMedicationRequest/component3/suppyRequest/location/COCT_MT240003CA/serviceDeliveryLocation/id  OR  PORX_IN060260CA/PORX_MT060340CA/combinedMedicationRequest/fulfillment1/medicationDispense/performer/COCT_MT090107CA/assignedPerson/id","PORX_IN060260CA/PORX_MT060340CA/combinedMedicationRequest/component3/suppyRequest/location/COCT_MT240003CA/serviceDeliveryLocation/id  OR  PORX_IN060260CA/PORX_MT060340CA/combinedMedicationRequest/fulfillment1/medicationDispense/performer/COCT_MT090107CA/assignedPerson/id","PORX_IN060260CA/PORX_MT060340CA/combinedMedicationRequest/component3/suppyRequest/location/COCT_MT240003CA/serviceDeliveryLocation/id  OR  PORX_IN060260CA/PORX_MT060340CA/combinedMedicationRequest/fulfillment1/medicationDispense/performer/COCT_MT090107CA/assignedPerson/id","Request.performer",".participation[typeCode=PRF].role[scoper.determinerCode=INSTANCE]","FiveWs.actor"
"MedicationRequest.performerType","","","",0,1,"","","Y","CodeableConcept {[]} {[]}
","Desired kind of performer of the medication administration or dispense","Indicates the type of performer of the administration of the medication.","SME Note: While this is allowed as optional and the CeRX specification supports the mappable data element, it is unlikely to be frequently populated since most prescribers don't specify who should administer or what their role is.","","","","","","","","",,"example","Identifies the type of individual that is desired to administer the medication.","http://hl7.org/fhir/ValueSet/performer-role","",,,,"MedicationRequest.performerType",0,1,"","","PORX_IN060260CA/PORX_MT060340CA/combinedMedicationRequest/fulfillment1/medicationDispense/performer/COCT_MT090107CA/assignedPerson/code","PORX_IN060260CA/PORX_MT060340CA/combinedMedicationRequest/fulfillment1/medicationDispense/performer/COCT_MT090107CA/assignedPerson/code","PORX_IN060260CA/PORX_MT060340CA/combinedMedicationRequest/fulfillment1/medicationDispense/performer/COCT_MT090107CA/assignedPerson/code","Request.performerType",".participation[typeCode=PRF].role[scoper.determinerCode=KIND].code"
"MedicationRequest.recorder","","","",0,1,"","","","Reference {[]} {[CanonicalType[http://hl7.org/fhir/StructureDefinition/Practitioner], CanonicalType[http://hl7.org/fhir/StructureDefinition/PractitionerRole]]}
","Person who entered the request","The person who entered the order on behalf of another individual for example in the case of a verbal or a telephone order.","","","","","","","","","",,,,,"",,,,"MedicationRequest.recorder",0,1,"","",".participation[typeCode=TRANS].role[classCode=ASSIGNED].code (HealthcareProviderType)","FiveWs.who"
"MedicationRequest.reasonCode","","","",0,*,"","","","CodeableConcept {[]} {[]}
","Reason or indication for ordering or not ordering the medication","The reason or the indication for ordering or not ordering the medication.","This could be a diagnosis code. If a full condition record exists or additional detail is needed, use reasonReference.","","","","","","","","",,"example","Condition/Problem/DiagnosisCodes","http://hl7.org/fhir/ValueSet/condition-code","",,,,"MedicationRequest.reasonCode",0,*,"","","PORX_IN060260CA/PORX_MT060340CA/combinedMedicationRequest/reason/PORX_MT980050CA/indications/observationDiagnosis OR PORX_IN060260CA/PORX_MT060340CA/combinedMedicationRequest/reason/PORX_MT980050CA/indications/observationSymptom OR PORX_IN060260CA/PORX_MT060340CA/combinedMedicationRequest/reason/PORX_MT980050CA/indications/otherIndication","PORX_IN060260CA/PORX_MT060340CA/combinedMedicationRequest/reason/PORX_MT980050CA/indications/observationDiagnosis OR PORX_IN060260CA/PORX_MT060340CA/combinedMedicationRequest/reason/PORX_MT980050CA/indications/observationSymptom OR PORX_IN060260CA/PORX_MT060340CA/combinedMedicationRequest/reason/PORX_MT980050CA/indications/otherIndication","PORX_IN060260CA/PORX_MT060340CA/combinedMedicationRequest/reason/PORX_MT980050CA/indications/observationDiagnosis OR PORX_IN060260CA/PORX_MT060340CA/combinedMedicationRequest/reason/PORX_MT980050CA/indications/observationSymptom OR PORX_IN060260CA/PORX_MT060340CA/combinedMedicationRequest/reason/PORX_MT980050CA/indications/otherIndication","Request.reasonCode","Message/Body/NewRx/MedicationPrescribed/Diagnosis/Primary/Value","reason.observation.reasonCode","FiveWs.why[x]","ORC-16-Order Control Code Reason /RXE-27-Give Indication/RXO-20-Indication / RXD-21-Indication / RXG-22-Indication / RXA-19-Indication"
"MedicationRequest.reasonReference","","","",0,*,"","","","Reference {[]} {[CanonicalType[http://hl7.org/fhir/StructureDefinition/Condition], CanonicalType[http://hl7.org/fhir/StructureDefinition/Observation]]}
","Condition or observation that supports why the prescription is being written","Condition or observation that supports why the medication was ordered.","This is a reference to a condition or observation that is the reason for the medication order.  If only a code exists, use reasonCode.","","","","","","","","",,,,,"",,,,"MedicationRequest.reasonReference",0,*,"","","Request.reasonReference","no mapping","reason.observation[code=ASSERTION].value","FiveWs.why[x]"
"MedicationRequest.instantiatesCanonical","","","",0,*,"","","Y","canonical {[]} {[]}
","Instantiates FHIR protocol or definition","The URL pointing to a protocol, guideline, orderset, or other definition that is adhered to in whole or in part by this MedicationRequest.","","","","","","","","","",,,,,"",,,,"MedicationRequest.instantiatesCanonical",0,*,"","","Request.instantiates",".outboundRelationship[typeCode=DEFN].target"
"MedicationRequest.instantiatesUri","","","",0,*,"","","Y","uri {[]} {[]}
","Instantiates external protocol or definition","The URL pointing to an externally maintained protocol, guideline, orderset or other definition that is adhered to in whole or in part by this MedicationRequest.","","","","","","","","","",,,,,"",,,,"MedicationRequest.instantiatesUri",0,*,"","",".outboundRelationship[typeCode=DEFN].target"
"MedicationRequest.basedOn","","","",0,*,"","","Y","Reference {[]} {[CanonicalType[http://hl7.org/fhir/StructureDefinition/CarePlan], CanonicalType[http://hl7.org/fhir/StructureDefinition/MedicationRequest], CanonicalType[http://hl7.org/fhir/StructureDefinition/ServiceRequest], CanonicalType[http://hl7.org/fhir/StructureDefinition/ImmunizationRecommendation]]}
","What request fulfills","A plan or request that is fulfilled in whole or in part by this medication request.","","","","","","","","","",,,,,"",,,,"MedicationRequest.basedOn",0,*,"","","Request.basedOn",".outboundRelationship[typeCode=FLFS].target[classCode=SBADM or PROC or PCPR or OBS, moodCode=RQO orPLAN or PRP]"
"MedicationRequest.groupIdentifier","","","",0,1,"","","Y","Identifier {[]} {[]}
","Composite request this is part of","A shared identifier common to all requests that were authorized more or less simultaneously by a single author, representing the identifier of the requisition or prescription.","","Requests are linked either by a ""basedOn"" relationship (i.e. one request is fulfilling another) or by having a common requisition. Requests that are part of the same requisition are generally treated independently from the perspective of changing their state or maintaining them after initial creation.","","","","","","","",,,,,"",,,,"MedicationRequest.groupIdentifier",0,1,"","","Request.groupIdentifier",".outboundRelationship(typeCode=COMP].target[classCode=SBADM, moodCode=INT].id"
"MedicationRequest.courseOfTherapyType","","","",0,1,"","","","CodeableConcept {[]} {[]}
","Overall pattern of medication administration","The description of the overall patte3rn of the administration of the medication to the patient.","This attribute should not be confused with the protocol of the medication.","","","","","","","","",,"preferred","v3 ActCode","http://terminology.hl7.org/ValueSet/v3-ActCode","",,,,"MedicationRequest.courseOfTherapyType",0,1,"","","PORX_IN060260CA/PORX_MT060340CA/combinedMedicationRequest/componentOf/workingListEvent/code","PORX_IN060260CA/PORX_MT060340CA/combinedMedicationRequest/componentOf/workingListEvent/code","PORX_IN060260CA/PORX_MT060340CA/combinedMedicationRequest/componentOf/workingListEvent/code","Act.code where classCode = LIST and moodCode = EVN"
"MedicationRequest.insurance","","","",0,*,"","","","Reference {[]} {[CanonicalType[http://hl7.org/fhir/StructureDefinition/Coverage]]}
","Associated insurance coverage","Insurance plans, coverage extensions, pre-authorizations and/or pre-determinations that may be required for delivering the requested service.","SME Note: The frequency in which insurance is recorded in CeRX messages is unclear but the specification supports it.","","","","","","","","",,,,,"",,,,"MedicationRequest.insurance",0,*,"","","PORX_IN060260CA/PORX_MT060340CA/combinedMedicationRequest/coverage/coverage/id","PORX_IN060260CA/PORX_MT060340CA/combinedMedicationRequest/coverage/coverage/id","PORX_IN060260CA/PORX_MT060340CA/combinedMedicationRequest/coverage/coverage/id","Request.insurance",".outboundRelationship[typeCode=COVBY].target"
"MedicationRequest.note","","","",0,*,"","","","Annotation {[]} {[]}
","Information about the prescription","Extra information about the prescription that could not be conveyed by the other attributes.","","","","","","","","","",,,,,"",,,,"MedicationRequest.note",0,*,"","","PORX_IN060260CA/PORX_MT060340CA/combinedMedicationRequest/subjectOf3/COCT_MT120600CA/annotation","PORX_IN060260CA/PORX_MT060340CA/combinedMedicationRequest/subjectOf3/COCT_MT120600CA/annotation","PORX_IN060260CA/PORX_MT060340CA/combinedMedicationRequest/subjectOf3/COCT_MT120600CA/annotation","Request.note","Message/Body/NewRx/MedicationPrescribed/Note",".inboundRelationship[typeCode=SUBJ]/source[classCode=OBS,moodCode=EVN,code=""annotation""].value"
"MedicationRequest.note.id","","","",0,1,"","","","string {[]} {[]}
","Unique id for inter-element referencing","Unique id for the element within a resource (for internal references). This may be any string value that does not contain spaces.","","","","","","","","","",,,,,"",,,,"Element.id",0,1,"","","n/a"
"MedicationRequest.note.extension","","extensions
user content","",0,*,"","","","Extension {[]} {[]}
","Additional content defined by implementations","May be used to represent additional information that is not part of the basic definition of the element. To make the use of extensions safe and manageable, there is a strict set of governance  applied to the definition and use of extensions. Though any implementer can define an extension, there is a set of requirements that SHALL be met as part of the definition of the extension.","There can be no stigma associated with the use of extensions by any application, project, or standard - regardless of the institution or jurisdiction that uses or defines the extensions.  The use of extensions is what allows the FHIR specification to retain a core level of simplicity for everyone.","","","","","","","","",,,,,"","value:url}
","Extensions are always sliced by (at least) url",,"open","Element.extension",0,*,"","","n/a"
"MedicationRequest.note.authorReference","","","",0,1,"","","Y","Reference {[]} {[CanonicalType[http://hl7.org/fhir/ca/core/StructureDefinition/profile-practitioner], CanonicalType[http://hl7.org/fhir/ca/core/StructureDefinition/profile-organization], CanonicalType[http://hl7.org/fhir/ca/core/StructureDefinition/profile-patient], CanonicalType[http://hl7.org/fhir/StructureDefinition/RelatedPerson]]}
","Individual responsible for the annotation","The individual responsible for making the annotation.","Organization is used when there's no need for specific attribution as to who made the comment.","","","","","","","","",,,,,"",,,,"Annotation.author[x]",0,1,"","","PORX_IN060260CA/PORX_MT060340CA/combinedMedicationRequest/subjectOf3/COCT_MT120600CA/annotation/author/COCT_MT090107CA/assignedPerson/representedPerson/name","PORX_IN060260CA/PORX_MT060340CA/combinedMedicationRequest/subjectOf3/COCT_MT120600CA/annotation/author/COCT_MT090107CA/assignedPerson/representedPerson/name","PORX_IN060260CA/PORX_MT060340CA/combinedMedicationRequest/subjectOf3/COCT_MT120600CA/annotation/author/COCT_MT090107CA/assignedPerson/representedPerson/name","Act.participant[typeCode=AUT].role","N/A"
"MedicationRequest.note.time","","","",0,1,"","","Y","dateTime {[]} {[]}
","When the note was made","Indicates when this particular annotation was made.","","","","","","","","","",,,,,"",,,,"Annotation.time",0,1,"","","PORX_IN060260CA/PORX_MT060340CA/combinedMedicationRequest/subjectOf3/COCT_MT120600CA/annotation/author/time","PORX_IN060260CA/PORX_MT060340CA/combinedMedicationRequest/subjectOf3/COCT_MT120600CA/annotation/author/time","PORX_IN060260CA/PORX_MT060340CA/combinedMedicationRequest/subjectOf3/COCT_MT120600CA/annotation/author/time","Act.effectiveTime","N/A"
"MedicationRequest.note.text","","","",1,1,"","","Y","markdown {[]} {[]}
","The annotation - text content (as markdown)","The text of the annotation in markdown format.","","","","","","","","","",,,,,"",,,,"Annotation.text",1,1,"","","PORX_IN060260CA/PORX_MT060340CA/combinedMedicationRequest/subjectOf3/COCT_MT120600CA/annotation/text","PORX_IN060260CA/PORX_MT060340CA/combinedMedicationRequest/subjectOf3/COCT_MT120600CA/annotation/text","PORX_IN060260CA/PORX_MT060340CA/combinedMedicationRequest/subjectOf3/COCT_MT120600CA/annotation/text","Act.text","N/A"
"MedicationRequest.dosageInstruction","","","",0,*,"Y","","","Dosage {[]} {[]}
","How the medication should be taken","Indicates how the medication is to be used by the patient.","There are examples where a medication request may include the option of an oral dose or an Intravenous or Intramuscular dose.  For example, ""Ondansetron 8mg orally or IV twice a day as needed for nausea"" or ""Compazine® (prochlorperazine) 5-10mg PO or 25mg PR bid prn nausea or vomiting"".  In these cases, two medication requests would be created that could be grouped together.  The decision on which dose and route of administration to use is based on the patient's condition at the time the dose is needed.","","","","","","","","",,,,,"",,,,"MedicationRequest.dosageInstruction",0,*,"","","Request.occurrence[x]","see dosageInstruction mapping"
"MedicationRequest.dosageInstruction.id","","","",0,1,"","","","string {[]} {[]}
","Unique id for inter-element referencing","Unique id for the element within a resource (for internal references). This may be any string value that does not contain spaces.","","","","","","","","","",,,,,"",,,,"Element.id",0,1,"","","n/a"
"MedicationRequest.dosageInstruction.extension","","extensions
user content","",0,*,"","","","Extension {[]} {[]}
","Additional content defined by implementations","May be used to represent additional information that is not part of the basic definition of the element. To make the use of extensions safe and manageable, there is a strict set of governance  applied to the definition and use of extensions. Though any implementer can define an extension, there is a set of requirements that SHALL be met as part of the definition of the extension.","There can be no stigma associated with the use of extensions by any application, project, or standard - regardless of the institution or jurisdiction that uses or defines the extensions.  The use of extensions is what allows the FHIR specification to retain a core level of simplicity for everyone.","","","","","","","","",,,,,"","value:url}
","Extensions are always sliced by (at least) url",,"open","Element.extension",0,*,"","","n/a"
"MedicationRequest.dosageInstruction.modifierExtension","","extensions
user contentmodifiers","",0,*,"","Y","Y","Extension {[]} {[]}
","Extensions that cannot be ignored even if unrecognized","May be used to represent additional information that is not part of the basic definition of the element and that modifies the understanding of the element in which it is contained and/or the understanding of the containing element's descendants. Usually modifier elements provide negation or qualification. To make the use of extensions safe and manageable, there is a strict set of governance applied to the definition and use of extensions. Though any implementer can define an extension, there is a set of requirements that SHALL be met as part of the definition of the extension. Applications processing a resource are required to check for modifier extensions.

Modifier extensions SHALL NOT change the meaning of any elements on Resource or DomainResource (including cannot change the meaning of modifierExtension itself).","There can be no stigma associated with the use of extensions by any application, project, or standard - regardless of the institution or jurisdiction that uses or defines the extensions.  The use of extensions is what allows the FHIR specification to retain a core level of simplicity for everyone.","Modifier extensions allow for extensions that *cannot* be safely ignored to be clearly distinguished from the vast majority of extensions which can be safely ignored.  This promotes interoperability by eliminating the need for implementers to prohibit the presence of extensions. For further information, see the [definition of modifier extensions](http://hl7.org/fhir/R4/extensibility.html#modifierExtension).","","","","","","","",,,,,"",,,,"BackboneElement.modifierExtension",0,*,"","","N/A"
"MedicationRequest.dosageInstruction.sequence","","","",0,1,"","","Y","integer {[]} {[]}
","The order of the dosage instructions","Indicates the order in which the dosage instructions should be applied or interpreted.","","If the sequence number of multiple Dosages is the same, then it is implied that the instructions are to be treated as concurrent.  If the sequence number is different, then the Dosages are intended to be sequential.","","","","","","","",,,,,"",,,,"Dosage.sequence",0,1,"","","PORX_IN060260CA/PORX_MT060340CA/combinedMedicationRequest/component1/PORX_MT980040CA/dosageInstruction/component2/sequenceNumber","PORX_IN060260CA/PORX_MT060340CA/combinedMedicationRequest/component1/PORX_MT980040CA/dosageInstruction/component2/sequenceNumber","PORX_IN020190CA/PORX_MT020070CA/medicationDispense/component2/PORX_MT980040CA/dosageInstruction/component2/sequenceNumber","PORX_IN060260CA/PORX_MT060340CA/combinedMedicationRequest/component1/PORX_MT980040CA/dosageInstruction/component2/sequenceNumber",".text","TQ1-1"
"MedicationRequest.dosageInstruction.text","","","",1,1,"Y","","Y","string {[]} {[]}
","Free text dosage instructions e.g. SIG","Free text dosage instructions e.g. SIG.","","Free text dosage instructions can be used for cases where the instructions are too complex to code.  The content of this attribute does not include the name or description of the medication. When coded instructions are present, the free text instructions may still be present for display to humans taking or administering the medication. It is expected that the text instructions will always be populated.  If the dosage.timing attribute is also populated, then the dosage.text should reflect the same information as the timing.  Additional information about administration or preparation of the medication should be included as text.","","","","","","","",,,,,"",,,,"Dosage.text",0,1,"","","PORX_IN060260CA/PORX_MT060340CA/combinedMedicationRequest/component1/PORX_MT980040CA/dosageInstruction/text","PORX_IN060260CA/PORX_MT060340CA/combinedMedicationRequest/component1/PORX_MT980040CA/dosageInstruction/text","PORX_IN020190CA/PORX_MT020070CA/medicationDispense/component2/PORX_MT980040CA/dosageInstruction/text","PORX_IN060260CA/PORX_MT060340CA/combinedMedicationRequest/component1/PORX_MT980040CA/dosageInstruction/text",".text","RXO-6; RXE-21"
"MedicationRequest.dosageInstruction.additionalInstruction","","","",0,*,"","","Y","CodeableConcept {[]} {[]}
","Supplemental instruction or warnings to the patient - e.g. ""with meals"", ""may cause drowsiness""","Supplemental instructions to the patient on how to take the medication  (e.g. ""with meals"" or""take half to one hour before food"") or warnings for the patient about the medication (e.g. ""may cause drowsiness"" or ""avoid exposure of skin to direct sunlight or sunlamps"").","Information about administration or preparation of the medication (e.g. ""infuse as rapidly as possibly via intraperitoneal port"" or ""immediately following drug x"") should be populated in dosage.text.","Additional instruction is intended to be coded, but where no code exists, the element could include text.  For example, ""Swallow with plenty of water"" which might or might not be coded.","","","","","","","",,"example","A coded concept identifying additional instructions such as ""take with water"" or ""avoid operating heavy machinery"".","http://hl7.org/fhir/ValueSet/additional-instruction-codes","",,,,"Dosage.additionalInstruction",0,*,"","",".text","RXO-7"
"MedicationRequest.dosageInstruction.patientInstruction","","","",0,1,"","","Y","string {[]} {[]}
","Patient or consumer oriented instructions","Instructions in terms that are understood by the patient or consumer.","","","","","","","","","",,,,,"",,,,"Dosage.patientInstruction",0,1,"","",".text","RXO-7"
"MedicationRequest.dosageInstruction.timing","","","",0,1,"","","Y","Timing {[]} {[]}
","When medication should be administered","When medication should be administered.","This attribute might not always be populated while the Dosage.text is expected to be populated.  If both are populated, then the Dosage.text should reflect the content of the Dosage.timing.","The timing schedule for giving the medication to the patient. This  data type allows many different expressions. For example: ""Every 8 hours""; ""Three times a day""; ""1/2 an hour before breakfast for 10 days from 23-Dec 2011:""; ""15 Oct 2013, 17 Oct 2013 and 1 Nov 2013"".  Sometimes, a rate can imply duration when expressed as total volume / duration (e.g.  500mL/2 hours implies a duration of 2 hours).  However, when rate doesn't imply duration (e.g. 250mL/hour), then the timing.repeat.duration is needed to convey the infuse over time period.","","","","","","","",,,,,"",,,,"Dosage.timing",0,1,"","","PORX_IN060260CA/PORX_MT060340CA/combinedMedicationRequest/component1/PORX_MT980040CA/dosageInstruction/effectiveTime","PORX_IN060260CA/PORX_MT060340CA/combinedMedicationRequest/component1/PORX_MT980040CA/dosageInstruction/effectiveTime","PORX_IN020190CA/PORX_MT020070CA/medicationDispense/component2/PORX_MT980040CA/dosageInstruction/effectiveTime","PORX_IN060260CA/PORX_MT060340CA/combinedMedicationRequest/component1/PORX_MT980040CA/dosageInstruction/effectiveTime",".effectiveTime"
"MedicationRequest.dosageInstruction.asNeeded[x]","","","",0,1,"","","Y","boolean {[]} {[]}
CodeableConcept {[]} {[]}","Take ""as needed"" (for x)","Indicates whether the Medication is only taken when needed within a specific dosing schedule (Boolean option), or it indicates the precondition for taking the Medication (CodeableConcept).","Can express ""as needed"" without a reason by setting the Boolean = True.  In this case the CodeableConcept is not populated.  Or you can express ""as needed"" with a reason by including the CodeableConcept.  In this case the Boolean is assumed to be True.  If you set the Boolean to False, then the dose is given according to the schedule and is not ""prn"" or ""as needed"".","","","","","","","","",,"example","A coded concept identifying the precondition that should be met or evaluated prior to consuming or administering a medication dose.  For example ""pain"", ""30 minutes prior to sexual intercourse"", ""on flare-up"" etc.","http://hl7.org/fhir/ValueSet/medication-as-needed-reason","",,,,"Dosage.asNeeded[x]",0,1,"","",".outboundRelationship[typeCode=PRCN].target[classCode=OBS, moodCode=EVN, code=""as needed""].value=boolean or codable concept","TQ1-9"
"MedicationRequest.dosageInstruction.site","","","",0,1,"","","Y","CodeableConcept {[]} {[]}
","Body site medication is administered to","Body site to administer to.","If the use case requires attributes from the BodySite resource (e.g. to identify and track separately) then use the standard extension [bodySite](http://hl7.org/fhir/R4/extension-bodysite.html).  May be a summary code, or a reference to a very precise definition of the location, or both.","A coded specification of the anatomic site where the medication first enters the body.","","","","","","","",,"preferred","v3 ActSite","http://terminology.hl7.org/ValueSet/v3-ActSite","",,,,"Dosage.site",0,1,"","","PORX_IN060260CA/PORX_MT060340CA/combinedMedicationRequest/component1/PORX_MT980040CA/dosageInstruction/approachSiteCode","PORX_IN060260CA/PORX_MT060340CA/combinedMedicationRequest/component1/PORX_MT980040CA/dosageInstruction/approachSiteCode","PORX_IN020190CA/PORX_MT020070CA/medicationDispense/component2/PORX_MT980040CA/dosageInstruction/approachSiteCode","PORX_IN060260CA/PORX_MT060340CA/combinedMedicationRequest/component1/PORX_MT980040CA/dosageInstruction/approachSiteCode",".approachSiteCode","RXR-2"
"MedicationRequest.dosageInstruction.route","","","",0,1,"","","Y","CodeableConcept {[]} {[]}
","How medication should enter the body","How drug should enter body.","","A code specifying the route or physiological path of administration of a therapeutic agent into or onto a patient's body.","","","","","","","",,"preferred","v3 Route of Administration","http://terminology.hl7.org/ValueSet/v3-RouteOfAdministration","",,,,"Dosage.route",0,1,"","","PORX_IN060260CA/PORX_MT060340CA/combinedMedicationRequest/component1/PORX_MT980040CA/dosageInstruction/routeCode","PORX_IN060260CA/PORX_MT060340CA/combinedMedicationRequest/component1/PORX_MT980040CA/dosageInstruction/routeCode","PORX_IN020190CA/PORX_MT020070CA/medicationDispense/component2/PORX_MT980040CA/dosageInstruction/routeCode","PORX_IN060260CA/PORX_MT060340CA/combinedMedicationRequest/component1/PORX_MT980040CA/dosageInstruction/routeCode",".routeCode","RXR-1"
"MedicationRequest.dosageInstruction.method","","","",0,1,"","","Y","CodeableConcept {[]} {[]}
","Technique for administering medication","Technique for administering medication.","Terminologies used often pre-coordinate this term with the route and or form of administration.","A coded value indicating the method by which the medication is introduced into or onto the body. Most commonly used for injections.  For examples, Slow Push; Deep IV.","","","","","","","",,"example","A coded concept describing the technique by which the medicine is administered.","http://hl7.org/fhir/ValueSet/administration-method-codes","",,,,"Dosage.method",0,1,"","",".doseQuantity","RXR-4"
"MedicationRequest.dosageInstruction.doseAndRate","","","",0,*,"","","Y","Element {[]} {[]}
","Amount of medication administered","The amount of medication administered.","","","","","","","","","",,,,,"",,,,"Dosage.doseAndRate",0,*,"","ele-1:All FHIR elements must have a @value or children {hasValue() or (children().count() > id.count())}
","TQ1-2"
"MedicationRequest.dosageInstruction.doseAndRate.id","","","",0,1,"","","","string {[]} {[]}
","Unique id for inter-element referencing","Unique id for the element within a resource (for internal references). This may be any string value that does not contain spaces.","","","","","","","","","",,,,,"",,,,"Element.id",0,1,"","","n/a"
"MedicationRequest.dosageInstruction.doseAndRate.extension","","extensions
user content","",0,*,"","","","Extension {[]} {[]}
","Additional content defined by implementations","May be used to represent additional information that is not part of the basic definition of the element. To make the use of extensions safe and manageable, there is a strict set of governance  applied to the definition and use of extensions. Though any implementer can define an extension, there is a set of requirements that SHALL be met as part of the definition of the extension.","There can be no stigma associated with the use of extensions by any application, project, or standard - regardless of the institution or jurisdiction that uses or defines the extensions.  The use of extensions is what allows the FHIR specification to retain a core level of simplicity for everyone.","","","","","","","","",,,,,"","value:url}
","Extensions are always sliced by (at least) url",,"open","Element.extension",0,*,"","","n/a"
"MedicationRequest.dosageInstruction.doseAndRate.type","","","",0,1,"","","Y","CodeableConcept {[]} {[]}
","The kind of dose or rate specified","The kind of dose or rate specified, for example, ordered or calculated.","","If the type is not populated, assume to be ""ordered"".","","","","","","","",,"example","The kind of dose or rate specified.","http://hl7.org/fhir/ValueSet/dose-rate-type","",,,,"Dosage.doseAndRate.type",0,1,"","","PORX_IN060260CA/PORX_MT060340CA/combinedMedicationRequest/component1/PORX_MT980040CA/dosageInstruction/code","PORX_IN060260CA/PORX_MT060340CA/combinedMedicationRequest/component1/PORX_MT980040CA/dosageInstruction/code","PORX_IN020190CA/PORX_MT020070CA/medicationDispense/component2/PORX_MT980040CA/dosageInstruction/code","PORX_IN060260CA/PORX_MT060340CA/combinedMedicationRequest/component1/PORX_MT980040CA/dosageInstruction/code","RXO-21; RXE-23"
"MedicationRequest.dosageInstruction.doseAndRate.doseRange","","","",0,1,"","","Y","Range {[]} {[]}
","Amount of medication per dose","Amount of medication per dose.","Implementor Note: The CeRX equivalent field only supports range formatting, when the dosage is for a single amount the specification recommends that the same value be used for low and high values.","The amount of therapeutic or other substance given at one administration event.","","","","","","","",,,,,"",,,,"Dosage.doseAndRate.dose[x]",0,1,"","","PORX_IN060260CA/PORX_MT060340CA/combinedMedicationRequest/component1/PORX_MT980040CA/dosageInstruction/component2/dosageLine/doseQuantity","PORX_IN060260CA/PORX_MT060340CA/combinedMedicationRequest/component1/PORX_MT980040CA/dosageInstruction/component2/dosageLine/doseQuantity","PORX_IN020190CA/PORX_MT020070CA/medicationDispense/component2/PORX_MT980040CA/dosageInstruction/component2/dosageLine/doseQuantity","PORX_IN060260CA/PORX_MT060340CA/combinedMedicationRequest/component1/PORX_MT980040CA/dosageInstruction/component2/dosageLine/doseQuantity",".doseQuantity","RXO-2, RXE-3"
"MedicationRequest.dosageInstruction.doseAndRate.rateRatio","","","",0,1,"","","Y","Ratio {[]} {[]}
","Amount of medication per unit of time","Amount of medication per unit of time.","It is possible to supply both a rate and a doseQuantity to provide full details about how the medication is to be administered and supplied. If the rate is intended to change over time, depending on local rules/regulations, each change should be captured as a new version of the MedicationRequest with an updated rate, or captured with a new MedicationRequest with the new rate.It is possible to specify a rate over time (for example, 100 ml/hour) using either the rateRatio and rateQuantity.  The rateQuantity approach requires systems to have the capability to parse UCUM grammer where ml/hour is included rather than a specific ratio where the time is specified as the denominator.  Where a rate such as 500ml over 2 hours is specified, the use of rateRatio may be more semantically correct than specifying using a rateQuantity of 250 mg/hour.","Identifies the speed with which the medication was or will be introduced into the patient. Typically the rate for an infusion e.g. 100 ml per 1 hour or 100 ml/hr.  May also be expressed as a rate per unit of time e.g. 500 ml per 2 hours.   Other examples: 200 mcg/min or 200 mcg/1 minute; 1 liter/8 hours.  Sometimes, a rate can imply duration when expressed as total volume / duration (e.g.  500mL/2 hours implies a duration of 2 hours).  However, when rate doesn't imply duration (e.g. 250mL/hour), then the timing.repeat.duration is needed to convey the infuse over time period.","","","","","","","",,,,,"",,,,"Dosage.doseAndRate.rate[x]",0,1,"","","PORX_IN060260CA/PORX_MT060340CA/combinedMedicationRequest/component1/PORX_MT980040CA/dosageInstruction/component2/dosageLine/rateQuantity","PORX_IN060260CA/PORX_MT060340CA/combinedMedicationRequest/component1/PORX_MT980040CA/dosageInstruction/component2/dosageLine/rateQuantity","PORX_IN020190CA/PORX_MT020070CA/medicationDispense/component2/PORX_MT980040CA/dosageInstruction/component2/dosageLine/rateQuantity","PORX_IN060260CA/PORX_MT060340CA/combinedMedicationRequest/component1/PORX_MT980040CA/dosageInstruction/component2/dosageLine/rateQuantity",".rateQuantity","RXE22, RXE23, RXE-24"
"MedicationRequest.dosageInstruction.maxDosePerPeriod","","","",0,1,"","","Y","Ratio {[]} {[]}
","Upper limit of medication per unit of time","Upper limit on medication per unit of time.","This is intended for use as an adjunct to the dosage when there is an upper cap.  For example ""2 tablets every 4 hours to a maximum of 8/day"".","The maximum total quantity of a therapeutic substance that may be administered to a subject over the period of time.  For example, 1000mg in 24 hours.","","","","","","","",,,,,"",,,,"Dosage.maxDosePerPeriod",0,1,"","","PORX_IN060260CA/PORX_MT060340CA/combinedMedicationRequest/component1/PORX_MT980040CA/dosageInstruction/maxDoseQuantity","PORX_IN060260CA/PORX_MT060340CA/combinedMedicationRequest/component1/PORX_MT980040CA/dosageInstruction/maxDoseQuantity","PORX_IN020190CA/PORX_MT020070CA/medicationDispense/component2/PORX_MT980040CA/dosageInstruction/maxDoseQuantity","PORX_IN060260CA/PORX_MT060340CA/combinedMedicationRequest/component1/PORX_MT980040CA/dosageInstruction/maxDoseQuantity",".maxDoseQuantity","RXO-23, RXE-19"
"MedicationRequest.dosageInstruction.maxDosePerAdministration","","","",0,1,"","","Y","Quantity {[CanonicalType[http://hl7.org/fhir/StructureDefinition/SimpleQuantity]]} {[]}
","Upper limit on medication per administration","Upper limit on medication per administration.","This is intended for use as an adjunct to the dosage when there is an upper cap.  For example, a body surface area related dose with a maximum amount, such as 1.5 mg/m2 (maximum 2 mg) IV over 5 – 10 minutes would have doseQuantity of 1.5 mg/m2 and maxDosePerAdministration of 2 mg.","The maximum total quantity of a therapeutic substance that may be administered to a subject per administration.","","","","","","","",,,,,"",,,,"Dosage.maxDosePerAdministration",0,1,"","","not supported"
"MedicationRequest.dosageInstruction.maxDosePerLifetime","","","",0,1,"","","Y","Quantity {[CanonicalType[http://hl7.org/fhir/StructureDefinition/SimpleQuantity]]} {[]}
","Upper limit on medication per lifetime of the patient","Upper limit on medication per lifetime of the patient.","","The maximum total quantity of a therapeutic substance that may be administered per lifetime of the subject.","","","","","","","",,,,,"",,,,"Dosage.maxDosePerLifetime",0,1,"","","not supported"
"MedicationRequest.dispenseRequest","","","",0,1,"Y","","","BackboneElement {[]} {[]}
","Medication supply authorization","Indicates the specific details for the dispense or medication supply part of a medication request (also known as a Medication Prescription or Medication Order).  Note that this information is not always sent with the order.  There may be in some settings (e.g. hospitals) institutional or system support for completing the dispense details in the pharmacy department.","","","","","","","","","",,,,,"",,,,"MedicationRequest.dispenseRequest",0,1,"","ele-1:All FHIR elements must have a @value or children {hasValue() or (children().count() > id.count())}
","Message/Body/NewRx/MedicationPrescribed/ExpirationDate","component.supplyEvent"
"MedicationRequest.dispenseRequest.id","","","",0,1,"","","","string {[]} {[]}
","Unique id for inter-element referencing","Unique id for the element within a resource (for internal references). This may be any string value that does not contain spaces.","","","","","","","","","",,,,,"",,,,"Element.id",0,1,"","","n/a"
"MedicationRequest.dispenseRequest.extension","","extensions
user content","",0,*,"","","","Extension {[]} {[]}
","Additional content defined by implementations","May be used to represent additional information that is not part of the basic definition of the element. To make the use of extensions safe and manageable, there is a strict set of governance  applied to the definition and use of extensions. Though any implementer can define an extension, there is a set of requirements that SHALL be met as part of the definition of the extension.","There can be no stigma associated with the use of extensions by any application, project, or standard - regardless of the institution or jurisdiction that uses or defines the extensions.  The use of extensions is what allows the FHIR specification to retain a core level of simplicity for everyone.","","","","","","","","",,,,,"",,,,"Element.extension",0,*,"","","n/a"
"MedicationRequest.dispenseRequest.modifierExtension","","extensions
user contentmodifiers","",0,*,"","Y","Y","Extension {[]} {[]}
","Extensions that cannot be ignored even if unrecognized","May be used to represent additional information that is not part of the basic definition of the element and that modifies the understanding of the element in which it is contained and/or the understanding of the containing element's descendants. Usually modifier elements provide negation or qualification. To make the use of extensions safe and manageable, there is a strict set of governance applied to the definition and use of extensions. Though any implementer can define an extension, there is a set of requirements that SHALL be met as part of the definition of the extension. Applications processing a resource are required to check for modifier extensions.

Modifier extensions SHALL NOT change the meaning of any elements on Resource or DomainResource (including cannot change the meaning of modifierExtension itself).","There can be no stigma associated with the use of extensions by any application, project, or standard - regardless of the institution or jurisdiction that uses or defines the extensions.  The use of extensions is what allows the FHIR specification to retain a core level of simplicity for everyone.","Modifier extensions allow for extensions that *cannot* be safely ignored to be clearly distinguished from the vast majority of extensions which can be safely ignored.  This promotes interoperability by eliminating the need for implementers to prohibit the presence of extensions. For further information, see the [definition of modifier extensions](http://hl7.org/fhir/R4/extensibility.html#modifierExtension).","","","","","","","",,,,,"",,,,"BackboneElement.modifierExtension",0,*,"","","N/A"
"MedicationRequest.dispenseRequest.initialFill","","","",0,1,"","","","BackboneElement {[]} {[]}
","First fill details","Indicates the quantity or duration for the first dispense of the medication.","If populating this element, either the quantity or the duration must be included.","","","","","","","","",,,,,"",,,,"MedicationRequest.dispenseRequest.initialFill",0,1,"","ele-1:All FHIR elements must have a @value or children {hasValue() or (children().count() > id.count())}
","SubstanceAdministration -> ActRelationship[sequenceNumber = '1'] -> Supply"
"MedicationRequest.dispenseRequest.initialFill.id","","","",0,1,"","","","string {[]} {[]}
","Unique id for inter-element referencing","Unique id for the element within a resource (for internal references). This may be any string value that does not contain spaces.","","","","","","","","","",,,,,"",,,,"Element.id",0,1,"","","n/a"
"MedicationRequest.dispenseRequest.initialFill.extension","","extensions
user content","",0,*,"","","","Extension {[]} {[]}
","Additional content defined by implementations","May be used to represent additional information that is not part of the basic definition of the element. To make the use of extensions safe and manageable, there is a strict set of governance  applied to the definition and use of extensions. Though any implementer can define an extension, there is a set of requirements that SHALL be met as part of the definition of the extension.","There can be no stigma associated with the use of extensions by any application, project, or standard - regardless of the institution or jurisdiction that uses or defines the extensions.  The use of extensions is what allows the FHIR specification to retain a core level of simplicity for everyone.","","","","","","","","",,,,,"",,,,"Element.extension",0,*,"","","n/a"
"MedicationRequest.dispenseRequest.initialFill.modifierExtension","","extensions
user contentmodifiers","",0,*,"","Y","Y","Extension {[]} {[]}
","Extensions that cannot be ignored even if unrecognized","May be used to represent additional information that is not part of the basic definition of the element and that modifies the understanding of the element in which it is contained and/or the understanding of the containing element's descendants. Usually modifier elements provide negation or qualification. To make the use of extensions safe and manageable, there is a strict set of governance applied to the definition and use of extensions. Though any implementer can define an extension, there is a set of requirements that SHALL be met as part of the definition of the extension. Applications processing a resource are required to check for modifier extensions.

Modifier extensions SHALL NOT change the meaning of any elements on Resource or DomainResource (including cannot change the meaning of modifierExtension itself).","There can be no stigma associated with the use of extensions by any application, project, or standard - regardless of the institution or jurisdiction that uses or defines the extensions.  The use of extensions is what allows the FHIR specification to retain a core level of simplicity for everyone.","Modifier extensions allow for extensions that *cannot* be safely ignored to be clearly distinguished from the vast majority of extensions which can be safely ignored.  This promotes interoperability by eliminating the need for implementers to prohibit the presence of extensions. For further information, see the [definition of modifier extensions](http://hl7.org/fhir/R4/extensibility.html#modifierExtension).","","","","","","","",,,,,"",,,,"BackboneElement.modifierExtension",0,*,"","","N/A"
"MedicationRequest.dispenseRequest.initialFill.quantity","","","",0,1,"","","","Quantity {[CanonicalType[http://hl7.org/fhir/StructureDefinition/SimpleQuantity]]} {[]}
","First fill quantity","The amount or quantity to provide as part of the first dispense.","","","","","","","","","",,,,,"",,,,"MedicationRequest.dispenseRequest.initialFill.quantity",0,1,"","","Supply.quantity[moodCode=RQO]"
"MedicationRequest.dispenseRequest.initialFill.duration","","","",0,1,"","","","Duration {[]} {[]}
","First fill duration","The length of time that the first dispense is expected to last.","","","","","","","","","",,,,,"",,,,"MedicationRequest.dispenseRequest.initialFill.duration",0,1,"","","Supply.effectivetime[moodCode=RQO]"
"MedicationRequest.dispenseRequest.dispenseInterval","","","",0,1,"","","","Duration {[]} {[]}
","Minimum period of time between dispenses","The minimum period of time that must occur between dispenses of the medication.","","","","","","","","","",,,,,"",,,,"MedicationRequest.dispenseRequest.dispenseInterval",0,1,"","","PORX_IN060260CA/PORX_MT060340CA/combinedMedicationRequest/component3/supplyRequest/component/supplyRequestItem/component1/subsequentSupplyRequest/effectiveTime","PORX_IN060260CA/PORX_MT060340CA/combinedMedicationRequest/component3/supplyRequest/component/supplyRequestItem/component1/subsequentSupplyRequest/effectiveTime","PORX_IN060260CA/PORX_MT060340CA/combinedMedicationRequest/component3/supplyRequest/component/supplyRequestItem/component1/subsequentSupplyRequest/effectiveTime","Supply.effectivetime[moodCode=RQO]"
"MedicationRequest.dispenseRequest.validityPeriod","","","",0,1,"","","","Period {[]} {[]}
","Time period supply is authorized for","This indicates the validity period of a prescription (stale dating the Prescription).","It reflects the prescribers' perspective for the validity of the prescription. Dispenses must not be made against the prescription outside of this period. The lower-bound of the Dispensing Window signifies the earliest date that the prescription can be filled for the first time. If an upper-bound is not specified then the Prescription is open-ended or will default to a stale-date based on regulations.","Indicates when the Prescription becomes valid, and when it ceases to be a dispensable Prescription.","","","","","","","",,,,,"",,,,"MedicationRequest.dispenseRequest.validityPeriod",0,1,"","","PORX_IN060260CA/PORX_MT060340CA/combinedMedicationRequest/component3/supplyRequest/effectiveTime","PORX_IN060260CA/PORX_MT060340CA/combinedMedicationRequest/component3/supplyRequest/effectiveTime","PORX_IN060260CA/PORX_MT060340CA/combinedMedicationRequest/component3/supplyRequest/effectiveTime","Message/Body/NewRx/MedicationPrescribed/Refills","effectiveTime"
"MedicationRequest.dispenseRequest.numberOfRepeatsAllowed","","","",0,1,"Y","","","unsignedInt {[]} {[]}
","Number of refills authorized","An integer indicating the number of times, in addition to the original dispense, (aka refills or repeats) that the patient can receive the prescribed medication. Usage Notes: This integer does not include the original order dispense. This means that if an order indicates dispense 30 tablets plus ""3 repeats"", then the order can be dispensed a total of 4 times and the patient can receive a total of 120 tablets.  A prescriber may explicitly say that zero refills are permitted after the initial dispense.","If displaying ""number of authorized fills"", add 1 to this number.","","","","","","","","",,,,,"",,,,"MedicationRequest.dispenseRequest.numberOfRepeatsAllowed",0,1,"","","PORX_IN060260CA/PORX_MT060340CA/combinedMedicationRequest/component3/supplyRequest/component/supplyRequestItem/component1/subsequentSupplyRequest/repeatNumber","PORX_IN060260CA/PORX_MT060340CA/combinedMedicationRequest/component3/supplyRequest/component/supplyRequestItem/component1/subsequentSupplyRequest/repeatNumber","PORX_IN060260CA/PORX_MT060340CA/combinedMedicationRequest/component3/supplyRequest/component/supplyRequestItem/component1/subsequentSupplyRequest/repeatNumber","Message/Body/NewRx/MedicationPrescribed/Quantity","repeatNumber","RXE-12-Number of Refills"
"MedicationRequest.dispenseRequest.quantity","","","",0,1,"Y","","","Quantity {[CanonicalType[http://hl7.org/fhir/StructureDefinition/SimpleQuantity]]} {[]}
","Amount of medication to supply per dispense","The amount that is to be dispensed for one fill.","","","","","","","","","",,,,,"",,,,"MedicationRequest.dispenseRequest.quantity",0,1,"","","PORX_IN060260CA/PORX_MT060340CA/combinedMedicationRequest/component3/supplyRequest/component/supplyRequestItem/component1/subsequentSupplyRequest/quantity","PORX_IN060260CA/PORX_MT060340CA/combinedMedicationRequest/component3/supplyRequest/component/supplyRequestItem/component1/subsequentSupplyRequest/quantity","PORX_IN060260CA/PORX_MT060340CA/combinedMedicationRequest/component3/supplyRequest/component/supplyRequestItem/component1/subsequentSupplyRequest/quantity","Message/Body/NewRx/MedicationPrescribed/DaysSupply","quantity","RXD-4-Actual Dispense Amount / RXD-5.1-Actual Dispense Units.code / RXD-5.3-Actual Dispense Units.name of coding system"
"MedicationRequest.dispenseRequest.expectedSupplyDuration","","","",0,1,"Y","","","Duration {[]} {[]}
","Number of days supply per dispense","Identifies the period time over which the supplied product is expected to be used, or the length of time the dispense is expected to last.","In some situations, this attribute may be used instead of quantity to identify the amount supplied by how long it is expected to last, rather than the physical quantity issued, e.g. 90 days supply of medication (based on an ordered dosage). When possible, it is always better to specify quantity, as this tends to be more precise. expectedSupplyDuration will always be an estimate that can be influenced by external factors.","","","","","","","","",,,,,"",,,,"MedicationRequest.dispenseRequest.expectedSupplyDuration",0,1,"","","PORX_IN060260CA/PORX_MT060340CA/combinedMedicationRequest/component3/supplyRequest/component/supplyRequestItem/component1/subsequentSupplyRequest/expectedUseTime","PORX_IN060260CA/PORX_MT060340CA/combinedMedicationRequest/component3/supplyRequest/component/supplyRequestItem/component1/subsequentSupplyRequest/expectedUseTime","PORX_IN060260CA/PORX_MT060340CA/combinedMedicationRequest/component3/supplyRequest/component/supplyRequestItem/component1/subsequentSupplyRequest/expectedUseTime","Message/Body/NewRx/MedicationPrescribed/Substitutions","expectedUseTime"
"MedicationRequest.dispenseRequest.performer","","","",0,1,"","","","Reference {[]} {[CanonicalType[http://hl7.org/fhir/ca/core/StructureDefinition/profile-organization]]}
","Intended dispenser","Indicates the intended dispensing Organization specified by the prescriber.","SME Note: This element would indicate where the prescriber expects the prescription to be dispensed. 
Sometimes useful for the clinician and patient to know, but should be confirmed with end-users.","","","","","","","","",,,,,"",,,,"MedicationRequest.dispenseRequest.performer",0,1,"","","PORX_IN060260CA/PORX_MT060340CA/combinedMedicationRequest/component3/supplyRequest/location/COCT_MT240003CA/serviceDeliveryLocation/id","PORX_IN060260CA/PORX_MT060340CA/combinedMedicationRequest/component3/supplyRequest/location/COCT_MT240003CA/serviceDeliveryLocation/id","PORX_IN060260CA/PORX_MT060340CA/combinedMedicationRequest/component3/supplyRequest/location/COCT_MT240003CA/serviceDeliveryLocation/id",".outboundRelationship[typeCode=COMP].target[classCode=SPLY, moodCode=RQO] .participation[typeCode=PRF].role[scoper.determinerCode=INSTANCE]","FiveWs.who"
"MedicationRequest.substitution","","","",0,1,"","","","BackboneElement {[]} {[]}
","Any restrictions on medication substitution","Indicates whether or not substitution can or should be part of the dispense. In some cases, substitution must happen, in other cases substitution must not happen. This block explains the prescriber's intent. If nothing is specified substitution may be done.","","","","","","","","","",,,,,"",,,,"MedicationRequest.substitution",0,1,"","ele-1:All FHIR elements must have a @value or children {hasValue() or (children().count() > id.count())}
","PORX_IN060260CA/PORX_MT060340CA/combinedMedicationRequest/subjectOf5/substitutionPermission/code","PORX_IN060260CA/PORX_MT060340CA/combinedMedicationRequest/subjectOf5/substitutionPermission/code","PORX_IN060260CA/PORX_MT060340CA/combinedMedicationRequest/subjectOf5/substitutionPermission/code","specific values within Message/Body/NewRx/MedicationPrescribed/Substitutions","subjectOf.substitutionPersmission"
"MedicationRequest.substitution.id","","","",0,1,"","","","string {[]} {[]}
","Unique id for inter-element referencing","Unique id for the element within a resource (for internal references). This may be any string value that does not contain spaces.","","","","","","","","","",,,,,"",,,,"Element.id",0,1,"","","n/a"
"MedicationRequest.substitution.extension","","extensions
user content","",0,*,"","","","Extension {[]} {[]}
","Additional content defined by implementations","May be used to represent additional information that is not part of the basic definition of the element. To make the use of extensions safe and manageable, there is a strict set of governance  applied to the definition and use of extensions. Though any implementer can define an extension, there is a set of requirements that SHALL be met as part of the definition of the extension.","There can be no stigma associated with the use of extensions by any application, project, or standard - regardless of the institution or jurisdiction that uses or defines the extensions.  The use of extensions is what allows the FHIR specification to retain a core level of simplicity for everyone.","","","","","","","","",,,,,"",,,,"Element.extension",0,*,"","","n/a"
"MedicationRequest.substitution.modifierExtension","","extensions
user contentmodifiers","",0,*,"","Y","Y","Extension {[]} {[]}
","Extensions that cannot be ignored even if unrecognized","May be used to represent additional information that is not part of the basic definition of the element and that modifies the understanding of the element in which it is contained and/or the understanding of the containing element's descendants. Usually modifier elements provide negation or qualification. To make the use of extensions safe and manageable, there is a strict set of governance applied to the definition and use of extensions. Though any implementer can define an extension, there is a set of requirements that SHALL be met as part of the definition of the extension. Applications processing a resource are required to check for modifier extensions.

Modifier extensions SHALL NOT change the meaning of any elements on Resource or DomainResource (including cannot change the meaning of modifierExtension itself).","There can be no stigma associated with the use of extensions by any application, project, or standard - regardless of the institution or jurisdiction that uses or defines the extensions.  The use of extensions is what allows the FHIR specification to retain a core level of simplicity for everyone.","Modifier extensions allow for extensions that *cannot* be safely ignored to be clearly distinguished from the vast majority of extensions which can be safely ignored.  This promotes interoperability by eliminating the need for implementers to prohibit the presence of extensions. For further information, see the [definition of modifier extensions](http://hl7.org/fhir/R4/extensibility.html#modifierExtension).","","","","","","","",,,,,"",,,,"BackboneElement.modifierExtension",0,*,"","","N/A"
"MedicationRequest.substitution.allowed[x]","","","",1,1,"","","","boolean {[]} {[]}
CodeableConcept {[]} {[]}","Whether substitution is allowed or not","True if the prescriber allows a different drug to be dispensed from what was prescribed.","Mapping Note: CeRX has two ways of expressing substitution permission. If it's not allowed, a boolean ""false"" response for negationInd will be present. If it is allowed substitutionPermission.code will default to ""G"" which is a codeableconcept ties to the Act Code System.","","","","","","","","",,"example","v3 Act Substance Admin Substitution Code","http://terminology.hl7.org/ValueSet/v3-ActSubstanceAdminSubstitutionCode","",,,,"MedicationRequest.substitution.allowed[x]",1,1,"","","PORX_IN060260CA/PORX_MT060340CA/combinedMedicationRequest/subjectOf5/substitutionPermission/code OR PORX_IN060260CA/PORX_MT060340CA/combinedMedicationRequest/subjectOf5/substitutionPermission/negationInd","PORX_IN060260CA/PORX_MT060340CA/combinedMedicationRequest/subjectOf5/substitutionPermission/code OR PORX_IN060260CA/PORX_MT060340CA/combinedMedicationRequest/subjectOf5/substitutionPermission/negationInd","PORX_IN060260CA/PORX_MT060340CA/combinedMedicationRequest/subjectOf5/substitutionPermission/code OR PORX_IN060260CA/PORX_MT060340CA/combinedMedicationRequest/subjectOf5/substitutionPermission/negationInd","specific values within Message/Body/NewRx/MedicationPrescribed/Substitutions","code","RXO-9-Allow Substitutions / RXE-9-Substitution Status"
"MedicationRequest.substitution.reason","","","",0,1,"","","","CodeableConcept {[]} {[]}
","Why should (should not) substitution be made","Indicates the reason for the substitution, or why substitution must or must not be performed.","","","","","","","","","",,"preferred","v3 Act Reason","http://terminology.hl7.org/CodeSystem/v3-ActReason","",,,,"MedicationRequest.substitution.reason",0,1,"","","PORX_IN060260CA/PORX_MT060340CA/combinedMedicationRequest/subjectOf5/substitutionPermission/reasonCode OR PORX_IN060260CA/PORX_MT060340CA/combinedMedicationRequest/fulfillment1/medicationDispense/component2/substitutionMade/reasonCode","PORX_IN060260CA/PORX_MT060340CA/combinedMedicationRequest/subjectOf5/substitutionPermission/reasonCode OR PORX_IN060260CA/PORX_MT060340CA/combinedMedicationRequest/fulfillment1/medicationDispense/component2/substitutionMade/reasonCode","PORX_IN060260CA/PORX_MT060340CA/combinedMedicationRequest/subjectOf5/substitutionPermission/reasonCode OR PORX_IN060260CA/PORX_MT060340CA/combinedMedicationRequest/fulfillment1/medicationDispense/component2/substitutionMade/reasonCode","not mapped","reasonCode","RXE-9 Substition status"
"MedicationRequest.priorPrescription","","","",0,1,"","","","Reference {[]} {[CanonicalType[http://infoway-inforoute.ca/fhir/StructureDefinition/access-medicationRequest-clin]]}
","An order/prescription that is being replaced","A link to a resource representing an earlier order related order or prescription.","","","","","","","","","",,,,,"",,,,"MedicationRequest.priorPrescription",0,1,"","","PORX_IN060260CA/PORX_MT060340CA/combinedMedicationRequest/predecessor/priorCombinedMedicationRequest/id","PORX_IN060260CA/PORX_MT060340CA/combinedMedicationRequest/predecessor/priorCombinedMedicationRequest/id","PORX_IN060260CA/PORX_MT060340CA/combinedMedicationRequest/predecessor/priorCombinedMedicationRequest/id","Request.replaces","not mapped",".outboundRelationship[typeCode=?RPLC or ?SUCC]/target[classCode=SBADM,moodCode=RQO]"
"MedicationRequest.detectedIssue","","Contraindication
Drug Utilization Review (DUR)Alert","",0,*,"","","","Reference {[]} {[CanonicalType[http://hl7.org/fhir/StructureDefinition/DetectedIssue]]}
","Clinical Issue with the action","Indicates an actual or potential clinical issue with or between one or more active or proposed clinical actions for a patient; e.g. Drug-drug interaction, duplicate therapy, dosage alert etc.","This element can include a detected issue that has been identified either by a decision support system or by a clinician and may include information on the steps that were taken to address the issue.","","","","","","","","",,,,,"",,,,"MedicationRequest.detectedIssue",0,*,"","","PORX_IN060260CA/PORX_MT060340CA/combinedMedicationRequest/subjectOf1/PORX_MT980030CA/detectedIssueEvent OR PORX_IN060260CA/PORX_MT060340CA/combinedMedicationRequest/fullfillment1/medicationDispense/subjectOf4/PORX_MT980030CA/detectedIssueEvent","PORX_IN060260CA/PORX_MT060340CA/combinedMedicationRequest/subjectOf1/PORX_MT980030CA/detectedIssueEvent OR PORX_IN060260CA/PORX_MT060340CA/combinedMedicationRequest/fullfillment1/medicationDispense/subjectOf4/PORX_MT980030CA/detectedIssueEvent","PORX_IN060260CA/PORX_MT060340CA/combinedMedicationRequest/subjectOf1/PORX_MT980030CA/detectedIssueEvent OR PORX_IN060260CA/PORX_MT060340CA/combinedMedicationRequest/fullfillment1/medicationDispense/subjectOf4/PORX_MT980030CA/detectedIssueEvent",".inboundRelationship[typeCode=SUBJ]/source[classCode=ALRT,moodCode=EVN].value"
"MedicationRequest.eventHistory","","","",0,*,"","","","Reference {[]} {[CanonicalType[http://hl7.org/fhir/StructureDefinition/Provenance]]}
","A list of events of interest in the lifecycle","Links to Provenance records for past versions of this resource or fulfilling request or event resources that identify key state transitions or updates that are likely to be relevant to a user looking at the current version of the resource.","This might not include provenances for all versions of the request – only those deemed “relevant” or important. This SHALL NOT include the provenance associated with this current version of the resource. (If that provenance is deemed to be a “relevant” change, it will need to be added as part of a later update. Until then, it can be queried directly as the provenance that points to this version using _revinclude All Provenances should have some historical version of this Request as their subject.).","","","","","","","","",,,,,"",,,,"MedicationRequest.eventHistory",0,*,"","","PORX_IN060260CA/PORX_MT060340CA/combinedMedicationRequest/subjectOf4/controlActEvent OR PORX_IN060260CA/PORX_MT060340CA/combinedMedicationRequest/predecessor/priorCombinedMedicationRequest/id","PORX_IN060260CA/PORX_MT060340CA/combinedMedicationRequest/subjectOf4/controlActEvent OR PORX_IN060260CA/PORX_MT060340CA/combinedMedicationRequest/predecessor/priorCombinedMedicationRequest/id","PORX_IN060260CA/PORX_MT060340CA/combinedMedicationRequest/subjectOf4/controlActEvent OR PORX_IN060260CA/PORX_MT060340CA/combinedMedicationRequest/predecessor/priorCombinedMedicationRequest/id","Request.relevantHistory",".inboundRelationship(typeCode=SUBJ].source[classCode=CACT, moodCode=EVN]"
