{"resourceType":"StructureDefinition","id":"access-medicationstatement-clin","text":{"status":"generated","div":"<div xmlns=\"http://www.w3.org/1999/xhtml\"><table border=\"0\" cellpadding=\"0\" cellspacing=\"0\" style=\"border: 0px #F0F0F0 solid; font-size: 11px; font-family: verdana; vertical-align: top;\"><tr style=\"border: 1px #F0F0F0 solid; font-size: 11px; font-family: verdana; vertical-align: top;\"><th style=\"vertical-align: top; text-align : left; background-color: white; border: 0px #F0F0F0 solid; padding:0px 4px 0px 4px\" class=\"hierarchy\"><a href=\"http://hl7.org/fhir/R4/formats.html#table\" title=\"The logical name of the element\">Name</a></th><th style=\"vertical-align: top; text-align : left; background-color: white; border: 0px #F0F0F0 solid; padding:0px 4px 0px 4px\" class=\"hierarchy\"><a href=\"http://hl7.org/fhir/R4/formats.html#table\" title=\"Information about the use of the element\">Flags</a></th><th style=\"vertical-align: top; text-align : left; background-color: white; border: 0px #F0F0F0 solid; padding:0px 4px 0px 4px\" class=\"hierarchy\"><a href=\"http://hl7.org/fhir/R4/formats.html#table\" title=\"Minimum and Maximum # of times the the element can appear in the instance\">Card.</a></th><th style=\"width: 100px\" class=\"hierarchy\"><a href=\"http://hl7.org/fhir/R4/formats.html#table\" title=\"Reference to the type of the element\">Type</a></th><th style=\"vertical-align: top; text-align : left; background-color: white; border: 0px #F0F0F0 solid; padding:0px 4px 0px 4px\" class=\"hierarchy\"><a href=\"http://hl7.org/fhir/R4/formats.html#table\" title=\"Additional information about the element\">Description &amp; Constraints</a><span style=\"float: right\"><a href=\"http://hl7.org/fhir/R4/formats.html#table\" title=\"Legend for this format\"><img src=\"http://hl7.org/fhir/R4/help16.png\" alt=\"doco\" style=\"background-color: inherit\"/></a></span></th></tr><tr style=\"border: 0px #F0F0F0 solid; padding:0px; vertical-align: top; background-color: white;\"><td style=\"vertical-align: top; text-align : left; background-color: white; border: 0px #F0F0F0 solid; padding:0px 4px 0px 4px; white-space: nowrap; background-image: url(tbl_bck1.png)\" class=\"hierarchy\"><img src=\"tbl_spacer.png\" alt=\".\" style=\"background-color: inherit\" class=\"hierarchy\"/><img src=\"icon_element.gif\" alt=\".\" style=\"background-color: white; background-color: inherit\" title=\"Element\" class=\"hierarchy\"/> <a href=\"{{[id]}}-definitions.html#MedicationStatement\">MedicationStatement</a><a name=\"MedicationStatement\"> </a></td><td style=\"vertical-align: top; text-align : left; background-color: white; border: 0px #F0F0F0 solid; padding:0px 4px 0px 4px\" class=\"hierarchy\"/><td style=\"vertical-align: top; text-align : left; background-color: white; border: 0px #F0F0F0 solid; padding:0px 4px 0px 4px\" class=\"hierarchy\"/><td style=\"vertical-align: top; text-align : left; background-color: white; border: 0px #F0F0F0 solid; padding:0px 4px 0px 4px\" class=\"hierarchy\"/><td style=\"vertical-align: top; text-align : left; background-color: white; border: 0px #F0F0F0 solid; padding:0px 4px 0px 4px\" class=\"hierarchy\">ACCESS MedicationStatement (Clinician) Profile</td></tr>\r\n<tr style=\"border: 0px #F0F0F0 solid; padding:0px; vertical-align: top; background-color: white;\"><td style=\"vertical-align: top; text-align : left; background-color: white; border: 0px #F0F0F0 solid; padding:0px 4px 0px 4px; white-space: nowrap; background-image: url(tbl_bck10.png)\" class=\"hierarchy\"><img src=\"tbl_spacer.png\" alt=\".\" style=\"background-color: inherit\" class=\"hierarchy\"/><img src=\"tbl_vjoin.png\" alt=\".\" style=\"background-color: inherit\" class=\"hierarchy\"/><img src=\"icon_datatype.gif\" alt=\".\" style=\"background-color: white; background-color: inherit\" title=\"Data Type\" class=\"hierarchy\"/> <a href=\"{{[id]}}-definitions.html#MedicationStatement.identifier\">identifier</a><a name=\"MedicationStatement.identifier\"> </a></td><td style=\"vertical-align: top; text-align : left; background-color: white; border: 0px #F0F0F0 solid; padding:0px 4px 0px 4px\" class=\"hierarchy\"/><td style=\"vertical-align: top; text-align : left; background-color: white; border: 0px #F0F0F0 solid; padding:0px 4px 0px 4px\" class=\"hierarchy\"/><td style=\"vertical-align: top; text-align : left; background-color: white; border: 0px #F0F0F0 solid; padding:0px 4px 0px 4px\" class=\"hierarchy\"><a href=\"http://hl7.org/fhir/R4/datatypes.html#Identifier\">Identifier</a></td><td style=\"vertical-align: top; text-align : left; background-color: white; border: 0px #F0F0F0 solid; padding:0px 4px 0px 4px\" class=\"hierarchy\">External identifier</td></tr>\r\n<tr style=\"border: 0px #F0F0F0 solid; padding:0px; vertical-align: top; background-color: white;\"><td style=\"vertical-align: top; text-align : left; background-color: white; border: 0px #F0F0F0 solid; padding:0px 4px 0px 4px; white-space: nowrap; background-image: url(tbl_bck10.png)\" class=\"hierarchy\"><img src=\"tbl_spacer.png\" alt=\".\" style=\"background-color: inherit\" class=\"hierarchy\"/><img src=\"tbl_vjoin.png\" alt=\".\" style=\"background-color: inherit\" class=\"hierarchy\"/><img src=\"icon_primitive.png\" alt=\".\" style=\"background-color: white; background-color: inherit\" title=\"Primitive Data Type\" class=\"hierarchy\"/> <a href=\"{{[id]}}-definitions.html#MedicationStatement.status\">status</a><a name=\"MedicationStatement.status\"> </a></td><td style=\"vertical-align: top; text-align : left; background-color: white; border: 0px #F0F0F0 solid; padding:0px 4px 0px 4px\" class=\"hierarchy\"><span style=\"padding-left: 3px; padding-right: 3px; color: white; background-color: red\" title=\"This element must be supported\">S</span></td><td style=\"vertical-align: top; text-align : left; background-color: white; border: 0px #F0F0F0 solid; padding:0px 4px 0px 4px\" class=\"hierarchy\"/><td style=\"vertical-align: top; text-align : left; background-color: white; border: 0px #F0F0F0 solid; padding:0px 4px 0px 4px\" class=\"hierarchy\"><a href=\"http://hl7.org/fhir/R4/datatypes.html#code\">code</a></td><td style=\"vertical-align: top; text-align : left; background-color: white; border: 0px #F0F0F0 solid; padding:0px 4px 0px 4px\" class=\"hierarchy\">active | completed | entered-in-error | intended | stopped | on-hold | unknown | not-taken | normal | aborted | cancelled  | held | new | suspended | nullified | obsolete<br/><span style=\"font-weight:bold\">Binding: </span><a href=\"http://hl7.org/fhir/R4/valueset-medication-statement-status.html\">Medication Status Codes</a> (<a href=\"http://hl7.org/fhir/R4/terminologies.html#required\" title=\"To be conformant, the concept in this element SHALL be from the specified value set.\">required</a>)<br/><span style=\"font-weight:bold\">Example General': </span><span style=\"color: darkgreen\">ACTIVE</span></td></tr>\r\n<tr style=\"border: 0px #F0F0F0 solid; padding:0px; vertical-align: top; background-color: white;\"><td style=\"vertical-align: top; text-align : left; background-color: white; border: 0px #F0F0F0 solid; padding:0px 4px 0px 4px; white-space: nowrap; background-image: url(tbl_bck10.png)\" class=\"hierarchy\"><img src=\"tbl_spacer.png\" alt=\".\" style=\"background-color: inherit\" class=\"hierarchy\"/><img src=\"tbl_vjoin.png\" alt=\".\" style=\"background-color: inherit\" class=\"hierarchy\"/><img src=\"icon_choice.gif\" alt=\".\" style=\"background-color: white; background-color: inherit\" title=\"Choice of Types\" class=\"hierarchy\"/> <a href=\"{{[id]}}-definitions.html#MedicationStatement.medication[x]\">medication[x]</a><a name=\"MedicationStatement.medication_x_\"> </a></td><td style=\"vertical-align: top; text-align : left; background-color: white; border: 0px #F0F0F0 solid; padding:0px 4px 0px 4px\" class=\"hierarchy\"><span style=\"padding-left: 3px; padding-right: 3px; color: white; background-color: red\" title=\"This element must be supported\">S</span></td><td style=\"vertical-align: top; text-align : left; background-color: white; border: 0px #F0F0F0 solid; padding:0px 4px 0px 4px\" class=\"hierarchy\"/><td style=\"vertical-align: top; text-align : left; background-color: white; border: 0px #F0F0F0 solid; padding:0px 4px 0px 4px\" class=\"hierarchy\"><a href=\"http://hl7.org/fhir/R4/datatypes.html#CodeableConcept\">CodeableConcept</a>, <a href=\"http://hl7.org/fhir/R4/references.html\">Reference</a>(http://hl7.org/fhir/ca/core/StructureDefinition/profile-medication)</td><td style=\"vertical-align: top; text-align : left; background-color: white; border: 0px #F0F0F0 solid; padding:0px 4px 0px 4px\" class=\"hierarchy\">What medication was taken<br/><span style=\"font-weight:bold\">Binding: </span><a href=\"https://fhir.infoway-inforoute.ca/ValueSet/prescriptionmedicinalproduct\">https://fhir.infoway-inforoute.ca/ValueSet/prescriptionmedicinalproduct</a> (<a href=\"http://hl7.org/fhir/R4/terminologies.html#preferred\" title=\"Instances are encouraged to draw from the specified codes for interoperability purposes but are not required to do so to be considered conformant.\">preferred</a>)</td></tr>\r\n<tr style=\"border: 0px #F0F0F0 solid; padding:0px; vertical-align: top; background-color: white;\"><td style=\"vertical-align: top; text-align : left; background-color: white; border: 0px #F0F0F0 solid; padding:0px 4px 0px 4px; white-space: nowrap; background-image: url(tbl_bck10.png)\" class=\"hierarchy\"><img src=\"tbl_spacer.png\" alt=\".\" style=\"background-color: inherit\" class=\"hierarchy\"/><img src=\"tbl_vjoin.png\" alt=\".\" style=\"background-color: inherit\" class=\"hierarchy\"/><img src=\"icon_reference.png\" alt=\".\" style=\"background-color: white; background-color: inherit\" title=\"Reference to another Resource\" class=\"hierarchy\"/> <a href=\"{{[id]}}-definitions.html#MedicationStatement.subject\">subject</a><a name=\"MedicationStatement.subject\"> </a></td><td style=\"vertical-align: top; text-align : left; background-color: white; border: 0px #F0F0F0 solid; padding:0px 4px 0px 4px\" class=\"hierarchy\"><span style=\"padding-left: 3px; padding-right: 3px; color: white; background-color: red\" title=\"This element must be supported\">S</span></td><td style=\"vertical-align: top; text-align : left; background-color: white; border: 0px #F0F0F0 solid; padding:0px 4px 0px 4px\" class=\"hierarchy\"/><td style=\"vertical-align: top; text-align : left; background-color: white; border: 0px #F0F0F0 solid; padding:0px 4px 0px 4px\" class=\"hierarchy\"><a href=\"http://hl7.org/fhir/R4/references.html\">Reference</a>(http://hl7.org/fhir/ca/core/StructureDefinition/profile-patient)</td><td style=\"vertical-align: top; text-align : left; background-color: white; border: 0px #F0F0F0 solid; padding:0px 4px 0px 4px\" class=\"hierarchy\">Who is/was taking the medication</td></tr>\r\n<tr style=\"border: 0px #F0F0F0 solid; padding:0px; vertical-align: top; background-color: white;\"><td style=\"vertical-align: top; text-align : left; background-color: white; border: 0px #F0F0F0 solid; padding:0px 4px 0px 4px; white-space: nowrap; background-image: url(tbl_bck10.png)\" class=\"hierarchy\"><img src=\"tbl_spacer.png\" alt=\".\" style=\"background-color: inherit\" class=\"hierarchy\"/><img src=\"tbl_vjoin.png\" alt=\".\" style=\"background-color: inherit\" class=\"hierarchy\"/><img src=\"icon_choice.gif\" alt=\".\" style=\"background-color: white; background-color: inherit\" title=\"Choice of Types\" class=\"hierarchy\"/> <a href=\"{{[id]}}-definitions.html#MedicationStatement.effective[x]\">effective[x]</a><a name=\"MedicationStatement.effective_x_\"> </a></td><td style=\"vertical-align: top; text-align : left; background-color: white; border: 0px #F0F0F0 solid; padding:0px 4px 0px 4px\" class=\"hierarchy\"><span style=\"padding-left: 3px; padding-right: 3px; color: white; background-color: red\" title=\"This element must be supported\">S</span></td><td style=\"vertical-align: top; text-align : left; background-color: white; border: 0px #F0F0F0 solid; padding:0px 4px 0px 4px\" class=\"hierarchy\"/><td style=\"vertical-align: top; text-align : left; background-color: white; border: 0px #F0F0F0 solid; padding:0px 4px 0px 4px\" class=\"hierarchy\"><a href=\"http://hl7.org/fhir/R4/datatypes.html#dateTime\">dateTime</a>, <a href=\"http://hl7.org/fhir/R4/datatypes.html#Period\">Period</a></td><td style=\"vertical-align: top; text-align : left; background-color: white; border: 0px #F0F0F0 solid; padding:0px 4px 0px 4px\" class=\"hierarchy\">The date/time or intervel when the medication is/was/will be taken</td></tr>\r\n<tr style=\"border: 0px #F0F0F0 solid; padding:0px; vertical-align: top; background-color: white;\"><td style=\"vertical-align: top; text-align : left; background-color: white; border: 0px #F0F0F0 solid; padding:0px 4px 0px 4px; white-space: nowrap; background-image: url(tbl_bck10.png)\" class=\"hierarchy\"><img src=\"tbl_spacer.png\" alt=\".\" style=\"background-color: inherit\" class=\"hierarchy\"/><img src=\"tbl_vjoin.png\" alt=\".\" style=\"background-color: inherit\" class=\"hierarchy\"/><img src=\"icon_primitive.png\" alt=\".\" style=\"background-color: white; background-color: inherit\" title=\"Primitive Data Type\" class=\"hierarchy\"/> <a href=\"{{[id]}}-definitions.html#MedicationStatement.dateAsserted\">dateAsserted</a><a name=\"MedicationStatement.dateAsserted\"> </a></td><td style=\"vertical-align: top; text-align : left; background-color: white; border: 0px #F0F0F0 solid; padding:0px 4px 0px 4px\" class=\"hierarchy\"><span style=\"padding-left: 3px; padding-right: 3px; color: white; background-color: red\" title=\"This element must be supported\">S</span></td><td style=\"vertical-align: top; text-align : left; background-color: white; border: 0px #F0F0F0 solid; padding:0px 4px 0px 4px\" class=\"hierarchy\"/><td style=\"vertical-align: top; text-align : left; background-color: white; border: 0px #F0F0F0 solid; padding:0px 4px 0px 4px\" class=\"hierarchy\"><a href=\"http://hl7.org/fhir/R4/datatypes.html#dateTime\">dateTime</a></td><td style=\"vertical-align: top; text-align : left; background-color: white; border: 0px #F0F0F0 solid; padding:0px 4px 0px 4px\" class=\"hierarchy\">When the statement was asserted</td></tr>\r\n<tr style=\"border: 0px #F0F0F0 solid; padding:0px; vertical-align: top; background-color: white;\"><td style=\"vertical-align: top; text-align : left; background-color: white; border: 0px #F0F0F0 solid; padding:0px 4px 0px 4px; white-space: nowrap; background-image: url(tbl_bck10.png)\" class=\"hierarchy\"><img src=\"tbl_spacer.png\" alt=\".\" style=\"background-color: inherit\" class=\"hierarchy\"/><img src=\"tbl_vjoin.png\" alt=\".\" style=\"background-color: inherit\" class=\"hierarchy\"/><img src=\"icon_reference.png\" alt=\".\" style=\"background-color: white; background-color: inherit\" title=\"Reference to another Resource\" class=\"hierarchy\"/> <a href=\"{{[id]}}-definitions.html#MedicationStatement.informationSource\">informationSource</a><a name=\"MedicationStatement.informationSource\"> </a></td><td style=\"vertical-align: top; text-align : left; background-color: white; border: 0px #F0F0F0 solid; padding:0px 4px 0px 4px\" class=\"hierarchy\"><span style=\"padding-left: 3px; padding-right: 3px; color: white; background-color: red\" title=\"This element must be supported\">S</span></td><td style=\"vertical-align: top; text-align : left; background-color: white; border: 0px #F0F0F0 solid; padding:0px 4px 0px 4px\" class=\"hierarchy\"/><td style=\"vertical-align: top; text-align : left; background-color: white; border: 0px #F0F0F0 solid; padding:0px 4px 0px 4px\" class=\"hierarchy\"><a href=\"http://hl7.org/fhir/R4/references.html\">Reference</a>(<a href=\"http://hl7.org/fhir/R4/patient.html\">Patient</a> | <a href=\"http://hl7.org/fhir/R4/practitioner.html\">Practitioner</a> | <a href=\"http://hl7.org/fhir/R4/practitionerrole.html\">PractitionerRole</a> | <a href=\"http://hl7.org/fhir/R4/relatedperson.html\">RelatedPerson</a> | <a href=\"http://hl7.org/fhir/R4/organization.html\">Organization</a>)</td><td style=\"vertical-align: top; text-align : left; background-color: white; border: 0px #F0F0F0 solid; padding:0px 4px 0px 4px\" class=\"hierarchy\">Person or organization that provided the information about the taking of this medication</td></tr>\r\n<tr style=\"border: 0px #F0F0F0 solid; padding:0px; vertical-align: top; background-color: white;\"><td style=\"vertical-align: top; text-align : left; background-color: white; border: 0px #F0F0F0 solid; padding:0px 4px 0px 4px; white-space: nowrap; background-image: url(tbl_bck10.png)\" class=\"hierarchy\"><img src=\"tbl_spacer.png\" alt=\".\" style=\"background-color: inherit\" class=\"hierarchy\"/><img src=\"tbl_vjoin.png\" alt=\".\" style=\"background-color: inherit\" class=\"hierarchy\"/><img src=\"icon_datatype.gif\" alt=\".\" style=\"background-color: white; background-color: inherit\" title=\"Data Type\" class=\"hierarchy\"/> <a href=\"{{[id]}}-definitions.html#MedicationStatement.reasonCode\">reasonCode</a><a name=\"MedicationStatement.reasonCode\"> </a></td><td style=\"vertical-align: top; text-align : left; background-color: white; border: 0px #F0F0F0 solid; padding:0px 4px 0px 4px\" class=\"hierarchy\"><span style=\"padding-left: 3px; padding-right: 3px; color: white; background-color: red\" title=\"This element must be supported\">S</span></td><td style=\"vertical-align: top; text-align : left; background-color: white; border: 0px #F0F0F0 solid; padding:0px 4px 0px 4px\" class=\"hierarchy\"/><td style=\"vertical-align: top; text-align : left; background-color: white; border: 0px #F0F0F0 solid; padding:0px 4px 0px 4px\" class=\"hierarchy\"><a href=\"http://hl7.org/fhir/R4/datatypes.html#CodeableConcept\">CodeableConcept</a></td><td style=\"vertical-align: top; text-align : left; background-color: white; border: 0px #F0F0F0 solid; padding:0px 4px 0px 4px\" class=\"hierarchy\">Reason for why the medication is being/was taken<br/><span style=\"font-weight:bold\">Binding: </span><a href=\"http://hl7.org/fhir/R4/valueset-condition-code.html\">Condition/Problem/DiagnosisCodes</a> (<a href=\"http://hl7.org/fhir/R4/terminologies.html#example\" title=\"Instances are not expected or even encouraged to draw from the specified value set.  The value set merely provides examples of the types of concepts intended to be included.\">example</a>)</td></tr>\r\n<tr style=\"border: 0px #F0F0F0 solid; padding:0px; vertical-align: top; background-color: white;\"><td style=\"vertical-align: top; text-align : left; background-color: white; border: 0px #F0F0F0 solid; padding:0px 4px 0px 4px; white-space: nowrap; background-image: url(tbl_bck00.png)\" class=\"hierarchy\"><img src=\"tbl_spacer.png\" alt=\".\" style=\"background-color: inherit\" class=\"hierarchy\"/><img src=\"tbl_vjoin_end.png\" alt=\".\" style=\"background-color: inherit\" class=\"hierarchy\"/><img src=\"icon_datatype.gif\" alt=\".\" style=\"background-color: white; background-color: inherit\" title=\"Data Type\" class=\"hierarchy\"/> <a href=\"{{[id]}}-definitions.html#MedicationStatement.dosage\">dosage</a><a name=\"MedicationStatement.dosage\"> </a></td><td style=\"vertical-align: top; text-align : left; background-color: white; border: 0px #F0F0F0 solid; padding:0px 4px 0px 4px\" class=\"hierarchy\"/><td style=\"vertical-align: top; text-align : left; background-color: white; border: 0px #F0F0F0 solid; padding:0px 4px 0px 4px\" class=\"hierarchy\"/><td style=\"vertical-align: top; text-align : left; background-color: white; border: 0px #F0F0F0 solid; padding:0px 4px 0px 4px\" class=\"hierarchy\"><a href=\"http://hl7.org/fhir/R4/datatypes.html#Dosage\">Dosage</a></td><td style=\"vertical-align: top; text-align : left; background-color: white; border: 0px #F0F0F0 solid; padding:0px 4px 0px 4px\" class=\"hierarchy\">Details of how medication is/was taken or should be taken</td></tr>\r\n<tr><td colspan=\"5\" class=\"hierarchy\"><br/><a href=\"http://hl7.org/fhir/R4/formats.html#table\" title=\"Legend for this format\"><img src=\"http://hl7.org/fhir/R4/help16.png\" alt=\"doco\" style=\"background-color: inherit\"/> Documentation for this format</a></td></tr></table></div>"},"url":"http://infoway-inforoute.ca/fhir/StructureDefinition/access-medicationstatement-clin","version":"0.1.0","name":"AccessMedicationStatement-Clin","title":"ACCESS MedicationStatement (Clinician) Profile","status":"draft","experimental":false,"date":"2019-03-21T00:00:00-04:00","publisher":"Canada Health Infoway","contact":[{"telecom":[{"system":"url","value":"http://infoway-inforoute.ca"}]}],"description":"Constraints on the MedicationStatement resource to reflect source data mappings for the ACCESS Health project. Focus of this profile is on display of medication statement information to clinician viewers.","fhirVersion":"4.0.0","mapping":[{"identity":"prince-edward-island-cerx","uri":"http://unknown.org/Prince Edward Island CeRX","name":"Prince Edward Island CeRX"},{"identity":"newfoundland-cerx","uri":"http://unknown.org/Newfoundland CeRX","name":"Newfoundland CeRX"},{"identity":"new-brunswick-cerx","uri":"http://unknown.org/New Brunswick CeRX","name":"New Brunswick CeRX"},{"identity":"nova-scotia-cerx","uri":"http://unknown.org/Nova Scotia CeRX","name":"Nova Scotia CeRX"},{"identity":"workflow","uri":"http://hl7.org/fhir/workflow","name":"Workflow Pattern"},{"identity":"rim","uri":"http://hl7.org/v3","name":"RIM Mapping"},{"identity":"w5","uri":"http://hl7.org/fhir/fivews","name":"FiveWs Pattern Mapping"},{"identity":"v2","uri":"http://hl7.org/v2","name":"HL7 v2 Mapping"}],"kind":"resource","abstract":false,"type":"MedicationStatement","baseDefinition":"http://hl7.org/fhir/StructureDefinition/MedicationStatement","derivation":"constraint","snapshot":{"element":[{"id":"MedicationStatement","path":"MedicationStatement","short":"ACCESS MedicationStatement (Clinician) Profile","definition":"A record of a medication that is being consumed by a patient.   A MedicationStatement may indicate that the patient may be taking the medication now or has taken the medication in the past or will be taking the medication in the future.  The source of this information can be the patient, significant other (such as a family member or spouse), or a clinician.  A common scenario where this information is captured is during the history taking process during a patient visit or stay.   The medication information may come from sources such as the patient's memory, from a prescription bottle,  or from a list of medications the patient, clinician or other party maintains. \n\nThe primary difference between a medication statement and a medication administration is that the medication administration has complete administration information and is based on actual administration information from the person who administered the medication.  A medication statement is often, if not always, less specific.  There is no required date/time when the medication was administered, in fact we only know that a source has reported the patient is taking this medication, where details such as time, quantity, or rate or even medication product may be incomplete or missing or less precise.  As stated earlier, the medication statement information may come from the patient's memory, from a prescription bottle or from a list of medications the patient, clinician or other party maintains.  Medication administration is more formal and is not missing detailed information.","comment":"When interpreting a medicationStatement, the value of the status and NotTaken needed to be considered:\rMedicationStatement.status + MedicationStatement.wasNotTaken\rStatus=Active + NotTaken=T = Not currently taking\rStatus=Completed + NotTaken=T = Not taken in the past\rStatus=Intended + NotTaken=T = No intention of taking\rStatus=Active + NotTaken=F = Taking, but not as prescribed\rStatus=Active + NotTaken=F = Taking\rStatus=Intended +NotTaken= F = Will be taking (not started)\rStatus=Completed + NotTaken=F = Taken in past\rStatus=In Error + NotTaken=N/A = In Error.","min":0,"max":"*","base":{"path":"MedicationStatement","min":0,"max":"*"},"constraint":[{"key":"dom-2","severity":"error","human":"If the resource is contained in another resource, it SHALL NOT contain nested Resources","expression":"contained.contained.empty()","xpath":"not(parent::f:contained and f:contained)","source":"DomainResource"},{"key":"dom-4","severity":"error","human":"If a resource is contained in another resource, it SHALL NOT have a meta.versionId or a meta.lastUpdated","expression":"contained.meta.versionId.empty() and contained.meta.lastUpdated.empty()","xpath":"not(exists(f:contained/*/f:meta/f:versionId)) and not(exists(f:contained/*/f:meta/f:lastUpdated))","source":"DomainResource"},{"key":"dom-3","severity":"error","human":"If the resource is contained in another resource, it SHALL be referred to from elsewhere in the resource or SHALL refer to the containing resource","expression":"contained.where((('#'+id in (%resource.descendants().reference | %resource.descendants().as(canonical) | %resource.descendants().as(uri) | %resource.descendants().as(url))) or descendants().where(reference = '#').exists() or descendants().where(as(canonical) = '#').exists() or descendants().where(as(canonical) = '#').exists()).not()).trace('unmatched', id).empty()","xpath":"not(exists(for $contained in f:contained return $contained[not(parent::*/descendant::f:reference/@value=concat('#', $contained/*/id/@value) or descendant::f:reference[@value='#'])]))","source":"DomainResource"},{"extension":[{"url":"http://hl7.org/fhir/StructureDefinition/elementdefinition-bestpractice","valueBoolean":true},{"url":"http://hl7.org/fhir/StructureDefinition/elementdefinition-bestpractice-explanation","valueMarkdown":"When a resource has no narrative, only systems that fully understand the data can display the resource to a human safely. Including a human readable representation in the resource makes for a much more robust eco-system and cheaper handling of resources by intermediary systems. Some ecosystems restrict distribution of resources to only those systems that do fully understand the resources, and as a consequence implementers may believe that the narrative is superfluous. However experience shows that such eco-systems often open up to new participants over time."}],"key":"dom-6","severity":"warning","human":"A resource should have narrative for robust management","expression":"text.div.exists()","xpath":"exists(f:text/h:div)","source":"DomainResource"},{"key":"dom-5","severity":"error","human":"If a resource is contained in another resource, it SHALL NOT have a security label","expression":"contained.meta.security.empty()","xpath":"not(exists(f:contained/*/f:meta/f:security))","source":"DomainResource"}],"mustSupport":false,"isModifier":false,"isSummary":false,"mapping":[{"identity":"rim","map":"Entity. Role, or Act"},{"identity":"workflow","map":"Event"},{"identity":"rim","map":"SubstanceAdministration"},{"identity":"prince-edward-island-cerx","map":"CeRX supports two specializations of MedicationRecord, each varies in supported data. Both mappings provided below: PORX_IN060400CA/PORX_MT060190CA/medicationRecord/combinedMedicationRequest    OR   PORX_IN060400CA/PORX_MT060190CA/medicationRecord/OtherMedication"},{"identity":"newfoundland-cerx","map":"CeRX supports two specializations of MedicationRecord, each varies in supported data. Both mappings provided below: PORX_IN060400CA/PORX_MT060190CA/medicationRecord/combinedMedicationRequest    OR   PORX_IN060400CA/PORX_MT060190CA/medicationRecord/OtherMedication"},{"identity":"new-brunswick-cerx","map":"NB does not currently support applicable CeRX Message Type(s)"},{"identity":"nova-scotia-cerx","map":"CeRX supports two specializations of MedicationRecord, each varies in supported data. Both mappings provided below: PORX_IN060400CA/PORX_MT060190CA/medicationRecord/combinedMedicationRequest    OR   PORX_IN060400CA/PORX_MT060190CA/medicationRecord/OtherMedication"}]},{"id":"MedicationStatement.id","path":"MedicationStatement.id","short":"Logical id of this artifact","definition":"The logical id of the resource, as used in the URL for the resource. Once assigned, this value never changes.","comment":"The only time that a resource does not have an id is when it is being submitted to the server using a create operation.","min":0,"max":"1","base":{"path":"Resource.id","min":0,"max":"1"},"type":[{"code":"id"}],"isModifier":false,"isSummary":true},{"id":"MedicationStatement.meta","path":"MedicationStatement.meta","short":"Metadata about the resource","definition":"The metadata about the resource. This is content that is maintained by the infrastructure. Changes to the content might not always be associated with version changes to the resource.","min":0,"max":"1","base":{"path":"Resource.meta","min":0,"max":"1"},"type":[{"code":"Meta"}],"isModifier":false,"isSummary":true},{"id":"MedicationStatement.implicitRules","path":"MedicationStatement.implicitRules","short":"A set of rules under which this content was created","definition":"A reference to a set of rules that were followed when the resource was constructed, and which must be understood when processing the content. Often, this is a reference to an implementation guide that defines the special rules along with other profiles etc.","comment":"Asserting this rule set restricts the content to be only understood by a limited set of trading partners. This inherently limits the usefulness of the data in the long term. However, the existing health eco-system is highly fractured, and not yet ready to define, collect, and exchange data in a generally computable sense. Wherever possible, implementers and/or specification writers should avoid using this element. Often, when used, the URL is a reference to an implementation guide that defines these special rules as part of it's narrative along with other profiles, value sets, etc.","min":0,"max":"1","base":{"path":"Resource.implicitRules","min":0,"max":"1"},"type":[{"code":"uri"}],"isModifier":true,"isModifierReason":"This element is labeled as a modifier because the implicit rules may provide additional knowledge about the resource that modifies it's meaning or interpretation","isSummary":true},{"id":"MedicationStatement.language","path":"MedicationStatement.language","short":"Language of the resource content","definition":"The base language in which the resource is written.","comment":"Language is provided to support indexing and accessibility (typically, services such as text to speech use the language tag). The html language tag in the narrative applies  to the narrative. The language tag on the resource may be used to specify the language of other presentations generated from the data in the resource. Not all the content has to be in the base language. The Resource.language should not be assumed to apply to the narrative automatically. If a language is specified, it should it also be specified on the div element in the html (see rules in HTML5 for information about the relationship between xml:lang and the html lang attribute).","min":0,"max":"1","base":{"path":"Resource.language","min":0,"max":"1"},"type":[{"code":"code"}],"isModifier":false,"isSummary":false,"binding":{"extension":[{"url":"http://hl7.org/fhir/StructureDefinition/elementdefinition-maxValueSet","valueCanonical":"http://hl7.org/fhir/ValueSet/all-languages"},{"url":"http://hl7.org/fhir/StructureDefinition/elementdefinition-bindingName","valueString":"Language"},{"url":"http://hl7.org/fhir/StructureDefinition/elementdefinition-isCommonBinding","valueBoolean":true}],"strength":"preferred","description":"A human language.","valueSet":"http://hl7.org/fhir/ValueSet/languages"}},{"id":"MedicationStatement.text","path":"MedicationStatement.text","short":"Text summary of the resource, for human interpretation","definition":"A human-readable narrative that contains a summary of the resource and can be used to represent the content of the resource to a human. The narrative need not encode all the structured data, but is required to contain sufficient detail to make it \"clinically safe\" for a human to just read the narrative. Resource definitions may define what content should be represented in the narrative to ensure clinical safety.","comment":"Contained resources do not have narrative. Resources that are not contained SHOULD have a narrative. In some cases, a resource may only have text with little or no additional discrete data (as long as all minOccurs=1 elements are satisfied).  This may be necessary for data from legacy systems where information is captured as a \"text blob\" or where text is additionally entered raw or narrated and encoded information is added later.","alias":["narrative","html","xhtml","display"],"min":0,"max":"1","base":{"path":"DomainResource.text","min":0,"max":"1"},"type":[{"code":"Narrative"}],"isModifier":false,"isSummary":false,"mapping":[{"identity":"rim","map":"Act.text?"}]},{"id":"MedicationStatement.contained","path":"MedicationStatement.contained","short":"Contained, inline Resources","definition":"These resources do not have an independent existence apart from the resource that contains them - they cannot be identified independently, and nor can they have their own independent transaction scope.","comment":"This should never be done when the content can be identified properly, as once identification is lost, it is extremely difficult (and context dependent) to restore it again. Contained resources may have profiles and tags In their meta elements, but SHALL NOT have security labels.","alias":["inline resources","anonymous resources","contained resources"],"min":0,"max":"*","base":{"path":"DomainResource.contained","min":0,"max":"*"},"type":[{"code":"Resource"}],"isModifier":false,"isSummary":false,"mapping":[{"identity":"rim","map":"N/A"}]},{"id":"MedicationStatement.extension","path":"MedicationStatement.extension","short":"Additional content defined by implementations","definition":"May be used to represent additional information that is not part of the basic definition of the resource. To make the use of extensions safe and manageable, there is a strict set of governance  applied to the definition and use of extensions. Though any implementer can define an extension, there is a set of requirements that SHALL be met as part of the definition of the extension.","comment":"There can be no stigma associated with the use of extensions by any application, project, or standard - regardless of the institution or jurisdiction that uses or defines the extensions.  The use of extensions is what allows the FHIR specification to retain a core level of simplicity for everyone.","alias":["extensions","user content"],"min":0,"max":"*","base":{"path":"DomainResource.extension","min":0,"max":"*"},"type":[{"code":"Extension"}],"isModifier":false,"isSummary":false,"mapping":[{"identity":"rim","map":"N/A"}]},{"id":"MedicationStatement.modifierExtension","path":"MedicationStatement.modifierExtension","short":"Extensions that cannot be ignored","definition":"May be used to represent additional information that is not part of the basic definition of the resource and that modifies the understanding of the element that contains it and/or the understanding of the containing element's descendants. Usually modifier elements provide negation or qualification. To make the use of extensions safe and manageable, there is a strict set of governance applied to the definition and use of extensions. Though any implementer is allowed to define an extension, there is a set of requirements that SHALL be met as part of the definition of the extension. Applications processing a resource are required to check for modifier extensions.\n\nModifier extensions SHALL NOT change the meaning of any elements on Resource or DomainResource (including cannot change the meaning of modifierExtension itself).","comment":"There can be no stigma associated with the use of extensions by any application, project, or standard - regardless of the institution or jurisdiction that uses or defines the extensions.  The use of extensions is what allows the FHIR specification to retain a core level of simplicity for everyone.","requirements":"Modifier extensions allow for extensions that *cannot* be safely ignored to be clearly distinguished from the vast majority of extensions which can be safely ignored.  This promotes interoperability by eliminating the need for implementers to prohibit the presence of extensions. For further information, see the [definition of modifier extensions](http://hl7.org/fhir/R4/extensibility.html#modifierExtension).","alias":["extensions","user content"],"min":0,"max":"*","base":{"path":"DomainResource.modifierExtension","min":0,"max":"*"},"type":[{"code":"Extension"}],"isModifier":true,"isModifierReason":"Modifier extensions are expected to modify the meaning or interpretation of the resource that contains them","isSummary":false,"mapping":[{"identity":"rim","map":"N/A"}]},{"id":"MedicationStatement.identifier","path":"MedicationStatement.identifier","short":"External identifier","definition":"Identifiers associated with this Medication Statement that are defined by business processes and/or used to refer to it when a direct URL reference to the resource itself is not appropriate. They are business identifiers assigned to this resource by the performer or other systems and remain constant as the resource is updated and propagates from server to server.","comment":"This is a business identifier, not a resource identifier.","min":0,"max":"*","base":{"path":"MedicationStatement.identifier","min":0,"max":"*"},"type":[{"code":"Identifier"}],"mustSupport":false,"isModifier":false,"isSummary":true,"mapping":[{"identity":"workflow","map":"Event.identifier"},{"identity":"w5","map":"FiveWs.identifier"},{"identity":"rim","map":".id"},{"identity":"prince-edward-island-cerx","map":"PORX_IN060400CA/PORX_MT060190CA/medicationRecord/combinedMedicationRequest/id"},{"identity":"newfoundland-cerx","map":"PORX_IN060400CA/PORX_MT060190CA/medicationRecord/combinedMedicationRequest/id"},{"identity":"nova-scotia-cerx","map":"PORX_IN060400CA/PORX_MT060190CA/medicationRecord/combinedMedicationRequest/id"}]},{"id":"MedicationStatement.basedOn","path":"MedicationStatement.basedOn","short":"Fulfils plan, proposal or order","definition":"A plan, proposal or order that is fulfilled in whole or in part by this event.","requirements":"Allows tracing of authorization for the event and tracking whether proposals/recommendations were acted upon.","min":0,"max":"*","base":{"path":"MedicationStatement.basedOn","min":0,"max":"*"},"type":[{"code":"Reference","targetProfile":["http://hl7.org/fhir/StructureDefinition/MedicationRequest","http://hl7.org/fhir/StructureDefinition/CarePlan","http://hl7.org/fhir/StructureDefinition/ServiceRequest"]}],"isModifier":false,"isSummary":true,"mapping":[{"identity":"workflow","map":"Event.basedOn"},{"identity":"rim","map":".outboundRelationship[typeCode=FLFS].target[classCode=SBADM or PROC or PCPR or OBS, moodCode=RQO orPLAN or PRP]"}]},{"id":"MedicationStatement.partOf","path":"MedicationStatement.partOf","short":"Part of referenced event","definition":"A larger event of which this particular event is a component or step.","requirements":"This should not be used when indicating which resource a MedicationStatement has been derived from.  If that is the use case, then MedicationStatement.derivedFrom should be used.","min":0,"max":"*","base":{"path":"MedicationStatement.partOf","min":0,"max":"*"},"type":[{"code":"Reference","targetProfile":["http://hl7.org/fhir/StructureDefinition/MedicationAdministration","http://hl7.org/fhir/StructureDefinition/MedicationDispense","http://hl7.org/fhir/StructureDefinition/MedicationStatement","http://hl7.org/fhir/StructureDefinition/Procedure","http://hl7.org/fhir/StructureDefinition/Observation"]}],"isModifier":false,"isSummary":true,"mapping":[{"identity":"workflow","map":"Event.partOf"},{"identity":"rim","map":".outboundRelationship[typeCode=COMP]/target[classCode=SPLY or SBADM or PROC or OBS,moodCode=EVN]"}]},{"id":"MedicationStatement.status","path":"MedicationStatement.status","short":"active | completed | entered-in-error | intended | stopped | on-hold | unknown | not-taken | normal | aborted | cancelled  | held | new | suspended | nullified | obsolete","definition":"A code representing the patient or other source's judgment about the state of the medication used that this statement is about.  Generally, this will be active or completed.","comment":"This element is labeled as a modifier because the status contains codes that mark the resource as not currently valid. Atlantic Implementors need to be aware that the Act Status Codes recommended by CeRX only partially match the codes to the MedicationRequest status (required) value set.","min":1,"max":"1","base":{"path":"MedicationStatement.status","min":1,"max":"1"},"type":[{"code":"code"}],"example":[{"label":"General","valueCode":"ACTIVE"}],"mustSupport":true,"isModifier":true,"isModifierReason":"This element is labelled as a modifier because it is a status element that contains status entered-in-error which means that the resource should not be treated as valid","isSummary":true,"binding":{"strength":"required","description":"MedicationStatement Status Codes","valueSet":"http://hl7.org/fhir/ValueSet/medication-statement-status"},"mapping":[{"identity":"workflow","map":"Event.status"},{"identity":"w5","map":"FiveWs.status"},{"identity":"rim","map":".statusCode"},{"identity":"prince-edward-island-cerx","map":"PORX_IN060400CA/PORX_MT060190CA/medicationRecord/combinedMedicationRequest/statusCode"},{"identity":"newfoundland-cerx","map":"PORX_IN060400CA/PORX_MT060190CA/medicationRecord/combinedMedicationRequest/statusCode"},{"identity":"nova-scotia-cerx","map":"PORX_IN060400CA/PORX_MT060190CA/medicationRecord/combinedMedicationRequest/statusCode"}]},{"id":"MedicationStatement.statusReason","path":"MedicationStatement.statusReason","short":"Reason for current status","definition":"Captures the reason for the current state of the MedicationStatement.","comment":"This is generally only used for \"exception\" statuses such as \"not-taken\", \"on-hold\", \"cancelled\" or \"entered-in-error\". The reason for performing the event at all is captured in reasonCode, not here.","min":0,"max":"*","base":{"path":"MedicationStatement.statusReason","min":0,"max":"*"},"type":[{"code":"CodeableConcept"}],"isModifier":false,"isSummary":false,"binding":{"extension":[{"url":"http://hl7.org/fhir/StructureDefinition/elementdefinition-bindingName","valueString":"MedicationStatementStatusReason"}],"strength":"example","description":"A coded concept indicating the reason for the status of the statement.","valueSet":"http://hl7.org/fhir/ValueSet/reason-medication-status-codes"},"mapping":[{"identity":"workflow","map":"Event.statusReason"},{"identity":"rim","map":".inboundRelationship[typeCode=SUBJ].source[classCode=CACT, moodCode=EVN].reasonCOde"}]},{"id":"MedicationStatement.category","path":"MedicationStatement.category","short":"Type of medication usage","definition":"Indicates where the medication is expected to be consumed or administered.","min":0,"max":"1","base":{"path":"MedicationStatement.category","min":0,"max":"1"},"type":[{"code":"CodeableConcept"}],"isModifier":false,"isSummary":true,"binding":{"extension":[{"url":"http://hl7.org/fhir/StructureDefinition/elementdefinition-bindingName","valueString":"MedicationStatementCategory"}],"strength":"preferred","description":"A coded concept identifying where the medication included in the MedicationStatement is expected to be consumed or administered.","valueSet":"http://hl7.org/fhir/ValueSet/medication-statement-category"},"mapping":[{"identity":"w5","map":"FiveWs.class"},{"identity":"rim","map":".inboundRelationship[typeCode=COMP].source[classCode=OBS, moodCode=EVN, code=\"type of medication usage\"].value"}]},{"id":"MedicationStatement.medication[x]","path":"MedicationStatement.medication[x]","short":"What medication was taken","definition":"Identifies the medication being administered. This is either a link to a resource representing the details of the medication or a simple attribute carrying a code that identifies the medication from a known list of medications.","comment":"If only a code is specified, then it needs to be a code for a specific product. If more information is required, then the use of the Medication resource is recommended. For example, if you require form or lot number or if the medication is compounded or extemporaneously prepared, then you must reference the Medication resource.\n\nImplementors need to be aware that the medication codes utilized by the source DIS will likely come from the Clinical Drug CeRX value set (https://infocentral.infoway-inforoute.ca/extra/ns/cerx43-html/html/vocabulary.html?type=vs&id=ClinicalDrug) which draws in codes from various other code systems (HC-DIN, HC-NPN, HC-AIGC, etc.). There is currently no equivilant FHIR value set that supports this superset to recommend when binding.","min":1,"max":"1","base":{"path":"MedicationStatement.medication[x]","min":1,"max":"1"},"type":[{"code":"CodeableConcept"},{"code":"Reference","targetProfile":["http://hl7.org/fhir/ca/core/StructureDefinition/profile-medication"]}],"mustSupport":true,"isModifier":false,"isSummary":true,"binding":{"strength":"preferred","description":"Canadian Clinical Drug Data (CCDD) Medicinal Products","valueSet":"https://fhir.infoway-inforoute.ca/ValueSet/prescriptionmedicinalproduct"},"mapping":[{"identity":"workflow","map":"Event.code"},{"identity":"w5","map":"FiveWs.what[x]"},{"identity":"rim","map":".participation[typeCode=CSM].role[classCode=ADMM or MANU]"},{"identity":"prince-edward-island-cerx","map":"PORX_IN060400CA/PORX_MT060190CA/medicationRecord/combinedMedicationRequest/directTarget/COCT_MT220110CA/medication/player"},{"identity":"newfoundland-cerx","map":"PORX_IN060400CA/PORX_MT060190CA/medicationRecord/combinedMedicationRequest/directTarget/COCT_MT220110CA/medication/player"},{"identity":"nova-scotia-cerx","map":"PORX_IN060400CA/PORX_MT060190CA/medicationRecord/combinedMedicationRequest/directTarget/COCT_MT220110CA/medication/player"}]},{"id":"MedicationStatement.subject","path":"MedicationStatement.subject","short":"Who is/was taking the medication","definition":"The person, animal or group who is/was taking the medication.","min":1,"max":"1","base":{"path":"MedicationStatement.subject","min":1,"max":"1"},"type":[{"code":"Reference","targetProfile":["http://hl7.org/fhir/ca/core/StructureDefinition/profile-patient"]}],"mustSupport":true,"isModifier":false,"isSummary":true,"mapping":[{"identity":"workflow","map":"Event.subject"},{"identity":"w5","map":"FiveWs.subject[x]"},{"identity":"v2","map":"PID-3-Patient ID List"},{"identity":"rim","map":".participation[typeCode=SBJ].role[classCode=PAT]"},{"identity":"w5","map":"FiveWs.subject"},{"identity":"prince-edward-island-cerx","map":"PORX_IN060400CA/PORX_MT060190CA/medicationRecord/combinedMedicationRequest/subject/COCT_MT050203CA/patient/id"},{"identity":"newfoundland-cerx","map":"PORX_IN060400CA/PORX_MT060190CA/medicationRecord/combinedMedicationRequest/subject/COCT_MT050203CA/patient/id"},{"identity":"nova-scotia-cerx","map":"PORX_IN060400CA/PORX_MT060190CA/medicationRecord/combinedMedicationRequest/subject/COCT_MT050203CA/patient/id"}]},{"id":"MedicationStatement.context","path":"MedicationStatement.context","short":"Encounter / Episode associated with MedicationStatement","definition":"The encounter or episode of care that establishes the context for this MedicationStatement.","min":0,"max":"1","base":{"path":"MedicationStatement.context","min":0,"max":"1"},"type":[{"code":"Reference","targetProfile":["http://hl7.org/fhir/StructureDefinition/Encounter","http://hl7.org/fhir/StructureDefinition/EpisodeOfCare"]}],"isModifier":false,"isSummary":true,"mapping":[{"identity":"workflow","map":"Event.context"},{"identity":"rim","map":".inboundRelationship[typeCode=COMP].source[classCode=ENC, moodCode=EVN, code=\"type of encounter or episode\"]"}]},{"id":"MedicationStatement.effective[x]","path":"MedicationStatement.effective[x]","short":"The date/time or intervel when the medication is/was/will be taken","definition":"The interval of time during which it is being asserted that the patient is/was/will be taking the medication (or was not taking, when the MedicationStatement.taken element is No).","comment":"This attribute reflects the period over which the patient consumed the medication and is expected to be populated on the majority of Medication Statements. If the medication is still being taken at the time the statement is recorded, the \"end\" date will be omitted.  The date/time attribute supports a variety of dates - year, year/month and exact date.  If something more than this is required, this should be conveyed as text.","min":0,"max":"1","base":{"path":"MedicationStatement.effective[x]","min":0,"max":"1"},"type":[{"code":"dateTime"},{"code":"Period"}],"mustSupport":true,"isModifier":false,"isSummary":true,"mapping":[{"identity":"workflow","map":"Event.occurrence[x]"},{"identity":"w5","map":"FiveWs.done[x]"},{"identity":"rim","map":".effectiveTime"},{"identity":"prince-edward-island-cerx","map":"PORX_IN060400CA/PORX_MT060190CA/medicationRecord/combinedMedicationRequest/fulfillment2/supplyEventFirstSummary/effectiveTime, INCLUDE End Date PORX_IN060400CA/PORX_MT060190CA/medicationRecord/combinedMedicationRequest/fulfillment3/supplyEventLastSummary/effectiveTime (if medication is no longer active) OR if OTC medication: PORX_IN060400CA/PORX_MT060190CA/medicationRecord/otherMedication/effectiveTime"},{"identity":"newfoundland-cerx","map":"PORX_IN060400CA/PORX_MT060190CA/medicationRecord/combinedMedicationRequest/fulfillment2/supplyEventFirstSummary/effectiveTime, INCLUDE End Date PORX_IN060400CA/PORX_MT060190CA/medicationRecord/combinedMedicationRequest/fulfillment3/supplyEventLastSummary/effectiveTime (if medication is no longer active) OR if OTC medication: PORX_IN060400CA/PORX_MT060190CA/medicationRecord/otherMedication/effectiveTime"},{"identity":"nova-scotia-cerx","map":"PORX_IN060400CA/PORX_MT060190CA/medicationRecord/combinedMedicationRequest/fulfillment2/supplyEventFirstSummary/effectiveTime, INCLUDE End Date PORX_IN060400CA/PORX_MT060190CA/medicationRecord/combinedMedicationRequest/fulfillment3/supplyEventLastSummary/effectiveTime (if medication is no longer active) OR if OTC medication: PORX_IN060400CA/PORX_MT060190CA/medicationRecord/otherMedication/effectiveTime"}]},{"id":"MedicationStatement.dateAsserted","path":"MedicationStatement.dateAsserted","short":"When the statement was asserted","definition":"The date when the medication statement was asserted by the information source.","min":0,"max":"1","base":{"path":"MedicationStatement.dateAsserted","min":0,"max":"1"},"type":[{"code":"dateTime"}],"mustSupport":true,"isModifier":false,"isSummary":true,"mapping":[{"identity":"w5","map":"FiveWs.recorded"},{"identity":"rim","map":".participation[typeCode=AUT].time"},{"identity":"prince-edward-island-cerx","map":"One potential but not semantically airtight mapping is PORX_IN060400CA/MCCI_MT000300CA/creationTime"},{"identity":"newfoundland-cerx","map":"One potential but not semantically airtight mapping is PORX_IN060400CA/MCCI_MT000300CA/creationTime"},{"identity":"nova-scotia-cerx","map":"One potential but not semantically airtight mapping is PORX_IN060400CA/MCCI_MT000300CA/creationTime"}]},{"id":"MedicationStatement.informationSource","path":"MedicationStatement.informationSource","short":"Person or organization that provided the information about the taking of this medication","definition":"The person or organization that provided the information about the taking of this medication. Note: Use derivedFrom when a MedicationStatement is derived from other resources, e.g. Claim or MedicationRequest.","min":0,"max":"1","base":{"path":"MedicationStatement.informationSource","min":0,"max":"1"},"type":[{"code":"Reference","targetProfile":["http://hl7.org/fhir/StructureDefinition/Patient","http://hl7.org/fhir/StructureDefinition/Practitioner","http://hl7.org/fhir/StructureDefinition/PractitionerRole","http://hl7.org/fhir/StructureDefinition/RelatedPerson","http://hl7.org/fhir/StructureDefinition/Organization"]}],"mustSupport":true,"isModifier":false,"isSummary":false,"mapping":[{"identity":"w5","map":"FiveWs.source"},{"identity":"rim","map":".participation[typeCode=INF].role[classCode=PAT, or codes for Practioner or Related Person (if PAT is the informer, then syntax for self-reported =true)"},{"identity":"prince-edward-island-cerx","map":"PORX_IN060400CA/PORX_MT060190CA/medicationRecord/combinedMedicationRequest/author/COCT_MT090107CA/assignedPerson"},{"identity":"newfoundland-cerx","map":"PORX_IN060400CA/PORX_MT060190CA/medicationRecord/combinedMedicationRequest/author/COCT_MT090107CA/assignedPerson"},{"identity":"nova-scotia-cerx","map":"PORX_IN060400CA/PORX_MT060190CA/medicationRecord/combinedMedicationRequest/author/COCT_MT090107CA/assignedPerson"}]},{"id":"MedicationStatement.derivedFrom","path":"MedicationStatement.derivedFrom","short":"Additional supporting information","definition":"Allows linking the MedicationStatement to the underlying MedicationRequest, or to other information that supports or is used to derive the MedicationStatement.","comment":"Likely references would be to MedicationRequest, MedicationDispense, Claim, Observation or QuestionnaireAnswers.  The most common use cases for deriving a MedicationStatement comes from creating a MedicationStatement from a MedicationRequest or from a lab observation or a claim.  it should be noted that the amount of information that is available varies from the type resource that you derive the MedicationStatement from.","min":0,"max":"*","base":{"path":"MedicationStatement.derivedFrom","min":0,"max":"*"},"type":[{"code":"Reference","targetProfile":["http://hl7.org/fhir/StructureDefinition/Resource"]}],"isModifier":false,"isSummary":false,"mapping":[{"identity":"rim","map":".outboundRelationship[typeCode=SPRT]/target[classCode=ACT,moodCode=EVN]"}]},{"id":"MedicationStatement.reasonCode","path":"MedicationStatement.reasonCode","short":"Reason for why the medication is being/was taken","definition":"A reason for why the medication is being/was taken.","comment":"This could be a diagnosis code. If a full condition record exists or additional detail is needed, use reasonForUseReference.","min":0,"max":"*","base":{"path":"MedicationStatement.reasonCode","min":0,"max":"*"},"type":[{"code":"CodeableConcept"}],"mustSupport":true,"isModifier":false,"isSummary":false,"binding":{"strength":"example","description":"Condition/Problem/DiagnosisCodes","valueSet":"http://hl7.org/fhir/ValueSet/condition-code"},"mapping":[{"identity":"workflow","map":"Event.reasonCode"},{"identity":"w5","map":"FiveWs.why[x]"},{"identity":"rim","map":".reasonCode"},{"identity":"prince-edward-island-cerx","map":"PORX_IN060400CA/PORX_MT060190CA/medicationRecord/combinedMedicationRequest/reason/PORX_MT980050CA/indications/observationDiagnosis"},{"identity":"newfoundland-cerx","map":"PORX_IN060400CA/PORX_MT060190CA/medicationRecord/combinedMedicationRequest/reason/PORX_MT980050CA/indications/observationDiagnosis"},{"identity":"nova-scotia-cerx","map":"PORX_IN060400CA/PORX_MT060190CA/medicationRecord/combinedMedicationRequest/reason/PORX_MT980050CA/indications/observationDiagnosis"}]},{"id":"MedicationStatement.reasonCode.id","path":"MedicationStatement.reasonCode.id","representation":["xmlAttr"],"short":"Unique id for inter-element referencing","definition":"Unique id for the element within a resource (for internal references). This may be any string value that does not contain spaces.","min":0,"max":"1","base":{"path":"Element.id","min":0,"max":"1"},"type":[{"code":"string"}],"isModifier":false,"isSummary":false,"mapping":[{"identity":"rim","map":"n/a"}]},{"id":"MedicationStatement.reasonCode.extension","path":"MedicationStatement.reasonCode.extension","slicing":{"discriminator":[{"type":"value","path":"url"}],"description":"Extensions are always sliced by (at least) url","rules":"open"},"short":"Additional content defined by implementations","definition":"May be used to represent additional information that is not part of the basic definition of the element. To make the use of extensions safe and manageable, there is a strict set of governance  applied to the definition and use of extensions. Though any implementer can define an extension, there is a set of requirements that SHALL be met as part of the definition of the extension.","comment":"There can be no stigma associated with the use of extensions by any application, project, or standard - regardless of the institution or jurisdiction that uses or defines the extensions.  The use of extensions is what allows the FHIR specification to retain a core level of simplicity for everyone.","alias":["extensions","user content"],"min":0,"max":"*","base":{"path":"Element.extension","min":0,"max":"*"},"type":[{"code":"Extension"}],"isModifier":false,"isSummary":false,"mapping":[{"identity":"rim","map":"n/a"}]},{"id":"MedicationStatement.reasonCode.coding","path":"MedicationStatement.reasonCode.coding","short":"Code defined by a terminology system","definition":"A reference to a code defined by a terminology system.","comment":"Codes may be defined very casually in enumerations, or code lists, up to very formal definitions such as SNOMED CT - see the HL7 v3 Core Principles for more information.  Ordering of codings is undefined and SHALL NOT be used to infer meaning. Generally, at most only one of the coding values will be labeled as UserSelected = true.","requirements":"Allows for alternative encodings within a code system, and translations to other code systems.","min":0,"max":"*","base":{"path":"CodeableConcept.coding","min":0,"max":"*"},"type":[{"code":"Coding"}],"isModifier":false,"isSummary":true,"mapping":[{"identity":"v2","map":"C*E.1-8, C*E.10-22"},{"identity":"rim","map":"union(., ./translation)"},{"identity":"orim","map":"fhir:CodeableConcept.coding rdfs:subPropertyOf dt:CD.coding"}]},{"id":"MedicationStatement.reasonCode.text","extension":[{"url":"http://hl7.org/fhir/StructureDefinition/elementdefinition-translatable","valueBoolean":true}],"path":"MedicationStatement.reasonCode.text","short":"Plain text representation of the concept","definition":"A human language representation of the concept as seen/selected/uttered by the user who entered the data and/or which represents the intended meaning of the user.","comment":"Very often the text is the same as a displayName of one of the codings.","requirements":"The codes from the terminologies do not always capture the correct meaning with all the nuances of the human using them, or sometimes there is no appropriate code at all. In these cases, the text is used to capture the full meaning of the source.","min":0,"max":"1","base":{"path":"CodeableConcept.text","min":0,"max":"1"},"type":[{"code":"string"}],"isModifier":false,"isSummary":true,"mapping":[{"identity":"v2","map":"C*E.9. But note many systems use C*E.2 for this"},{"identity":"rim","map":"./originalText[mediaType/code=\"text/plain\"]/data"},{"identity":"orim","map":"fhir:CodeableConcept.text rdfs:subPropertyOf dt:CD.originalText"}]},{"id":"MedicationStatement.reasonReference","path":"MedicationStatement.reasonReference","short":"Condition or observation that supports why the medication is being/was taken","definition":"Condition or observation that supports why the medication is being/was taken.","comment":"This is a reference to a condition that is the reason why the medication is being/was taken.  If only a code exists, use reasonForUseCode.","min":0,"max":"*","base":{"path":"MedicationStatement.reasonReference","min":0,"max":"*"},"type":[{"code":"Reference","targetProfile":["http://hl7.org/fhir/StructureDefinition/Condition","http://hl7.org/fhir/StructureDefinition/Observation","http://hl7.org/fhir/StructureDefinition/DiagnosticReport"]}],"isModifier":false,"isSummary":false,"mapping":[{"identity":"workflow","map":"Event.reasonReference"},{"identity":"w5","map":"FiveWs.why[x]"},{"identity":"rim","map":".outboundRelationship[typeCode=RSON]/target[classCode=OBS,moodCode=EVN, code=\"reason for use\"].value"}]},{"id":"MedicationStatement.note","path":"MedicationStatement.note","short":"Further information about the statement","definition":"Provides extra information about the medication statement that is not conveyed by the other attributes.","min":0,"max":"*","base":{"path":"MedicationStatement.note","min":0,"max":"*"},"type":[{"code":"Annotation"}],"isModifier":false,"isSummary":false,"mapping":[{"identity":"workflow","map":"Event.note"},{"identity":"rim","map":".inboundRelationship[typeCode=SUBJ]/source[classCode=OBS,moodCode=EVN,code=\"annotation\"].value"}]},{"id":"MedicationStatement.dosage","path":"MedicationStatement.dosage","short":"Details of how medication is/was taken or should be taken","definition":"Indicates how the medication is/was or should be taken by the patient.","comment":"The dates included in the dosage on a Medication Statement reflect the dates for a given dose.  For example, \"from November 1, 2016 to November 3, 2016, take one tablet daily and from November 4, 2016 to November 7, 2016, take two tablets daily.\"  It is expected that this specificity may only be populated where the patient brings in their labeled container or where the Medication Statement is derived from a MedicationRequest.","min":0,"max":"*","base":{"path":"MedicationStatement.dosage","min":0,"max":"*"},"type":[{"code":"Dosage"}],"mustSupport":false,"isModifier":false,"isSummary":false,"mapping":[{"identity":"rim","map":"refer dosageInstruction mapping"},{"identity":"prince-edward-island-cerx","map":"PORX_IN060400CA/PORX_MT060190CA/medicationRecord/combinedMedicationRequest/component1/administrationInstructions/text"},{"identity":"newfoundland-cerx","map":"PORX_IN060400CA/PORX_MT060190CA/medicationRecord/combinedMedicationRequest/component1/administrationInstructions/text"},{"identity":"nova-scotia-cerx","map":"PORX_IN060400CA/PORX_MT060190CA/medicationRecord/combinedMedicationRequest/component1/administrationInstructions/text"}]}]},"differential":{"element":[{"id":"MedicationStatement","path":"MedicationStatement","short":"ACCESS MedicationStatement (Clinician) Profile","mustSupport":false,"isModifier":false,"mapping":[{"identity":"prince-edward-island-cerx","map":"CeRX supports two specializations of MedicationRecord, each varies in supported data. Both mappings provided below: PORX_IN060400CA/PORX_MT060190CA/medicationRecord/combinedMedicationRequest    OR   PORX_IN060400CA/PORX_MT060190CA/medicationRecord/OtherMedication"},{"identity":"newfoundland-cerx","map":"CeRX supports two specializations of MedicationRecord, each varies in supported data. Both mappings provided below: PORX_IN060400CA/PORX_MT060190CA/medicationRecord/combinedMedicationRequest    OR   PORX_IN060400CA/PORX_MT060190CA/medicationRecord/OtherMedication"},{"identity":"new-brunswick-cerx","map":"NB does not currently support applicable CeRX Message Type(s)"},{"identity":"nova-scotia-cerx","map":"CeRX supports two specializations of MedicationRecord, each varies in supported data. Both mappings provided below: PORX_IN060400CA/PORX_MT060190CA/medicationRecord/combinedMedicationRequest    OR   PORX_IN060400CA/PORX_MT060190CA/medicationRecord/OtherMedication"}]},{"id":"MedicationStatement.identifier","path":"MedicationStatement.identifier","short":"External identifier","type":[{"code":"Identifier"}],"mustSupport":false,"isModifier":false,"mapping":[{"identity":"prince-edward-island-cerx","map":"PORX_IN060400CA/PORX_MT060190CA/medicationRecord/combinedMedicationRequest/id"},{"identity":"newfoundland-cerx","map":"PORX_IN060400CA/PORX_MT060190CA/medicationRecord/combinedMedicationRequest/id"},{"identity":"nova-scotia-cerx","map":"PORX_IN060400CA/PORX_MT060190CA/medicationRecord/combinedMedicationRequest/id"}]},{"id":"MedicationStatement.status","path":"MedicationStatement.status","short":"active | completed | entered-in-error | intended | stopped | on-hold | unknown | not-taken | normal | aborted | cancelled  | held | new | suspended | nullified | obsolete","comment":"This element is labeled as a modifier because the status contains codes that mark the resource as not currently valid. Atlantic Implementors need to be aware that the Act Status Codes recommended by CeRX only partially match the codes to the MedicationRequest status (required) value set.","type":[{"code":"code"}],"example":[{"label":"General","valueCode":"ACTIVE"}],"mustSupport":true,"isModifier":false,"binding":{"strength":"required","description":"MedicationStatement Status Codes","valueSet":"http://hl7.org/fhir/ValueSet/medication-statement-status"},"mapping":[{"identity":"prince-edward-island-cerx","map":"PORX_IN060400CA/PORX_MT060190CA/medicationRecord/combinedMedicationRequest/statusCode"},{"identity":"newfoundland-cerx","map":"PORX_IN060400CA/PORX_MT060190CA/medicationRecord/combinedMedicationRequest/statusCode"},{"identity":"nova-scotia-cerx","map":"PORX_IN060400CA/PORX_MT060190CA/medicationRecord/combinedMedicationRequest/statusCode"}]},{"id":"MedicationStatement.medication[x]","path":"MedicationStatement.medication[x]","short":"What medication was taken","comment":"If only a code is specified, then it needs to be a code for a specific product. If more information is required, then the use of the Medication resource is recommended. For example, if you require form or lot number or if the medication is compounded or extemporaneously prepared, then you must reference the Medication resource.\n\nImplementors need to be aware that the medication codes utilized by the source DIS will likely come from the Clinical Drug CeRX value set (https://infocentral.infoway-inforoute.ca/extra/ns/cerx43-html/html/vocabulary.html?type=vs&id=ClinicalDrug) which draws in codes from various other code systems (HC-DIN, HC-NPN, HC-AIGC, etc.). There is currently no equivilant FHIR value set that supports this superset to recommend when binding.","type":[{"code":"CodeableConcept"},{"code":"Reference","targetProfile":["http://hl7.org/fhir/ca/core/StructureDefinition/profile-medication"]}],"mustSupport":true,"isModifier":false,"binding":{"strength":"preferred","description":"Canadian Clinical Drug Data (CCDD) Medicinal Products","valueSet":"https://fhir.infoway-inforoute.ca/ValueSet/prescriptionmedicinalproduct"},"mapping":[{"identity":"prince-edward-island-cerx","map":"PORX_IN060400CA/PORX_MT060190CA/medicationRecord/combinedMedicationRequest/directTarget/COCT_MT220110CA/medication/player"},{"identity":"newfoundland-cerx","map":"PORX_IN060400CA/PORX_MT060190CA/medicationRecord/combinedMedicationRequest/directTarget/COCT_MT220110CA/medication/player"},{"identity":"nova-scotia-cerx","map":"PORX_IN060400CA/PORX_MT060190CA/medicationRecord/combinedMedicationRequest/directTarget/COCT_MT220110CA/medication/player"}]},{"id":"MedicationStatement.subject","path":"MedicationStatement.subject","short":"Who is/was taking the medication","type":[{"code":"Reference","targetProfile":["http://hl7.org/fhir/ca/core/StructureDefinition/profile-patient"]}],"mustSupport":true,"isModifier":false,"mapping":[{"identity":"prince-edward-island-cerx","map":"PORX_IN060400CA/PORX_MT060190CA/medicationRecord/combinedMedicationRequest/subject/COCT_MT050203CA/patient/id"},{"identity":"newfoundland-cerx","map":"PORX_IN060400CA/PORX_MT060190CA/medicationRecord/combinedMedicationRequest/subject/COCT_MT050203CA/patient/id"},{"identity":"nova-scotia-cerx","map":"PORX_IN060400CA/PORX_MT060190CA/medicationRecord/combinedMedicationRequest/subject/COCT_MT050203CA/patient/id"}]},{"id":"MedicationStatement.effective[x]","path":"MedicationStatement.effective[x]","short":"The date/time or intervel when the medication is/was/will be taken","type":[{"code":"dateTime"},{"code":"Period"}],"mustSupport":true,"isModifier":false,"mapping":[{"identity":"prince-edward-island-cerx","map":"PORX_IN060400CA/PORX_MT060190CA/medicationRecord/combinedMedicationRequest/fulfillment2/supplyEventFirstSummary/effectiveTime, INCLUDE End Date PORX_IN060400CA/PORX_MT060190CA/medicationRecord/combinedMedicationRequest/fulfillment3/supplyEventLastSummary/effectiveTime (if medication is no longer active) OR if OTC medication: PORX_IN060400CA/PORX_MT060190CA/medicationRecord/otherMedication/effectiveTime"},{"identity":"newfoundland-cerx","map":"PORX_IN060400CA/PORX_MT060190CA/medicationRecord/combinedMedicationRequest/fulfillment2/supplyEventFirstSummary/effectiveTime, INCLUDE End Date PORX_IN060400CA/PORX_MT060190CA/medicationRecord/combinedMedicationRequest/fulfillment3/supplyEventLastSummary/effectiveTime (if medication is no longer active) OR if OTC medication: PORX_IN060400CA/PORX_MT060190CA/medicationRecord/otherMedication/effectiveTime"},{"identity":"nova-scotia-cerx","map":"PORX_IN060400CA/PORX_MT060190CA/medicationRecord/combinedMedicationRequest/fulfillment2/supplyEventFirstSummary/effectiveTime, INCLUDE End Date PORX_IN060400CA/PORX_MT060190CA/medicationRecord/combinedMedicationRequest/fulfillment3/supplyEventLastSummary/effectiveTime (if medication is no longer active) OR if OTC medication: PORX_IN060400CA/PORX_MT060190CA/medicationRecord/otherMedication/effectiveTime"}]},{"id":"MedicationStatement.dateAsserted","path":"MedicationStatement.dateAsserted","short":"When the statement was asserted","type":[{"code":"dateTime"}],"mustSupport":true,"isModifier":false,"mapping":[{"identity":"prince-edward-island-cerx","map":"One potential but not semantically airtight mapping is PORX_IN060400CA/MCCI_MT000300CA/creationTime"},{"identity":"newfoundland-cerx","map":"One potential but not semantically airtight mapping is PORX_IN060400CA/MCCI_MT000300CA/creationTime"},{"identity":"nova-scotia-cerx","map":"One potential but not semantically airtight mapping is PORX_IN060400CA/MCCI_MT000300CA/creationTime"}]},{"id":"MedicationStatement.informationSource","path":"MedicationStatement.informationSource","short":"Person or organization that provided the information about the taking of this medication","type":[{"code":"Reference","targetProfile":["http://hl7.org/fhir/StructureDefinition/Patient","http://hl7.org/fhir/StructureDefinition/Practitioner","http://hl7.org/fhir/StructureDefinition/PractitionerRole","http://hl7.org/fhir/StructureDefinition/RelatedPerson","http://hl7.org/fhir/StructureDefinition/Organization"]}],"mustSupport":true,"isModifier":false,"mapping":[{"identity":"prince-edward-island-cerx","map":"PORX_IN060400CA/PORX_MT060190CA/medicationRecord/combinedMedicationRequest/author/COCT_MT090107CA/assignedPerson"},{"identity":"newfoundland-cerx","map":"PORX_IN060400CA/PORX_MT060190CA/medicationRecord/combinedMedicationRequest/author/COCT_MT090107CA/assignedPerson"},{"identity":"nova-scotia-cerx","map":"PORX_IN060400CA/PORX_MT060190CA/medicationRecord/combinedMedicationRequest/author/COCT_MT090107CA/assignedPerson"}]},{"id":"MedicationStatement.reasonCode","path":"MedicationStatement.reasonCode","short":"Reason for why the medication is being/was taken","type":[{"code":"CodeableConcept"}],"mustSupport":true,"isModifier":false,"binding":{"strength":"example","description":"Condition/Problem/DiagnosisCodes","valueSet":"http://hl7.org/fhir/ValueSet/condition-code"},"mapping":[{"identity":"prince-edward-island-cerx","map":"PORX_IN060400CA/PORX_MT060190CA/medicationRecord/combinedMedicationRequest/reason/PORX_MT980050CA/indications/observationDiagnosis"},{"identity":"newfoundland-cerx","map":"PORX_IN060400CA/PORX_MT060190CA/medicationRecord/combinedMedicationRequest/reason/PORX_MT980050CA/indications/observationDiagnosis"},{"identity":"nova-scotia-cerx","map":"PORX_IN060400CA/PORX_MT060190CA/medicationRecord/combinedMedicationRequest/reason/PORX_MT980050CA/indications/observationDiagnosis"}]},{"id":"MedicationStatement.reasonCode.CodeableConcept.code","path":"MedicationStatement.reasonCode.CodeableConcept.code","short":"Symbol in syntax defined by the system","type":[{"code":"code"}],"mustSupport":false,"isModifier":false,"mapping":[{"identity":"prince-edward-island-cerx","map":"PORX_IN060400CA/PORX_MT060190CA/medicationRecord/combinedMedicationRequest/reason/PORX_MT980050CA/indications/observationDiagnosis/value"},{"identity":"newfoundland-cerx","map":"PORX_IN060400CA/PORX_MT060190CA/medicationRecord/combinedMedicationRequest/reason/PORX_MT980050CA/indications/observationDiagnosis/value"},{"identity":"nova-scotia-cerx","map":"PORX_IN060400CA/PORX_MT060190CA/medicationRecord/combinedMedicationRequest/reason/PORX_MT980050CA/indications/observationDiagnosis/value"}]},{"id":"MedicationStatement.reasonCode.CodeableConcept.display","path":"MedicationStatement.reasonCode.CodeableConcept.display","short":"Representation defined by the system","type":[{"code":"string"}],"mustSupport":false,"isModifier":false,"mapping":[{"identity":"prince-edward-island-cerx","map":"PORX_IN060400CA/PORX_MT060190CA/medicationRecord/combinedMedicationRequest/reason/PORX_MT980050CA/indications/observationDiagnosis/text"},{"identity":"newfoundland-cerx","map":"PORX_IN060400CA/PORX_MT060190CA/medicationRecord/combinedMedicationRequest/reason/PORX_MT980050CA/indications/observationDiagnosis/text"},{"identity":"nova-scotia-cerx","map":"PORX_IN060400CA/PORX_MT060190CA/medicationRecord/combinedMedicationRequest/reason/PORX_MT980050CA/indications/observationDiagnosis/text"}]},{"id":"MedicationStatement.reasonCode.CodeableConcept.system","path":"MedicationStatement.reasonCode.CodeableConcept.system","short":"Identity of the terminology system","type":[{"code":"uri"}],"mustSupport":false,"isModifier":false,"mapping":[{"identity":"prince-edward-island-cerx","map":"PORX_IN060400CA/PORX_MT060190CA/medicationRecord/combinedMedicationRequest/reason/PORX_MT980050CA/indications/observationDiagnosis"},{"identity":"newfoundland-cerx","map":"PORX_IN060400CA/PORX_MT060190CA/medicationRecord/combinedMedicationRequest/reason/PORX_MT980050CA/indications/observationDiagnosis"},{"identity":"nova-scotia-cerx","map":"PORX_IN060400CA/PORX_MT060190CA/medicationRecord/combinedMedicationRequest/reason/PORX_MT980050CA/indications/observationDiagnosis"}]},{"id":"MedicationStatement.reasonCode.CodeableConcept.text","path":"MedicationStatement.reasonCode.CodeableConcept.text","short":"Plain text representation of the concept","type":[{"code":"string"}],"mustSupport":false,"isModifier":false,"mapping":[{"identity":"prince-edward-island-cerx","map":"PORX_IN060400CA/PORX_MT060190CA/medicationRecord/combinedMedicationRequest/reason/PORX_MT980050CA/indications/observationDiagnosis/text"},{"identity":"newfoundland-cerx","map":"PORX_IN060400CA/PORX_MT060190CA/medicationRecord/combinedMedicationRequest/reason/PORX_MT980050CA/indications/observationDiagnosis/text"},{"identity":"nova-scotia-cerx","map":"PORX_IN060400CA/PORX_MT060190CA/medicationRecord/combinedMedicationRequest/reason/PORX_MT980050CA/indications/observationDiagnosis/text"}]},{"id":"MedicationStatement.dosage","path":"MedicationStatement.dosage","short":"Details of how medication is/was taken or should be taken","type":[{"code":"Dosage"}],"mustSupport":false,"isModifier":false,"mapping":[{"identity":"prince-edward-island-cerx","map":"PORX_IN060400CA/PORX_MT060190CA/medicationRecord/combinedMedicationRequest/component1/administrationInstructions/text"},{"identity":"newfoundland-cerx","map":"PORX_IN060400CA/PORX_MT060190CA/medicationRecord/combinedMedicationRequest/component1/administrationInstructions/text"},{"identity":"nova-scotia-cerx","map":"PORX_IN060400CA/PORX_MT060190CA/medicationRecord/combinedMedicationRequest/component1/administrationInstructions/text"}]}]}}