{
  "resourceType": "Observation",
  "id": "observation-gen-pat-example",
  "text": {
    "status": "generated",
    "div": "<div xmlns=\"http://www.w3.org/1999/xhtml\"><p><b>Generated Narrative with Details</b></p><p><b>id</b>: observation-gen-pat-example</p><p><b>identifier</b>: CBR2016ET0109:IA00002-R400.5000</p><p><b>status</b>: final</p><p><b>category</b>: Laboratory <span style=\"background: LightGoldenRodYellow\">(Details : {http://terminology.hl7.org/CodeSystem/observation-category code 'laboratory' = 'Laboratory', given as 'Laboratory'})</span></p><p><b>code</b>: THYROID STIMULATING HORMONE <span style=\"background: LightGoldenRodYellow\">(Details : {[not stated] code '400.5000' = '400.5000', given as 'THYROID STIMULATING HORMONE'})</span></p><p><b>subject</b>: <a href=\"Patient/CB00350415\">David Lab</a></p><p><b>effective</b>: Sep 1, 2016, 2:14:00 PM</p><p><b>value</b>: 1.60 mIU/L</p><p><b>interpretation</b>: Normal <span style=\"background: LightGoldenRodYellow\">(Details : {http://terminology.hl7.org/CodeSystem/v3-ObservationInterpretation code 'N' = 'Normal', given as 'Normal'})</span></p><p><b>specimen</b>: <a href=\"Specimen/CBR2016ET0109:IA00002R\">Specimen/CBR2016ET0109:IA00002R</a></p><h3>ReferenceRanges</h3><table class=\"grid\"><tr><td>-</td><td><b>AppliesTo</b></td><td><b>Text</b></td></tr><tr><td>*</td><td>An age-based population <span style=\"background: LightGoldenRodYellow\">(Details : {http://terminology.hl7.org/CodeSystem/v2-0080 code 'A' = 'An age-based population', given as 'An age-based population'})</span></td><td>0.3-5</td></tr></table></div>"
  },
  "identifier": [
    {
      "value": "CBR2016ET0109:IA00002-R400.5000"
    }
  ],
  "status": "final",
  "category": [
    {
      "coding": [
        {
          "system": "http://terminology.hl7.org/CodeSystem/observation-category",
          "code": "laboratory",
          "display": "Laboratory"
        }
      ]
    }
  ],
  "code": {
    "coding": [
      {
        "code": "400.5000",
        "display": "THYROID STIMULATING HORMONE"
      }
    ]
  },
  "subject": {
    "reference": "Patient/CB00350415",
    "display": "David Lab"
  },
  "effectiveDateTime": "2016-09-01T14:14:00-04:00",
  "valueQuantity": {
    "value": 1.60,
    "unit": "mIU/L",
    "system": "http://unitsofmeasure.org"
  },
  "interpretation": [
    {
      "coding": [
        {
          "system": "http://terminology.hl7.org/CodeSystem/v3-ObservationInterpretation",
          "code": "N",
          "display": "Normal"
        }
      ]
    }
  ],
  "specimen": {
    "reference": "Specimen/CBR2016ET0109:IA00002R"
  },
  "referenceRange": [
    {
      "appliesTo": [
        {
          "coding": [
            {
              "system": "http://terminology.hl7.org/CodeSystem/v2-0080",
              "code": "A",
              "display": "An age-based population"
            }
          ]
        },
        {
          "coding": [
            {
              "system": "http://terminology.hl7.org/CodeSystem/v2-0080",
              "code": "S",
              "display": "A sex-based population"
            }
          ]
        }
      ],
      "text": "0.3-5"
    }
  ]
}